warning: found both `a` and `α` as identifiers, which look alike
    --> /home/umesh/Projects/connector-private/oss/vac/crates/vac-core/src/vector.rs:272:14
     |
 272 |         let (α, β, γ, δ, ε) = if total > 0.0 {
     |              ^ this identifier can be confused with `a`
     |
    ::: /home/umesh/Projects/connector-private/oss/vac/crates/vac-core/src/types.rs:2617:62
     |
2617 |             let action_ok = leaf.allowed_actions.iter().any(|a| {
     |                                                              - other identifier used here
     |
     = note: `#[warn(confusable_idents)]` on by default

warning: found both `γ` and `y` as identifiers, which look alike
   --> /home/umesh/Projects/connector-private/oss/vac/crates/vac-core/src/fabric/index.rs:151:52
    |
151 |     let dot: f32 = a.iter().zip(b.iter()).map(|(x, y)| x * y).sum();
    |                                                    ^ this identifier can be confused with `γ`
    |
   ::: /home/umesh/Projects/connector-private/oss/vac/crates/vac-core/src/vector.rs:272:20
    |
272 |         let (α, β, γ, δ, ε) = if total > 0.0 {
    |                    - other identifier used here

warning: the usage of Script Group `Greek` in this crate consists solely of mixed script confusables
   --> /home/umesh/Projects/connector-private/oss/vac/crates/vac-core/src/vector.rs:272:14
    |
272 |         let (α, β, γ, δ, ε) = if total > 0.0 {
    |              ^
    |
    = note: the usage includes 'α' (U+03B1), 'β' (U+03B2), 'γ' (U+03B3), 'δ' (U+03B4), 'ε' (U+03B5)
    = note: please recheck to make sure their usages are indeed what you want
    = note: `#[warn(mixed_script_confusables)]` on by default

warning: unused imports: `Span` and `info_span`
  --> /home/umesh/Projects/connector-private/oss/vac/crates/vac-core/src/kernel.rs:17:27
   |
17 | use tracing::{instrument, info_span, Span};
   |                           ^^^^^^^^^  ^^^^
   |
   = note: `#[warn(unused_imports)]` (part of `#[warn(unused)]`) on by default

warning: unnecessary parentheses around type
   --> /home/umesh/Projects/connector-private/oss/vac/crates/vac-core/src/adaptive_scheduler.rs:459:29
    |
459 |     fn utilization(queue: &[(WorkloadProfile)]) -> f64 {
    |                             ^               ^
    |
    = note: `#[warn(unused_parens)]` (part of `#[warn(unused)]`) on by default
help: remove these parentheses
    |
459 -     fn utilization(queue: &[(WorkloadProfile)]) -> f64 {
459 +     fn utilization(queue: &[WorkloadProfile]) -> f64 {
    |

warning: unused import: `CgroupDecision`
  --> /home/umesh/Projects/connector-private/oss/vac/crates/vac-core/src/agent_evm.rs:55:33
   |
55 | use crate::cgroup_controllers::{CgroupDecision, CgroupHierarchy, CgroupLimits};
   |                                 ^^^^^^^^^^^^^^

warning: unused import: `ConditionStatus`
  --> /home/umesh/Projects/connector-private/oss/vac/crates/vac-core/src/cloud/hpa.rs:60:30
   |
60 | use super::spec::{Condition, ConditionStatus, ObjectMeta};
   |                              ^^^^^^^^^^^^^^^

warning: unused import: `ConditionStatus`
  --> /home/umesh/Projects/connector-private/oss/vac/crates/vac-core/src/cloud/service.rs:36:30
   |
36 | use super::spec::{Condition, ConditionStatus, ObjectMeta};
   |                              ^^^^^^^^^^^^^^^

warning: ambiguous glob re-exports
  --> /home/umesh/Projects/connector-private/oss/vac/crates/vac-core/src/cloud/mod.rs:74:9
   |
74 | pub use spec::*;
   |         ^^^^^^^ the name `IntOrString` in the type namespace is first re-exported here
...
79 | pub use service::*;
   |         ---------- but the name `IntOrString` in the type namespace is also re-exported here
   |
   = note: `#[warn(ambiguous_glob_reexports)]` on by default

warning: unused import: `BTreeMap`
  --> /home/umesh/Projects/connector-private/oss/vac/crates/vac-core/src/vfs.rs:13:24
   |
13 | use std::collections::{BTreeMap, HashMap};
   |                        ^^^^^^^^

warning: unused import: `std::sync::RwLock`
  --> /home/umesh/Projects/connector-private/oss/vac/crates/vac-core/src/kernel_arch.rs:13:5
   |
13 | use std::sync::RwLock;
   |     ^^^^^^^^^^^^^^^^^

warning: unused import: `std::net::IpAddr`
  --> /home/umesh/Projects/connector-private/oss/vac/crates/vac-core/src/abuse_detection.rs:12:5
   |
12 | use std::net::IpAddr;
   |     ^^^^^^^^^^^^^^^^

warning: use of deprecated unit variant `types::MemoryKernelOp::AgentStart`: Use AgentBoot for staged initialization with sandbox setup and health checks
   --> /home/umesh/Projects/connector-private/oss/vac/crates/vac-core/src/kernel.rs:987:29
    |
987 |             MemoryKernelOp::AgentStart => self.handle_agent_start(req, start),
    |                             ^^^^^^^^^^
    |
    = note: `#[warn(deprecated)]` on by default

warning: use of deprecated unit variant `types::MemoryKernelOp::ContextSnapshot`: Use AgentSuspend which handles context snapshot internally
    --> /home/umesh/Projects/connector-private/oss/vac/crates/vac-core/src/kernel.rs:1003:29
     |
1003 |             MemoryKernelOp::ContextSnapshot => self.handle_context_snapshot(req, start),
     |                             ^^^^^^^^^^^^^^^

warning: use of deprecated unit variant `types::MemoryKernelOp::ContextRestore`: Use AgentResume which handles context restore internally
    --> /home/umesh/Projects/connector-private/oss/vac/crates/vac-core/src/kernel.rs:1004:29
     |
1004 |             MemoryKernelOp::ContextRestore => self.handle_context_restore(req, start),
     |                             ^^^^^^^^^^^^^^

warning: use of deprecated unit variant `types::MemoryKernelOp::IndexRebuild`: Index rebuilding is now automatic; use IntegrityCheck to verify consistency
    --> /home/umesh/Projects/connector-private/oss/vac/crates/vac-core/src/kernel.rs:1009:29
     |
1009 |             MemoryKernelOp::IndexRebuild => self.handle_index_rebuild(req, start),
     |                             ^^^^^^^^^^^^

warning: use of deprecated unit variant `types::MemoryKernelOp::ContextRestore`: Use AgentResume which handles context restore internally
    --> /home/umesh/Projects/connector-private/oss/vac/crates/vac-core/src/kernel.rs:1661:29
     |
1661 |             MemoryKernelOp::ContextRestore,
     |                             ^^^^^^^^^^^^^^

warning: use of deprecated unit variant `types::MemoryKernelOp::AgentStart`: Use AgentBoot for staged initialization with sandbox setup and health checks
    --> /home/umesh/Projects/connector-private/oss/vac/crates/vac-core/src/kernel.rs:1888:33
     |
1888 |                 MemoryKernelOp::AgentStart,
     |                                 ^^^^^^^^^^

warning: use of deprecated unit variant `types::MemoryKernelOp::AgentStart`: Use AgentBoot for staged initialization with sandbox setup and health checks
    --> /home/umesh/Projects/connector-private/oss/vac/crates/vac-core/src/kernel.rs:1929:29
     |
1929 |             MemoryKernelOp::AgentStart,
     |                             ^^^^^^^^^^

warning: use of deprecated unit variant `types::MemoryKernelOp::ContextSnapshot`: Use AgentSuspend which handles context snapshot internally
    --> /home/umesh/Projects/connector-private/oss/vac/crates/vac-core/src/kernel.rs:3695:37
     |
3695 |                     MemoryKernelOp::ContextSnapshot,
     |                                     ^^^^^^^^^^^^^^^

warning: use of deprecated unit variant `types::MemoryKernelOp::ContextSnapshot`: Use AgentSuspend which handles context snapshot internally
    --> /home/umesh/Projects/connector-private/oss/vac/crates/vac-core/src/kernel.rs:3758:29
     |
3758 |             MemoryKernelOp::ContextSnapshot,
     |                             ^^^^^^^^^^^^^^^

warning: use of deprecated unit variant `types::MemoryKernelOp::ContextRestore`: Use AgentResume which handles context restore internally
    --> /home/umesh/Projects/connector-private/oss/vac/crates/vac-core/src/kernel.rs:3784:37
     |
3784 |                     MemoryKernelOp::ContextRestore,
     |                                     ^^^^^^^^^^^^^^

warning: use of deprecated unit variant `types::MemoryKernelOp::ContextRestore`: Use AgentResume which handles context restore internally
    --> /home/umesh/Projects/connector-private/oss/vac/crates/vac-core/src/kernel.rs:3815:37
     |
3815 |                     MemoryKernelOp::ContextRestore,
     |                                     ^^^^^^^^^^^^^^

warning: use of deprecated unit variant `types::MemoryKernelOp::ContextRestore`: Use AgentResume which handles context restore internally
    --> /home/umesh/Projects/connector-private/oss/vac/crates/vac-core/src/kernel.rs:3833:37
     |
3833 |                     MemoryKernelOp::ContextRestore,
     |                                     ^^^^^^^^^^^^^^

warning: use of deprecated unit variant `types::MemoryKernelOp::IndexRebuild`: Index rebuilding is now automatic; use IntegrityCheck to verify consistency
    --> /home/umesh/Projects/connector-private/oss/vac/crates/vac-core/src/kernel.rs:4166:29
     |
4166 |             MemoryKernelOp::IndexRebuild,
     |                             ^^^^^^^^^^^^

warning: use of deprecated unit variant `types::MemoryKernelOp::AgentStart`: Use AgentBoot for staged initialization with sandbox setup and health checks
    --> /home/umesh/Projects/connector-private/oss/vac/crates/vac-core/src/kernel.rs:4611:33
     |
4611 |                 MemoryKernelOp::AgentStart | MemoryKernelOp::AgentTerminate
     |                                 ^^^^^^^^^^

warning: use of deprecated unit variant `types::MemoryKernelOp::AgentStart`: Use AgentBoot for staged initialization with sandbox setup and health checks
    --> /home/umesh/Projects/connector-private/oss/vac/crates/vac-core/src/kernel.rs:4615:33
     |
4615 |                 MemoryKernelOp::AgentStart | MemoryKernelOp::AgentResume
     |                                 ^^^^^^^^^^

warning: use of deprecated unit variant `types::MemoryKernelOp::AgentStart`: Use AgentBoot for staged initialization with sandbox setup and health checks
    --> /home/umesh/Projects/connector-private/oss/vac/crates/vac-core/src/kernel.rs:6106:17
     |
6106 |                 AgentStart, AgentTerminate,
     |                 ^^^^^^^^^^

warning: use of deprecated unit variant `types::MemoryKernelOp::AgentStart`: Use AgentBoot for staged initialization with sandbox setup and health checks
    --> /home/umesh/Projects/connector-private/oss/vac/crates/vac-core/src/kernel.rs:6119:17
     |
6119 |                 AgentStart, AgentSuspend, AgentResume, AgentTerminate,
     |                 ^^^^^^^^^^

warning: use of deprecated unit variant `types::MemoryKernelOp::ContextSnapshot`: Use AgentSuspend which handles context snapshot internally
    --> /home/umesh/Projects/connector-private/oss/vac/crates/vac-core/src/kernel.rs:6122:17
     |
6122 |                 ContextSnapshot, ContextRestore,
     |                 ^^^^^^^^^^^^^^^

warning: use of deprecated unit variant `types::MemoryKernelOp::ContextRestore`: Use AgentResume which handles context restore internally
    --> /home/umesh/Projects/connector-private/oss/vac/crates/vac-core/src/kernel.rs:6122:34
     |
6122 |                 ContextSnapshot, ContextRestore,
     |                                  ^^^^^^^^^^^^^^

warning: use of deprecated unit variant `types::MemoryKernelOp::AgentStart`: Use AgentBoot for staged initialization with sandbox setup and health checks
    --> /home/umesh/Projects/connector-private/oss/vac/crates/vac-core/src/kernel.rs:6145:32
     |
6145 |                 AgentRegister, AgentStart, AgentSuspend, AgentResume, AgentTerminate,
     |                                ^^^^^^^^^^

warning: use of deprecated unit variant `types::MemoryKernelOp::ContextSnapshot`: Use AgentSuspend which handles context snapshot internally
    --> /home/umesh/Projects/connector-private/oss/vac/crates/vac-core/src/kernel.rs:6148:17
     |
6148 |                 ContextSnapshot, ContextRestore,
     |                 ^^^^^^^^^^^^^^^

warning: use of deprecated unit variant `types::MemoryKernelOp::ContextRestore`: Use AgentResume which handles context restore internally
    --> /home/umesh/Projects/connector-private/oss/vac/crates/vac-core/src/kernel.rs:6148:34
     |
6148 |                 ContextSnapshot, ContextRestore,
     |                                  ^^^^^^^^^^^^^^

warning: use of deprecated unit variant `types::MemoryKernelOp::IndexRebuild`: Index rebuilding is now automatic; use IntegrityCheck to verify consistency
    --> /home/umesh/Projects/connector-private/oss/vac/crates/vac-core/src/kernel.rs:6150:33
     |
6150 |                 GarbageCollect, IndexRebuild, IntegrityCheck,
     |                                 ^^^^^^^^^^^^

warning: use of deprecated unit variant `types::MemoryKernelOp::AgentStart`: Use AgentBoot for staged initialization with sandbox setup and health checks
    --> /home/umesh/Projects/connector-private/oss/vac/crates/vac-core/src/kernel.rs:6175:17
     |
6175 |                 AgentStart, AgentSuspend, AgentResume, AgentTerminate,
     |                 ^^^^^^^^^^

warning: use of deprecated unit variant `types::MemoryKernelOp::ContextSnapshot`: Use AgentSuspend which handles context snapshot internally
    --> /home/umesh/Projects/connector-private/oss/vac/crates/vac-core/src/kernel.rs:6178:17
     |
6178 |                 ContextSnapshot, ContextRestore,
     |                 ^^^^^^^^^^^^^^^

warning: use of deprecated unit variant `types::MemoryKernelOp::ContextRestore`: Use AgentResume which handles context restore internally
    --> /home/umesh/Projects/connector-private/oss/vac/crates/vac-core/src/kernel.rs:6178:34
     |
6178 |                 ContextSnapshot, ContextRestore,
     |                                  ^^^^^^^^^^^^^^

warning: use of deprecated unit variant `types::MemoryKernelOp::AgentStart`: Use AgentBoot for staged initialization with sandbox setup and health checks
    --> /home/umesh/Projects/connector-private/oss/vac/crates/vac-core/src/kernel.rs:6207:17
     |
6207 |                 AgentStart, AgentTerminate,
     |                 ^^^^^^^^^^

warning: use of deprecated unit variant `types::MemoryKernelOp::AgentStart`: Use AgentBoot for staged initialization with sandbox setup and health checks
    --> /home/umesh/Projects/connector-private/oss/vac/crates/vac-core/src/kernel.rs:6220:17
     |
6220 |                 AgentStart, AgentTerminate,
     |                 ^^^^^^^^^^

warning: use of deprecated unit variant `types::MemoryKernelOp::IndexRebuild`: Index rebuilding is now automatic; use IntegrityCheck to verify consistency
    --> /home/umesh/Projects/connector-private/oss/vac/crates/vac-core/src/kernel.rs:6223:33
     |
6223 |                 GarbageCollect, IndexRebuild, IntegrityCheck,
     |                                 ^^^^^^^^^^^^

warning: use of deprecated unit variant `types::MemoryKernelOp::AgentStart`: Use AgentBoot for staged initialization with sandbox setup and health checks
   --> /home/umesh/Projects/connector-private/oss/vac/crates/vac-core/src/integration.rs:119:40
    |
119 |             operation: MemoryKernelOp::AgentStart,
    |                                        ^^^^^^^^^^

warning: use of deprecated unit variant `types::MemoryKernelOp::AgentStart`: Use AgentBoot for staged initialization with sandbox setup and health checks
   --> /home/umesh/Projects/connector-private/oss/vac/crates/vac-core/src/ocsf_adapter.rs:537:25
    |
537 |         MemoryKernelOp::AgentStart => (3, "Agent Start".to_string()),
    |                         ^^^^^^^^^^

warning: use of deprecated unit variant `types::MemoryKernelOp::ContextSnapshot`: Use AgentSuspend which handles context snapshot internally
   --> /home/umesh/Projects/connector-private/oss/vac/crates/vac-core/src/ocsf_adapter.rs:553:25
    |
553 |         MemoryKernelOp::ContextSnapshot => (3, "Context Snapshot".to_string()),
    |                         ^^^^^^^^^^^^^^^

warning: use of deprecated unit variant `types::MemoryKernelOp::ContextRestore`: Use AgentResume which handles context restore internally
   --> /home/umesh/Projects/connector-private/oss/vac/crates/vac-core/src/ocsf_adapter.rs:554:25
    |
554 |         MemoryKernelOp::ContextRestore => (3, "Context Restore".to_string()),
    |                         ^^^^^^^^^^^^^^

warning: use of deprecated unit variant `types::MemoryKernelOp::IndexRebuild`: Index rebuilding is now automatic; use IntegrityCheck to verify consistency
   --> /home/umesh/Projects/connector-private/oss/vac/crates/vac-core/src/ocsf_adapter.rs:560:25
    |
560 |         MemoryKernelOp::IndexRebuild => (3, "Index Rebuild".to_string()),
    |                         ^^^^^^^^^^^^

warning: unused import: `sha2::Digest`
 --> /home/umesh/Projects/connector-private/oss/vac/crates/vac-core/src/cid.rs:8:5
  |
8 | use sha2::Digest;
  |     ^^^^^^^^^^^^

warning: unused import: `tracing_opentelemetry::OpenTelemetrySpanExt`
  --> /home/umesh/Projects/connector-private/oss/vac/crates/vac-core/src/kernel.rs:18:5
   |
18 | use tracing_opentelemetry::OpenTelemetrySpanExt;
   |     ^^^^^^^^^^^^^^^^^^^^^^^^^^^^^^^^^^^^^^^^^^^

warning: unused variable: `tree_size`
   --> /home/umesh/Projects/connector-private/oss/vac/crates/vac-core/src/range_window.rs:656:9
    |
656 |     let tree_size = cids.len();
    |         ^^^^^^^^^ help: if this is intentional, prefix it with an underscore: `_tree_size`
    |
    = note: `#[warn(unused_variables)]` (part of `#[warn(unused)]`) on by default

warning: unused variable: `request`
  --> /home/umesh/Projects/connector-private/oss/vac/crates/vac-core/src/adaptive_scheduler.rs:96:24
   |
96 |     fn schedule(&self, request: &WorkloadProfile, metrics: &[CellMetrics], queue: &[WorkloadProfile]) -> ScheduleDecision {
   |                        ^^^^^^^ help: if this is intentional, prefix it with an underscore: `_request`

warning: unused variable: `cgroup_path`
   --> /home/umesh/Projects/connector-private/oss/vac/crates/vac-core/src/agent_evm.rs:948:35
    |
948 |         let (agent_name, cell_id, cgroup_path, prev_status, tags, restart_count) = {
    |                                   ^^^^^^^^^^^ help: if this is intentional, prefix it with an underscore: `_cgroup_path`

warning: useless assignment of field of type `u64` to itself
    --> /home/umesh/Projects/connector-private/oss/vac/crates/vac-core/src/kernel.rs:6368:9
     |
6368 |         self.scheduler_stats.total_scheduled = self.scheduler_stats.total_scheduled; // no total_dequeued field
     |         ^^^^^^^^^^^^^^^^^^^^^^^^^^^^^^^^^^^^^^^^^^^^^^^^^^^^^^^^^^^^^^^^^^^^^^^^^^^
     |
     = note: `#[warn(dead_code)]` (part of `#[warn(unused)]`) on by default

warning: constant `P4` is never used
   --> /home/umesh/Projects/connector-private/oss/vac/crates/vac-core/src/adaptive_scheduler.rs:370:19
    |
370 |             const P4: u32 = 0x27D4EB2F;
    |                   ^^

warning: field `label_names` is never read
   --> /home/umesh/Projects/connector-private/oss/vac/crates/vac-core/src/cloud/metrics.rs:314:5
    |
312 | pub struct HistogramVec {
    |            ------------ field in this struct
313 |     metrics: std::sync::RwLock<HashMap<String, Histogram>>,
314 |     label_names: Vec<String>,
    |     ^^^^^^^^^^^
    |
    = note: `HistogramVec` has a derived impl for the trait `Debug`, but this is intentionally ignored during dead code analysis

warning: field `system_threshold` is never read
   --> /home/umesh/Projects/connector-private/oss/vac/crates/vac-core/src/resource_enforcer.rs:110:5
    |
104 | pub struct OomKiller {
    |            --------- field in this struct
...
110 |     system_threshold: u64,
    |     ^^^^^^^^^^^^^^^^
    |
    = note: `OomKiller` has a derived impl for the trait `Debug`, but this is intentionally ignored during dead code analysis

warning: field `pending` is never read
   --> /home/umesh/Projects/connector-private/oss/vac/crates/vac-core/src/secrets.rs:260:5
    |
252 | pub struct RotationManager {
    |            --------------- field in this struct
...
260 |     pending: Vec<String>,
    |     ^^^^^^^
    |
    = note: `RotationManager` has a derived impl for the trait `Debug`, but this is intentionally ignored during dead code analysis

warning: method `get_or_generate_dek` is never used
   --> /home/umesh/Projects/connector-private/oss/vac/crates/vac-core/src/secrets.rs:589:8
    |
458 | impl EnvelopeEncryption {
    | ----------------------- method in this implementation
...
589 |     fn get_or_generate_dek(&mut self, kek_id: &str) -> Result<DataEncryptionKey, String> {
    |        ^^^^^^^^^^^^^^^^^^^

warning: calls to `std::mem::drop` with a reference instead of an owned value does nothing
    --> /home/umesh/Projects/connector-private/oss/vac/crates/vac-core/src/kernel.rs:6645:9
     |
6645 |         drop(ctx);
     |         ^^^^^---^
     |              |
     |              argument has type `&mut types::ExecutionContext`
     |
     = note: `#[warn(dropping_references)]` on by default
help: use `let _ = ...` to ignore the expression or result
     |
6645 -         drop(ctx);
6645 +         let _ = ctx;
     |

warning: calls to `std::mem::drop` with a reference instead of an owned value does nothing
   --> /home/umesh/Projects/connector-private/oss/vac/crates/vac-core/src/cloud/deployment.rs:492:13
    |
492 |             drop(dep);
    |             ^^^^^---^
    |                  |
    |                  argument has type `&mut AgentDeployment`
    |
help: use `let _ = ...` to ignore the expression or result
    |
492 -             drop(dep);
492 +             let _ = dep;
    |

warning: hiding a lifetime that's elided elsewhere is confusing
   --> /home/umesh/Projects/connector-private/oss/vac/crates/vac-core/src/cloud/metrics.rs:186:30
    |
186 |     pub fn with_label_values(&self, labels: &[&str]) -> CounterRef {
    |                              ^^^^^                      ^^^^^^^^^^ the same lifetime is hidden here
    |                              |
    |                              the lifetime is elided here
    |
    = help: the same lifetime is referred to in inconsistent ways, making the signature confusing
    = note: `#[warn(mismatched_lifetime_syntaxes)]` on by default
help: use `'_` for type paths
    |
186 |     pub fn with_label_values(&self, labels: &[&str]) -> CounterRef<'_> {
    |                                                                   ++++

warning: hiding a lifetime that's elided elsewhere is confusing
   --> /home/umesh/Projects/connector-private/oss/vac/crates/vac-core/src/cloud/metrics.rs:254:30
    |
254 |     pub fn with_label_values(&self, labels: &[&str]) -> GaugeRef {
    |                              ^^^^^                      ^^^^^^^^ the same lifetime is hidden here
    |                              |
    |                              the lifetime is elided here
    |
    = help: the same lifetime is referred to in inconsistent ways, making the signature confusing
help: use `'_` for type paths
    |
254 |     pub fn with_label_values(&self, labels: &[&str]) -> GaugeRef<'_> {
    |                                                                 ++++

warning: hiding a lifetime that's elided elsewhere is confusing
   --> /home/umesh/Projects/connector-private/oss/vac/crates/vac-core/src/cloud/metrics.rs:331:30
    |
331 |     pub fn with_label_values(&self, labels: &[&str]) -> HistogramRef {
    |                              ^^^^^                      ^^^^^^^^^^^^ the same lifetime is hidden here
    |                              |
    |                              the lifetime is elided here
    |
    = help: the same lifetime is referred to in inconsistent ways, making the signature confusing
help: use `'_` for type paths
    |
331 |     pub fn with_label_values(&self, labels: &[&str]) -> HistogramRef<'_> {
    |                                                                     ++++

warning: unused `Result` that must be used
   --> /home/umesh/Projects/connector-private/oss/vac/crates/vac-core/src/memory_map.rs:392:9
    |
392 |         map.add_region(heap);
    |         ^^^^^^^^^^^^^^^^^^^^
    |
    = note: this `Result` may be an `Err` variant, which should be handled
    = note: `#[warn(unused_must_use)]` (part of `#[warn(unused)]`) on by default
help: use `let _ = ...` to ignore the resulting value
    |
392 |         let _ = map.add_region(heap);
    |         +++++++

warning: unused `Result` that must be used
   --> /home/umesh/Projects/connector-private/oss/vac/crates/vac-core/src/memory_map.rs:397:9
    |
397 |         map.add_region(stack);
    |         ^^^^^^^^^^^^^^^^^^^^^
    |
    = note: this `Result` may be an `Err` variant, which should be handled
help: use `let _ = ...` to ignore the resulting value
    |
397 |         let _ = map.add_region(stack);
    |         +++++++

warning: `vac-core` (lib) generated 64 warnings (run `cargo fix --lib -p vac-core` to apply 14 suggestions)
warning: field `pattern` is never read
   --> /home/umesh/Projects/connector-private/oss/aapi/crates/aapi-core/src/validation.rs:408:5
    |
407 | pub struct ScopePattern {
    |            ------------ field in this struct
408 |     pattern: String,
    |     ^^^^^^^
    |
    = note: `ScopePattern` has derived impls for the traits `Clone` and `Debug`, but these are intentionally ignored during dead code analysis
    = note: `#[warn(dead_code)]` (part of `#[warn(unused)]`) on by default

warning: `aapi-core` (lib) generated 1 warning
warning: unused import: `AgentExpertiseRecord`
  --> /home/umesh/Projects/connector-private/oss/connector/crates/connector-engine/src/trust.rs:15:46
   |
15 | use vac_core::identity::{AgentIdentityState, AgentExpertiseRecord};
   |                                              ^^^^^^^^^^^^^^^^^^^^
   |
   = note: `#[warn(unused_imports)]` (part of `#[warn(unused)]`) on by default

warning: unused import: `CognitiveMessageType`
  --> /home/umesh/Projects/connector-private/oss/connector/crates/connector-engine/src/cross_cell_port.rs:12:49
   |
12 | use crate::cognitive::types::{CognitiveMessage, CognitiveMessageType};
   |                                                 ^^^^^^^^^^^^^^^^^^^^

warning: unused imports: `PqAlgorithm` and `PqSignature`
  --> /home/umesh/Projects/connector-private/oss/connector/crates/connector-engine/src/token_container.rs:34:27
   |
34 | use crate::post_quantum::{PqAlgorithm, PqSignature, SimulatedMlDsa65, PqSigner};
   |                           ^^^^^^^^^^^  ^^^^^^^^^^^

warning: unused imports: `KnotConsensusConfig`, `KnotConsensusResult`, and `KnotPhase`
  --> /home/umesh/Projects/connector-private/oss/connector/crates/connector-engine/src/token_container.rs:35:29
   |
35 | use crate::knot_consensus::{KnotConsensusConfig, KnotConsensusResult, KnotPhase};
   |                             ^^^^^^^^^^^^^^^^^^^  ^^^^^^^^^^^^^^^^^^^  ^^^^^^^^^

warning: unused import: `VecDeque`
  --> /home/umesh/Projects/connector-private/oss/connector/crates/connector-engine/src/boundary_probe.rs:39:42
   |
39 | use std::collections::{HashMap, HashSet, VecDeque};
   |                                          ^^^^^^^^

warning: unused import: `AgentIdentityState`
  --> /home/umesh/Projects/connector-private/oss/connector/crates/connector-engine/src/entropic.rs:27:66
   |
27 | use vac_core::identity::{AgentExpertiseRecord, ExecutionOutcome, AgentIdentityState};
   |                                                                  ^^^^^^^^^^^^^^^^^^

warning: unused import: `ParamDef`
  --> /home/umesh/Projects/connector-private/oss/connector/crates/connector-engine/src/cls/templates.rs:19:20
   |
19 | use super::types::{ParamDef, ParamType, ContractVersion};
   |                    ^^^^^^^^

warning: unused import: `super::compiler::SurfaceContract`
  --> /home/umesh/Projects/connector-private/oss/connector/crates/connector-engine/src/cls/templates.rs:20:5
   |
20 | use super::compiler::SurfaceContract;
   |     ^^^^^^^^^^^^^^^^^^^^^^^^^^^^^^^^

warning: unused import: `LexError`
  --> /home/umesh/Projects/connector-private/oss/connector/crates/connector-engine/src/cls/ccl_parser.rs:10:58
   |
10 | use crate::cls::ccl_lexer::{Token, TokenKind, Span, Pos, LexError, CclLexer};
   |                                                          ^^^^^^^^

warning: unused import: `std::collections::HashMap`
  --> /home/umesh/Projects/connector-private/oss/connector/crates/connector-engine/src/cls/ccl_parser.rs:11:5
   |
11 | use std::collections::HashMap;
   |     ^^^^^^^^^^^^^^^^^^^^^^^^^

warning: unused import: `Predicate`
 --> /home/umesh/Projects/connector-private/oss/connector/crates/connector-engine/src/cls/ccl_verify.rs:8:44
  |
8 | use crate::cls::types::{ContractIR, CIROp, Predicate};
  |                                            ^^^^^^^^^

warning: unused import: `Noun`
 --> /home/umesh/Projects/connector-private/oss/connector/crates/connector-engine/src/ctl/executor.rs:3:37
  |
3 | use super::grammar::{Command, Verb, Noun};
  |                                     ^^^^

warning: unused import: `super::output::OutputMode`
 --> /home/umesh/Projects/connector-private/oss/connector/crates/connector-engine/src/ctl/executor.rs:6:5
  |
6 | use super::output::OutputMode;
  |     ^^^^^^^^^^^^^^^^^^^^^^^^^

warning: unused import: `std::collections::HashMap`
 --> /home/umesh/Projects/connector-private/oss/connector/crates/connector-engine/src/ctl/executor.rs:8:5
  |
8 | use std::collections::HashMap;
  |     ^^^^^^^^^^^^^^^^^^^^^^^^^

warning: unused import: `std::collections::HashMap`
 --> /home/umesh/Projects/connector-private/oss/connector/crates/connector-engine/src/surface/document.rs:4:5
  |
4 | use std::collections::HashMap;
  |     ^^^^^^^^^^^^^^^^^^^^^^^^^

warning: unused import: `TierVerification`
  --> /home/umesh/Projects/connector-private/oss/connector/crates/connector-engine/src/surface/engine.rs:18:31
   |
18 | use super::tiers::{TrustTier, TierVerification, TieredSurface};
   |                               ^^^^^^^^^^^^^^^^

warning: unused import: `TimedSurfaceQuery`
  --> /home/umesh/Projects/connector-private/oss/connector/crates/connector-engine/src/surface/engine.rs:19:40
   |
19 | use super::time::{SurfaceTimeSelector, TimedSurfaceQuery, ResolvedTimeRange};
   |                                        ^^^^^^^^^^^^^^^^^

warning: unused import: `SurfaceMetrics`
  --> /home/umesh/Projects/connector-private/oss/connector/crates/connector-engine/src/surface/engine.rs:22:22
   |
22 | use super::metrics::{SurfaceMetrics, RenderTimer, metrics};
   |                      ^^^^^^^^^^^^^^

warning: unused import: `TraceSpan`
  --> /home/umesh/Projects/connector-private/oss/connector/crates/connector-engine/src/surface/engine.rs:28:407
   |
28 | ...a, SurfaceSection, SurfaceType, SurfaceView, TimelineEvent, TraceSpan, TrustComponents, TrustScore, TrustState},
   |                                                                ^^^^^^^^^

warning: unused import: `RenderResult`
  --> /home/umesh/Projects/connector-private/oss/connector/crates/connector-engine/src/surface/glue_printer.rs:36:51
   |
36 | use super::engine::{SurfaceEngine, RenderRequest, RenderResult, RenderError, EngineConfig};
   |                                                   ^^^^^^^^^^^^

warning: use of deprecated unit variant `vac_core::MemoryKernelOp::AgentStart`: Use AgentBoot for staged initialization with sandbox setup and health checks
   --> /home/umesh/Projects/connector-private/oss/connector/crates/connector-engine/src/dispatcher.rs:445:48
    |
445 |                     operation: MemoryKernelOp::AgentStart,
    |                                                ^^^^^^^^^^
    |
    = note: `#[warn(deprecated)]` on by default

warning: use of deprecated unit variant `vac_core::MemoryKernelOp::AgentStart`: Use AgentBoot for staged initialization with sandbox setup and health checks
   --> /home/umesh/Projects/connector-private/oss/connector/crates/connector-engine/src/trace.rs:191:25
    |
191 |         MemoryKernelOp::AgentStart => "Started agent",
    |                         ^^^^^^^^^^

warning: use of deprecated unit variant `vac_core::MemoryKernelOp::ContextSnapshot`: Use AgentSuspend which handles context snapshot internally
   --> /home/umesh/Projects/connector-private/oss/connector/crates/connector-engine/src/trace.rs:207:25
    |
207 |         MemoryKernelOp::ContextSnapshot => "Saved context snapshot",
    |                         ^^^^^^^^^^^^^^^

warning: use of deprecated unit variant `vac_core::MemoryKernelOp::ContextRestore`: Use AgentResume which handles context restore internally
   --> /home/umesh/Projects/connector-private/oss/connector/crates/connector-engine/src/trace.rs:208:25
    |
208 |         MemoryKernelOp::ContextRestore => "Restored context",
    |                         ^^^^^^^^^^^^^^

warning: use of deprecated unit variant `vac_core::MemoryKernelOp::IndexRebuild`: Index rebuilding is now automatic; use IntegrityCheck to verify consistency
   --> /home/umesh/Projects/connector-private/oss/connector/crates/connector-engine/src/trace.rs:213:25
    |
213 |         MemoryKernelOp::IndexRebuild => "Rebuilt index",
    |                         ^^^^^^^^^^^^

warning: use of deprecated unit variant `vac_core::MemoryKernelOp::AgentStart`: Use AgentBoot for staged initialization with sandbox setup and health checks
   --> /home/umesh/Projects/connector-private/oss/connector/crates/connector-engine/src/trace.rs:253:25
    |
253 |         MemoryKernelOp::AgentStart => "agent_started",
    |                         ^^^^^^^^^^

warning: use of deprecated unit variant `vac_core::MemoryKernelOp::ContextSnapshot`: Use AgentSuspend which handles context snapshot internally
   --> /home/umesh/Projects/connector-private/oss/connector/crates/connector-engine/src/trace.rs:269:25
    |
269 |         MemoryKernelOp::ContextSnapshot => "context_saved",
    |                         ^^^^^^^^^^^^^^^

warning: use of deprecated unit variant `vac_core::MemoryKernelOp::ContextRestore`: Use AgentResume which handles context restore internally
   --> /home/umesh/Projects/connector-private/oss/connector/crates/connector-engine/src/trace.rs:270:25
    |
270 |         MemoryKernelOp::ContextRestore => "context_restored",
    |                         ^^^^^^^^^^^^^^

warning: use of deprecated unit variant `vac_core::MemoryKernelOp::IndexRebuild`: Index rebuilding is now automatic; use IntegrityCheck to verify consistency
   --> /home/umesh/Projects/connector-private/oss/connector/crates/connector-engine/src/trace.rs:275:25
    |
275 |         MemoryKernelOp::IndexRebuild => "index_rebuilt",
    |                         ^^^^^^^^^^^^

warning: use of deprecated unit variant `vac_core::MemoryKernelOp::AgentStart`: Use AgentBoot for staged initialization with sandbox setup and health checks
   --> /home/umesh/Projects/connector-private/oss/connector/crates/connector-engine/src/trace.rs:325:57
    |
325 |         MemoryKernelOp::AgentRegister | MemoryKernelOp::AgentStart |
    |                                                         ^^^^^^^^^^

warning: use of deprecated unit variant `vac_core::MemoryKernelOp::ContextSnapshot`: Use AgentSuspend which handles context snapshot internally
   --> /home/umesh/Projects/connector-private/oss/connector/crates/connector-engine/src/trace.rs:339:25
    |
339 |         MemoryKernelOp::ContextSnapshot | MemoryKernelOp::ContextRestore => SpanType::Security,
    |                         ^^^^^^^^^^^^^^^

warning: use of deprecated unit variant `vac_core::MemoryKernelOp::ContextRestore`: Use AgentResume which handles context restore internally
   --> /home/umesh/Projects/connector-private/oss/connector/crates/connector-engine/src/trace.rs:339:59
    |
339 |         MemoryKernelOp::ContextSnapshot | MemoryKernelOp::ContextRestore => SpanType::Security,
    |                                                           ^^^^^^^^^^^^^^

warning: use of deprecated unit variant `vac_core::MemoryKernelOp::IndexRebuild`: Index rebuilding is now automatic; use IntegrityCheck to verify consistency
   --> /home/umesh/Projects/connector-private/oss/connector/crates/connector-engine/src/trace.rs:346:58
    |
346 |         MemoryKernelOp::GarbageCollect | MemoryKernelOp::IndexRebuild |
    |                                                          ^^^^^^^^^^^^

warning: use of deprecated unit variant `vac_core::MemoryKernelOp::AgentStart`: Use AgentBoot for staged initialization with sandbox setup and health checks
   --> /home/umesh/Projects/connector-private/oss/connector/crates/connector-engine/src/trace.rs:394:25
    |
394 |         MemoryKernelOp::AgentStart => "invoke_agent",
    |                         ^^^^^^^^^^

warning: use of deprecated unit variant `vac_core::MemoryKernelOp::AgentStart`: Use AgentBoot for staged initialization with sandbox setup and health checks
   --> /home/umesh/Projects/connector-private/oss/connector/crates/connector-engine/src/books.rs:574:29
    |
574 |             MemoryKernelOp::AgentStart => LedgerAction::AccountActivated,
    |                             ^^^^^^^^^^

warning: use of deprecated unit variant `vac_core::MemoryKernelOp::ContextSnapshot`: Use AgentSuspend which handles context snapshot internally
   --> /home/umesh/Projects/connector-private/oss/connector/crates/connector-engine/src/books.rs:589:29
    |
589 |             MemoryKernelOp::ContextSnapshot => LedgerAction::ContextSaved,
    |                             ^^^^^^^^^^^^^^^

warning: use of deprecated unit variant `vac_core::MemoryKernelOp::ContextRestore`: Use AgentResume which handles context restore internally
   --> /home/umesh/Projects/connector-private/oss/connector/crates/connector-engine/src/books.rs:590:29
    |
590 |             MemoryKernelOp::ContextRestore => LedgerAction::ContextRestored,
    |                             ^^^^^^^^^^^^^^

warning: use of deprecated unit variant `vac_core::MemoryKernelOp::IndexRebuild`: Index rebuilding is now automatic; use IntegrityCheck to verify consistency
   --> /home/umesh/Projects/connector-private/oss/connector/crates/connector-engine/src/books.rs:595:29
    |
595 |             MemoryKernelOp::IndexRebuild => LedgerAction::MaintenanceRun,
    |                             ^^^^^^^^^^^^

warning: unused import: `super`
  --> /home/umesh/Projects/connector-private/oss/connector/crates/connector-engine/src/surface/glue_printer.rs:35:5
   |
35 | use super::*;
   |     ^^^^^

warning: unused variable: `now_ms`
   --> /home/umesh/Projects/connector-private/oss/connector/crates/connector-engine/src/trust.rs:180:13
    |
180 |         let now_ms = std::time::SystemTime::now()
    |             ^^^^^^ help: if this is intentional, prefix it with an underscore: `_now_ms`
    |
    = note: `#[warn(unused_variables)]` (part of `#[warn(unused)]`) on by default

warning: unused variable: `pre_coherence`
   --> /home/umesh/Projects/connector-private/oss/connector/crates/connector-engine/src/knot_consensus.rs:962:13
    |
962 |         let pre_coherence = KauffmanBracket::normalized_bracket(&crossings, &self.strands, pre_writhe);
    |             ^^^^^^^^^^^^^ help: if this is intentional, prefix it with an underscore: `_pre_coherence`

warning: unused variable: `crossings_before_skein`
   --> /home/umesh/Projects/connector-private/oss/connector/crates/connector-engine/src/knot_consensus.rs:965:13
    |
965 |         let crossings_before_skein = crossings.len();
    |             ^^^^^^^^^^^^^^^^^^^^^^ help: if this is intentional, prefix it with an underscore: `_crossings_before_skein`

warning: unused variable: `h_episodic`
   --> /home/umesh/Projects/connector-private/oss/connector/crates/connector-engine/src/entropic.rs:507:13
    |
507 |         let h_episodic = Self::layer_entropy(&[
    |             ^^^^^^^^^^ help: if this is intentional, prefix it with an underscore: `_h_episodic`

warning: unused variable: `h_semantic`
   --> /home/umesh/Projects/connector-private/oss/connector/crates/connector-engine/src/entropic.rs:514:13
    |
514 |         let h_semantic = Self::layer_entropy(&[
    |             ^^^^^^^^^^ help: if this is intentional, prefix it with an underscore: `_h_semantic`

warning: unused variable: `h_procedural`
   --> /home/umesh/Projects/connector-private/oss/connector/crates/connector-engine/src/entropic.rs:521:13
    |
521 |         let h_procedural = Self::layer_entropy(&[
    |             ^^^^^^^^^^^^ help: if this is intentional, prefix it with an underscore: `_h_procedural`

warning: unused variable: `why_needed`
   --> /home/umesh/Projects/connector-private/oss/connector/crates/connector-engine/src/cognitive/possibility.rs:117:46
    |
117 |             TensionType::DataMissing { what, why_needed } => {
    |                                              ^^^^^^^^^^ help: try ignoring the field: `why_needed: _`

warning: unused variable: `tensions`
  --> /home/umesh/Projects/connector-private/oss/connector/crates/connector-engine/src/cognitive/commitment.rs:18:9
   |
18 |         tensions: &[Tension],
   |         ^^^^^^^^ help: if this is intentional, prefix it with an underscore: `_tensions`

warning: unused variable: `active_knowledge`
  --> /home/umesh/Projects/connector-private/oss/connector/crates/connector-engine/src/cognitive/reflection.rs:17:9
   |
17 |         active_knowledge: &ActiveKnowledgeSet,
   |         ^^^^^^^^^^^^^^^^ help: if this is intentional, prefix it with an underscore: `_active_knowledge`

warning: unused variable: `target`
   --> /home/umesh/Projects/connector-private/oss/connector/crates/connector-engine/src/cognitive/reflection.rs:179:51
    |
179 |             if let PossibilityType::Act { action, target } = &expected.possibility_type {
    |                                                   ^^^^^^ help: try ignoring the field: `target: _`

warning: unused variable: `to_agent`
   --> /home/umesh/Projects/connector-private/oss/connector/crates/connector-engine/src/cls/executor.rs:114:20
    |
114 |     fn send(&self, to_agent: &str, payload: &serde_json::Value, _ctx: &ExecutionContext)
    |                    ^^^^^^^^ help: if this is intentional, prefix it with an underscore: `_to_agent`

warning: unused variable: `payload`
   --> /home/umesh/Projects/connector-private/oss/connector/crates/connector-engine/src/cls/executor.rs:114:36
    |
114 |     fn send(&self, to_agent: &str, payload: &serde_json::Value, _ctx: &ExecutionContext)
    |                                    ^^^^^^^ help: if this is intentional, prefix it with an underscore: `_payload`

warning: unused variable: `state_machine`
   --> /home/umesh/Projects/connector-private/oss/connector/crates/connector-engine/src/cls/executor.rs:486:9
    |
486 |         state_machine: &ContractStateMachine,
    |         ^^^^^^^^^^^^^ help: if this is intentional, prefix it with an underscore: `_state_machine`

warning: unused variable: `str_start`
   --> /home/umesh/Projects/connector-private/oss/connector/crates/connector-engine/src/cls/ccl_lexer.rs:690:13
    |
690 |         let str_start = self.pos;
    |             ^^^^^^^^^ help: if this is intentional, prefix it with an underscore: `_str_start`

warning: variable does not need to be mutable
   --> /home/umesh/Projects/connector-private/oss/connector/crates/connector-engine/src/cls/ccl_lexer.rs:749:13
    |
749 |         let mut depth = 0u32;
    |             ----^^^^^
    |             |
    |             help: remove this `mut`
    |
    = note: `#[warn(unused_mut)]` (part of `#[warn(unused)]`) on by default

warning: unused variable: `depth`
   --> /home/umesh/Projects/connector-private/oss/connector/crates/connector-engine/src/cls/ccl_lexer.rs:749:13
    |
749 |         let mut depth = 0u32;
    |             ^^^^^^^^^ help: if this is intentional, prefix it with an underscore: `_depth`

warning: unused variable: `bad_start`
   --> /home/umesh/Projects/connector-private/oss/connector/crates/connector-engine/src/cls/ccl_lexer.rs:836:21
    |
836 |                 let bad_start = self.pos;
    |                     ^^^^^^^^^ help: if this is intentional, prefix it with an underscore: `_bad_start`

warning: variable `has_identity` is assigned to, but never used
   --> /home/umesh/Projects/connector-private/oss/connector/crates/connector-engine/src/cls/ccl_sema.rs:209:13
    |
209 |         let mut has_identity = false;
    |             ^^^^^^^^^^^^^^^^
    |
    = note: consider using `_has_identity` instead

warning: variable `has_interface` is assigned to, but never used
   --> /home/umesh/Projects/connector-private/oss/connector/crates/connector-engine/src/cls/ccl_sema.rs:210:13
    |
210 |         let mut has_interface = false;
    |             ^^^^^^^^^^^^^^^^^
    |
    = note: consider using `_has_interface` instead

warning: variable `has_state` is assigned to, but never used
   --> /home/umesh/Projects/connector-private/oss/connector/crates/connector-engine/src/cls/ccl_sema.rs:212:13
    |
212 |         let mut has_state = false;
    |             ^^^^^^^^^^^^^
    |
    = note: consider using `_has_state` instead

warning: value assigned to `has_identity` is never read
   --> /home/umesh/Projects/connector-private/oss/connector/crates/connector-engine/src/cls/ccl_sema.rs:216:43
    |
216 |                 BlockNode::Identity(_) => has_identity = true,
    |                                           ^^^^^^^^^^^^^^^^^^^
    |
    = help: maybe it is overwritten before being read?
    = note: `#[warn(unused_assignments)]` (part of `#[warn(unused)]`) on by default

warning: value assigned to `has_interface` is never read
   --> /home/umesh/Projects/connector-private/oss/connector/crates/connector-engine/src/cls/ccl_sema.rs:217:44
    |
217 |                 BlockNode::Interface(_) => has_interface = true,
    |                                            ^^^^^^^^^^^^^^^^^^^^
    |
    = help: maybe it is overwritten before being read?

warning: value assigned to `has_state` is never read
   --> /home/umesh/Projects/connector-private/oss/connector/crates/connector-engine/src/cls/ccl_sema.rs:219:40
    |
219 |                 BlockNode::State(_) => has_state = true,
    |                                        ^^^^^^^^^^^^^^^^
    |
    = help: maybe it is overwritten before being read?

warning: unused variable: `span`
   --> /home/umesh/Projects/connector-private/oss/connector/crates/connector-engine/src/cls/ccl_sema.rs:302:51
    |
302 |                 StepOpNode::SetVar { name, value, span } => {
    |                                                   ^^^^ help: try ignoring the field: `span: _`

warning: variable `has_governance` is assigned to, but never used
   --> /home/umesh/Projects/connector-private/oss/connector/crates/connector-engine/src/cls/ccl_sema.rs:492:13
    |
492 |         let mut has_governance = false;
    |             ^^^^^^^^^^^^^^^^^^
    |
    = note: consider using `_has_governance` instead

warning: value assigned to `has_governance` is never read
   --> /home/umesh/Projects/connector-private/oss/connector/crates/connector-engine/src/cls/ccl_sema.rs:498:17
    |
498 |                 has_governance = true;
    |                 ^^^^^^^^^^^^^^^^^^^^^
    |
    = help: maybe it is overwritten before being read?

warning: unused variable: `symbols`
  --> /home/umesh/Projects/connector-private/oss/connector/crates/connector-engine/src/cls/ccl_lower.rs:52:43
   |
52 |     pub fn lower(contract: &ContractNode, symbols: &SymbolTable) -> Result<LoweredContract, Vec<LowerError>> {
   |                                           ^^^^^^^ help: if this is intentional, prefix it with an underscore: `_symbols`

warning: unused variable: `inner`
   --> /home/umesh/Projects/connector-private/oss/connector/crates/connector-engine/src/cls/ccl_lower.rs:258:30
    |
258 |         TypeNode::ToolResult(inner) => ParamType::Json, // Tool results are JSON
    |                              ^^^^^ help: if this is intentional, prefix it with an underscore: `_inner`

warning: unused variable: `otherwise`
   --> /home/umesh/Projects/connector-private/oss/connector/crates/connector-engine/src/cls/ccl_lower.rs:440:32
    |
440 |             } else if let Some(otherwise) = arms.iter().find(|a| a.predicate.is_none()) {
    |                                ^^^^^^^^^ help: if this is intentional, prefix it with an underscore: `_otherwise`

warning: unused variable: `ctx`
  --> /home/umesh/Projects/connector-private/oss/connector/crates/connector-engine/src/ctl/surfaces.rs:87:42
   |
87 | pub fn build_audit_surface(target: &str, ctx: &TimeContext) -> SurfaceDocument {
   |                                          ^^^ help: if this is intentional, prefix it with an underscore: `_ctx`

warning: unused variable: `surface_type`
    --> /home/umesh/Projects/connector-private/oss/connector/crates/connector-engine/src/surface/engine.rs:1033:32
     |
1033 |     fn receipt_count_from_data(surface_type: SurfaceType, kernel_data: &KernelData) -> u32 {
     |                                ^^^^^^^^^^^^ help: if this is intentional, prefix it with an underscore: `_surface_type`

warning: unused variable: `risk_sev`
    --> /home/umesh/Projects/connector-private/oss/connector/crates/connector-engine/src/surface/engine.rs:1131:34
     |
1131 |                 let (risk_label, risk_sev) = Self::risk_from_kernel_data(kernel_data);
     |                                  ^^^^^^^^ help: if this is intentional, prefix it with an underscore: `_risk_sev`

warning: function `ese` is never used
  --> /home/umesh/Projects/connector-private/oss/connector/crates/connector-engine/src/engine_store.rs:50:4
   |
50 | fn ese(msg: impl std::fmt::Display) -> EngineStoreError {
   |    ^^^
   |
   = note: `#[warn(dead_code)]` (part of `#[warn(unused)]`) on by default

warning: field `queued_at` is never read
   --> /home/umesh/Projects/connector-private/oss/connector/crates/connector-engine/src/cnp/channel.rs:170:9
    |
167 | struct BufferedMessage {
    |        --------------- field in this struct
...
170 |     pub queued_at: i64,
    |         ^^^^^^^^^
    |
    = note: `BufferedMessage` has derived impls for the traits `Clone` and `Debug`, but these are intentionally ignored during dead code analysis

warning: field `inbox` is never read
  --> /home/umesh/Projects/connector-private/oss/connector/crates/connector-engine/src/cnp/stack.rs:78:5
   |
58 | pub struct CnpStack {
   |            -------- field in this struct
...
78 |     inbox: Vec<CnpMessage>,
   |     ^^^^^

warning: method `render_plain` is never used
  --> /home/umesh/Projects/connector-private/oss/connector/crates/connector-engine/src/ctl/render.rs:60:8
   |
17 | impl TerminalRenderer {
   | --------------------- method in this implementation
...
60 |     fn render_plain(&self, doc: &SurfaceDocument) -> String { self.render_table(doc) }
   |        ^^^^^^^^^^^^

warning: comparison is useless due to type limits
   --> /home/umesh/Projects/connector-private/oss/connector/crates/connector-engine/src/compliance.rs:220:57
    |
220 |         let testing = input.firewall_event_count > 0 && input.behavior_alert_count >= 0;
    |                                                         ^^^^^^^^^^^^^^^^^^^^^^^^^^^^^^^
    |
    = note: `#[warn(unused_comparisons)]` on by default

warning: `connector-engine` (lib) generated 76 warnings (run `cargo fix --lib -p connector-engine` to apply 44 suggestions)
warning: function `vsock_ticket_required` is never used
  --> /home/umesh/Projects/connector-private/platform/plugin-runtime/src/microvm_vsock_agent.rs:21:4
   |
21 | fn vsock_ticket_required() -> bool {
   |    ^^^^^^^^^^^^^^^^^^^^^
   |
   = note: `#[warn(dead_code)]` (part of `#[warn(unused)]`) on by default

warning: `connector-plugin-runtime` (lib) generated 1 warning
warning: unused import: `std::collections::HashMap`
  --> /home/umesh/Projects/connector-private/oss/connector/crates/connector-protocols/src/a2a_bridge.rs:10:5
   |
10 | use std::collections::HashMap;
   |     ^^^^^^^^^^^^^^^^^^^^^^^^^
   |
   = note: `#[warn(unused_imports)]` (part of `#[warn(unused)]`) on by default

warning: unused import: `ProtocolError`
  --> /home/umesh/Projects/connector-private/oss/connector/crates/connector-protocols/src/a2a_bridge.rs:14:20
   |
14 | use crate::error::{ProtocolError, ProtocolResult};
   |                    ^^^^^^^^^^^^^

warning: unused import: `std::collections::HashMap`
 --> /home/umesh/Projects/connector-private/oss/connector/crates/connector-protocols/src/acp_bridge.rs:9:5
  |
9 | use std::collections::HashMap;
  |     ^^^^^^^^^^^^^^^^^^^^^^^^^

warning: unused import: `ProtocolError`
  --> /home/umesh/Projects/connector-private/oss/connector/crates/connector-protocols/src/acp_bridge.rs:13:20
   |
13 | use crate::error::{ProtocolError, ProtocolResult};
   |                    ^^^^^^^^^^^^^

warning: unused variable: `signable_bytes`
   --> /home/umesh/Projects/connector-private/oss/connector/crates/connector-protocols/src/anp_bridge.rs:183:13
    |
183 |         let signable_bytes = serde_json::to_vec(&signable).unwrap_or_default();
    |             ^^^^^^^^^^^^^^ help: if this is intentional, prefix it with an underscore: `_signable_bytes`
    |
    = note: `#[warn(unused_variables)]` (part of `#[warn(unused)]`) on by default

warning: unused variable: `sig`
   --> /home/umesh/Projects/connector-private/oss/connector/crates/connector-protocols/src/anp_bridge.rs:192:13
    |
192 |         let sig = Signature::from_bytes(&sig_bytes);
    |             ^^^ help: if this is intentional, prefix it with an underscore: `_sig`

warning: unused imports: `AsyncReadExt` and `AsyncWriteExt`
 --> /home/umesh/Projects/connector-private/oss/aapi/crates/aapi-adapters/src/file.rs:6:17
  |
6 | use tokio::io::{AsyncReadExt, AsyncWriteExt};
  |                 ^^^^^^^^^^^^  ^^^^^^^^^^^^^
  |
  = note: `#[warn(unused_imports)]` (part of `#[warn(unused)]`) on by default

warning: unused import: `Response`
 --> /home/umesh/Projects/connector-private/oss/aapi/crates/aapi-adapters/src/http.rs:4:31
  |
4 | use reqwest::{Client, Method, Response};
  |                               ^^^^^^^^

warning: unused imports: `info` and `warn`
 --> /home/umesh/Projects/connector-private/oss/aapi/crates/aapi-adapters/src/http.rs:7:22
  |
7 | use tracing::{debug, info, warn};
  |                      ^^^^  ^^^^

warning: unused import: `async_trait::async_trait`
 --> /home/umesh/Projects/connector-private/oss/aapi/crates/aapi-adapters/src/registry.rs:3:5
  |
3 | use async_trait::async_trait;
  |     ^^^^^^^^^^^^^^^^^^^^^^^^

warning: unused import: `warn`
 --> /home/umesh/Projects/connector-private/oss/aapi/crates/aapi-adapters/src/registry.rs:7:28
  |
7 | use tracing::{debug, info, warn};
  |                            ^^^^

warning: unused import: `ActionDescriptor`
  --> /home/umesh/Projects/connector-private/oss/aapi/crates/aapi-adapters/src/registry.rs:12:30
   |
12 | use crate::traits::{Adapter, ActionDescriptor, ExecutionContext, ExecutionResult, HealthStatus};
   |                              ^^^^^^^^^^^^^^^^

warning: unused variable: `ei`
   --> /home/umesh/Projects/connector-private/oss/aapi/crates/aapi-adapters/src/pii_tokenizer.rs:461:21
    |
461 |                 let ei = si + (end - i); // end is relative to s[i..]
    |                     ^^ help: if this is intentional, prefix it with an underscore: `_ei`
    |
    = note: `#[warn(unused_variables)]` (part of `#[warn(unused)]`) on by default

warning: unused variable: `actual_end`
   --> /home/umesh/Projects/connector-private/oss/aapi/crates/aapi-adapters/src/pii_tokenizer.rs:462:21
    |
462 |                 let actual_end = si + (end); // end is length from i
    |                     ^^^^^^^^^^ help: if this is intentional, prefix it with an underscore: `_actual_end`

warning: `connector-protocols` (lib) generated 6 warnings (run `cargo fix --lib -p connector-protocols` to apply 6 suggestions)
warning: `aapi-adapters` (lib) generated 8 warnings (run `cargo fix --lib -p aapi-adapters` to apply 8 suggestions)
warning: unused import: `std::hash::Hasher`
   --> /home/umesh/Projects/connector-private/oss/connector/crates/connector-api/src/manifest.rs:637:9
    |
637 |     use std::hash::Hasher;
    |         ^^^^^^^^^^^^^^^^^
    |
    = note: `#[warn(unused_imports)]` (part of `#[warn(unused)]`) on by default

warning: unused import: `connector_engine::engine_store::EngineStore`
  --> /home/umesh/Projects/connector-private/oss/connector/crates/connector-api/src/connector.rs:22:5
   |
22 | use connector_engine::engine_store::EngineStore;
   |     ^^^^^^^^^^^^^^^^^^^^^^^^^^^^^^^^^^^^^^^^^^^

warning: function `extract_basic_entities` is never used
  --> /home/umesh/Projects/connector-private/oss/connector/crates/connector-api/src/agent.rs:23:4
   |
23 | fn extract_basic_entities(text: &str) -> Vec<(String, String)> {
   |    ^^^^^^^^^^^^^^^^^^^^^^
   |
   = note: `#[warn(dead_code)]` (part of `#[warn(unused)]`) on by default

warning: hiding a lifetime that's elided elsewhere is confusing
   --> /home/umesh/Projects/connector-private/oss/connector/crates/connector-api/src/connector.rs:666:18
    |
666 |     pub fn agent(&self, name: &str) -> AgentBuilder {
    |                  ^^^^^                 ^^^^^^^^^^^^ the same lifetime is hidden here
    |                  |
    |                  the lifetime is elided here
    |
    = help: the same lifetime is referred to in inconsistent ways, making the signature confusing
    = note: `#[warn(mismatched_lifetime_syntaxes)]` on by default
help: use `'_` for type paths
    |
666 |     pub fn agent(&self, name: &str) -> AgentBuilder<'_> {
    |                                                    ++++

warning: unused variable: `first_id`
  --> /home/umesh/Projects/connector-private/oss/connector/crates/connector-caps/src/verify.rs:23:9
   |
23 |     let first_id = {
   |         ^^^^^^^^ help: if this is intentional, prefix it with an underscore: `_first_id`
   |
   = note: `#[warn(unused_variables)]` (part of `#[warn(unused)]`) on by default

warning: `connector-api` (lib) generated 4 warnings (run `cargo fix --lib -p connector-api` to apply 2 suggestions)
warning: `connector-caps` (lib) generated 1 warning (run `cargo fix --lib -p connector-caps` to apply 1 suggestion)
warning: unused imports: `AgentContractV2`, `ContinuityRecordV2`, and `IntelligencePrincipalV2`
 --> /home/umesh/Projects/connector-private/oss/connector/crates/connector-trust/src/iia/verify.rs:5:5
  |
5 |     AgentContractV2, CognitiveProposalV2, ContinuityStateV2, ContinuityRecordV2,
  |     ^^^^^^^^^^^^^^^                                          ^^^^^^^^^^^^^^^^^^
6 |     ExecutionQuantumV2, IntelligencePrincipalV2, IntelligenceReceiptV2, RuntimeSelfEnvelopeV2,
  |                         ^^^^^^^^^^^^^^^^^^^^^^^
  |
  = note: `#[warn(unused_imports)]` (part of `#[warn(unused)]`) on by default

warning: `connector-trust` (lib) generated 1 warning (run `cargo fix --lib -p connector-trust` to apply 1 suggestion)
   Compiling connector-platform v0.1.0 (/home/umesh/Projects/connector-private/platform/server)
warning: unused import: `Query`
 --> src/operator/edge.rs:2:21
  |
2 |     extract::{Path, Query, State},
  |                     ^^^^^
  |
  = note: `#[warn(unused_imports)]` (part of `#[warn(unused)]`) on by default

warning: unused imports: `get_operator_capabilities` and `get_workflow_capabilities`
  --> src/operator/mod.rs:17:22
   |
17 | pub use capability::{get_operator_capabilities, get_workflow_capabilities};
   |                      ^^^^^^^^^^^^^^^^^^^^^^^^^  ^^^^^^^^^^^^^^^^^^^^^^^^^

warning: unused imports: `delete_operator_edge_record`, `get_agent_edge`, `get_operator_edge_dns_hints`, `get_operator_edge_plane`, `get_operator_edge_records`, `get_workflow_edge`, `post_operator_edge_record`, and `prove_operator_edge_record`
  --> src/operator/mod.rs:19:5
   |
19 |     delete_operator_edge_record, get_agent_edge, get_operator_edge_dns_hints,
   |     ^^^^^^^^^^^^^^^^^^^^^^^^^^^  ^^^^^^^^^^^^^^  ^^^^^^^^^^^^^^^^^^^^^^^^^^^
20 |     get_operator_edge_plane, get_operator_edge_records, get_workflow_edge,
   |     ^^^^^^^^^^^^^^^^^^^^^^^  ^^^^^^^^^^^^^^^^^^^^^^^^^  ^^^^^^^^^^^^^^^^^
21 |     post_operator_edge_record, prove_operator_edge_record,
   |     ^^^^^^^^^^^^^^^^^^^^^^^^^  ^^^^^^^^^^^^^^^^^^^^^^^^^^

warning: unused import: `fix_queue::get_operator_fix_queue`
  --> src/operator/mod.rs:23:9
   |
23 | pub use fix_queue::get_operator_fix_queue;
   |         ^^^^^^^^^^^^^^^^^^^^^^^^^^^^^^^^^

warning: unused import: `pulse::get_operator_pulse`
  --> src/operator/mod.rs:24:9
   |
24 | pub use pulse::get_operator_pulse;
   |         ^^^^^^^^^^^^^^^^^^^^^^^^^

warning: unused import: `setup_summary::get_operator_setup_summary`
  --> src/operator/mod.rs:25:9
   |
25 | pub use setup_summary::get_operator_setup_summary;
   |         ^^^^^^^^^^^^^^^^^^^^^^^^^^^^^^^^^^^^^^^^^

warning: unused imports: `get_operator_panel_types`, `get_workflow_surface`, `list_workflow_surfaces`, and `put_workflow_surface`
  --> src/operator/mod.rs:27:5
   |
27 |     get_operator_panel_types, get_workflow_surface, list_workflow_surfaces, put_workflow_surface,
   |     ^^^^^^^^^^^^^^^^^^^^^^^^  ^^^^^^^^^^^^^^^^^^^^  ^^^^^^^^^^^^^^^^^^^^^^  ^^^^^^^^^^^^^^^^^^^^

warning: unused import: `watch_events::get_operator_watch_events`
  --> src/operator/mod.rs:29:9
   |
29 | pub use watch_events::get_operator_watch_events;
   |         ^^^^^^^^^^^^^^^^^^^^^^^^^^^^^^^^^^^^^^^

warning: unused imports: `GovernedEffectResult`, `evaluate_effect`, and `evaluate_governed_effect`
   --> src/substrate/agent_lifecycle_gate.rs:151:5
    |
151 |     evaluate_effect, evaluate_governed_effect, GovernedEffectResult,
    |     ^^^^^^^^^^^^^^^  ^^^^^^^^^^^^^^^^^^^^^^^^  ^^^^^^^^^^^^^^^^^^^^

warning: unused import: `OpOutcome`
 --> src/substrate/agent_progeny.rs:9:39
  |
9 | use vac_core::types::{MemoryKernelOp, OpOutcome, AgentStatus};
  |                                       ^^^^^^^^^

warning: unused import: `probe_host`
 --> src/substrate/cvr/profile.rs:6:25
  |
6 | use super::host_probe::{probe_host, HostProbe};
  |                         ^^^^^^^^^^

warning: unused import: `ResolvedIsolation`
  --> src/substrate/cvr/mod.rs:24:40
   |
24 |     IsolationIntent, IsolationProfile, ResolvedIsolation, resolve_isolation, resolve_for_agent,
   |                                        ^^^^^^^^^^^^^^^^^

warning: unused import: `HostProbe`
  --> src/substrate/cvr/mod.rs:26:22
   |
26 | pub use host_probe::{HostProbe, probe_host};
   |                      ^^^^^^^^^

warning: unused imports: `ExecutionBodyKind`, `ExecutionBody`, and `persist_body`
  --> src/substrate/cvr/mod.rs:29:5
   |
29 |     ExecutionBody, ExecutionBodyKind, bind_on_start, load_body, persist_body, posture_for_agent,
   |     ^^^^^^^^^^^^^  ^^^^^^^^^^^^^^^^^                            ^^^^^^^^^^^^

warning: unused import: `MicroVmMeasure`
  --> src/substrate/cvr/mod.rs:31:55
   |
31 | pub use backend::{FirecrackerBackend, MicroVmBackend, MicroVmMeasure};
   |                                                       ^^^^^^^^^^^^^^

warning: unused imports: `LifecycleTransition`, `apply_resume_ex`, `apply_resume`, and `lifecycle_receipt_folder`
  --> src/substrate/cvr/mod.rs:33:5
   |
33 |     LifecycleTransition, apply_pause, apply_quarantine, apply_stop, apply_resume, apply_resume_ex,
   |     ^^^^^^^^^^^^^^^^^^^                                             ^^^^^^^^^^^^  ^^^^^^^^^^^^^^^
34 |     lifecycle_receipt_folder,
   |     ^^^^^^^^^^^^^^^^^^^^^^^^

warning: unused imports: `AgentCellRecord`, `freeze_agent_cell`, and `thaw_agent_cell`
  --> src/substrate/cvr/mod.rs:36:22
   |
36 | pub use agent_cell::{AgentCellRecord, freeze_agent_cell, thaw_agent_cell};
   |                      ^^^^^^^^^^^^^^^  ^^^^^^^^^^^^^^^^^  ^^^^^^^^^^^^^^^

warning: unused imports: `OsRegime` and `get_regime`
  --> src/substrate/cvr/mod.rs:40:18
   |
40 | pub use regime::{OsRegime, get_regime, assert_may_auto_start};
   |                  ^^^^^^^^  ^^^^^^^^^^

warning: unused import: `authority_epoch::AuthorityEpochStore`
  --> src/substrate/arc/mod.rs:22:9
   |
22 | pub use authority_epoch::AuthorityEpochStore;
   |         ^^^^^^^^^^^^^^^^^^^^^^^^^^^^^^^^^^^^

warning: unused import: `governor_input::GovernorInput`
  --> src/substrate/arc/mod.rs:25:9
   |
25 | pub use governor_input::GovernorInput;
   |         ^^^^^^^^^^^^^^^^^^^^^^^^^^^^^

warning: unused import: `proposal::EffectProposal`
  --> src/substrate/arc/mod.rs:27:9
   |
27 | pub use proposal::EffectProposal;
   |         ^^^^^^^^^^^^^^^^^^^^^^^^

warning: unused import: `scheduler::ScheduleHint`
  --> src/substrate/arc/mod.rs:28:9
   |
28 | pub use scheduler::ScheduleHint;
   |         ^^^^^^^^^^^^^^^^^^^^^^^

warning: unused imports: `AgencyTransaction`, `TransitionError`, and `TxState`
  --> src/substrate/arc/mod.rs:29:23
   |
29 | pub use transaction::{AgencyTransaction, TransitionError, TxState};
   |                       ^^^^^^^^^^^^^^^^^  ^^^^^^^^^^^^^^^  ^^^^^^^

warning: unused import: `transaction_store::TransactionStore`
  --> src/substrate/arc/mod.rs:30:9
   |
30 | pub use transaction_store::TransactionStore;
   |         ^^^^^^^^^^^^^^^^^^^^^^^^^^^^^^^^^^^

warning: unused import: `super::*`
   --> src/substrate/ops_runtime.rs:164:9
    |
164 |     use super::*;
    |         ^^^^^^^^

warning: unused import: `HashMap`
  --> src/substrate/graph_firewall.rs:18:24
   |
18 | use std::collections::{HashMap, HashSet};
   |                        ^^^^^^^

warning: unused import: `DenialReason`
  --> src/substrate/probabilistic_llm.rs:11:36
   |
11 | use crate::error::{ConnectorError, DenialReason};
   |                                    ^^^^^^^^^^^^

warning: unused import: `super::*`
   --> src/substrate/aapi_effect_field.rs:386:9
    |
386 |     use super::*;
    |         ^^^^^^^^

warning: unused import: `super::persist`
 --> src/substrate/dim/wake.rs:7:5
  |
7 | use super::persist;
  |     ^^^^^^^^^^^^^^

warning: unused imports: `load` and `save`
  --> src/substrate/dim/mod.rs:16:19
   |
16 | pub use persist::{load, save};
   |                   ^^^^  ^^^^

warning: unused imports: `apply_regulation` and `propose_regulation`
  --> src/substrate/dim/mod.rs:17:20
   |
17 | pub use regulate::{apply_regulation, propose_regulation};
   |                    ^^^^^^^^^^^^^^^^  ^^^^^^^^^^^^^^^^^^

warning: unused imports: `CognitiveRegime`, `DIM_SCHEMA`, `DynamicIntelligenceState`, and `RegulationAction`
  --> src/substrate/dim/mod.rs:18:17
   |
18 | pub use state::{CognitiveRegime, DynamicIntelligenceState, RegulationAction, DIM_SCHEMA, DIM_FOLDER};
   |                 ^^^^^^^^^^^^^^^  ^^^^^^^^^^^^^^^^^^^^^^^^  ^^^^^^^^^^^^^^^^  ^^^^^^^^^^

warning: unused imports: `DOCKLOCK_BINDING_HEADER`, `QUANTUM_HEADER`, `compile_cage_profile`, `docklock_enforce_enabled`, `extract_quantum_id`, `probe_bypass_denied`, `ring1_enforce_enabled`, and `status_snapshot`
 --> src/substrate/docklock_bridge.rs:4:5
  |
4 |     compile_cage_profile, docklock_enforce_enabled, extract_quantum_id, probe_bypass_denied,
  |     ^^^^^^^^^^^^^^^^^^^^  ^^^^^^^^^^^^^^^^^^^^^^^^  ^^^^^^^^^^^^^^^^^^  ^^^^^^^^^^^^^^^^^^^
5 |     ring1_enforce_enabled, status_snapshot, DOCKLOCK_BINDING_HEADER, QUANTUM_HEADER,
  |     ^^^^^^^^^^^^^^^^^^^^^  ^^^^^^^^^^^^^^^  ^^^^^^^^^^^^^^^^^^^^^^^  ^^^^^^^^^^^^^^

warning: unused import: `BOOT_STAGE_NAMES`
 --> src/boot/reporter.rs:5:53
  |
5 | use super::{StageResult, NodeIdentity, BootContext, BOOT_STAGE_NAMES};
  |                                                     ^^^^^^^^^^^^^^^^

warning: unused import: `Instant`
  --> src/boot/recovery.rs:14:27
   |
14 | use std::time::{Duration, Instant};
   |                           ^^^^^^^

warning: unused imports: `BOOT_STAGE_COUNT` and `StageResult`
  --> src/boot/recovery.rs:16:13
   |
16 | use super::{StageResult, BOOT_STAGE_NAMES, BOOT_STAGE_COUNT};
   |             ^^^^^^^^^^^                    ^^^^^^^^^^^^^^^^

warning: unused import: `stages::*`
  --> src/boot/mod.rs:28:9
   |
28 | pub use stages::*;
   |         ^^^^^^^^^

warning: unused import: `reporter::*`
  --> src/boot/mod.rs:29:9
   |
29 | pub use reporter::*;
   |         ^^^^^^^^^^^

warning: unused import: `recovery::*`
  --> src/boot/mod.rs:31:9
   |
31 | pub use recovery::*;
   |         ^^^^^^^^^^^

warning: unused import: `std::sync::Mutex`
  --> src/auth/core.rs:11:5
   |
11 | use std::sync::Mutex;
   |     ^^^^^^^^^^^^^^^^

warning: unused import: `std::collections::HashSet`
  --> src/auth/scoped_tokens.rs:11:5
   |
11 | use std::collections::HashSet;
   |     ^^^^^^^^^^^^^^^^^^^^^^^^^

warning: unused imports: `ActionScope`, `CreateTokenRequest`, `CreateTokenResponse`, `ResourceScopes`, `ScopedToken`, `TokenScopes`, `check_permission`, `generate_token`, and `hash_token`
  --> src/auth/mod.rs:21:5
   |
21 |     ScopedToken, TokenScopes, ResourceScopes, ActionScope,
   |     ^^^^^^^^^^^  ^^^^^^^^^^^  ^^^^^^^^^^^^^^  ^^^^^^^^^^^
22 |     CreateTokenRequest, CreateTokenResponse,
   |     ^^^^^^^^^^^^^^^^^^  ^^^^^^^^^^^^^^^^^^^
23 |     check_permission, generate_token, hash_token,
   |     ^^^^^^^^^^^^^^^^  ^^^^^^^^^^^^^^  ^^^^^^^^^^

warning: unused imports: `CertificateEntry`, `CertificateSigningRequest`, `CertificateStatus`, `CertificateStore`, `CertificateType`, `CertificateValidator`, `MtlsConfig`, `MtlsManager`, `NodeIdentity`, `NodeRole`, `ValidationResult`, and `generate_self_signed_cert`
  --> src/auth/mod.rs:28:5
   |
28 |     MtlsConfig, MtlsManager, CertificateStore, CertificateValidator,
   |     ^^^^^^^^^^  ^^^^^^^^^^^  ^^^^^^^^^^^^^^^^  ^^^^^^^^^^^^^^^^^^^^
29 |     CertificateEntry, CertificateType, CertificateStatus,
   |     ^^^^^^^^^^^^^^^^  ^^^^^^^^^^^^^^^  ^^^^^^^^^^^^^^^^^
30 |     NodeIdentity, NodeRole, ValidationResult,
   |     ^^^^^^^^^^^^  ^^^^^^^^  ^^^^^^^^^^^^^^^^
31 |     CertificateSigningRequest, generate_self_signed_cert,
   |     ^^^^^^^^^^^^^^^^^^^^^^^^^  ^^^^^^^^^^^^^^^^^^^^^^^^^

warning: unused import: `Response`
  --> src/middleware/rate_limit.rs:18:21
   |
18 |     http::{Request, Response, StatusCode},
   |                     ^^^^^^^^

warning: unused import: `State`
  --> src/middleware/tenant.rs:14:24
   |
14 |     extract::{Request, State},
   |                        ^^^^^

warning: unused import: `std::sync::Arc`
  --> src/middleware/tenant.rs:21:5
   |
21 | use std::sync::Arc;
   |     ^^^^^^^^^^^^^^

warning: unused imports: `TenantTier` and `tenant_middleware`
 --> src/middleware/mod.rs:7:33
  |
7 | pub use tenant::{TenantContext, TenantTier, TenantSource, tenant_middleware};
  |                                 ^^^^^^^^^^                ^^^^^^^^^^^^^^^^^

warning: unused imports: `BodyLimitsInfo`, `limits_info`, and `upload_limit_layer`
 --> src/middleware/mod.rs:8:40
  |
8 | pub use body_limit::{body_limit_layer, upload_limit_layer, limits_info, BodyLimitsInfo};
  |                                        ^^^^^^^^^^^^^^^^^^  ^^^^^^^^^^^  ^^^^^^^^^^^^^^

warning: unused import: `ReputationConfig`
  --> src/state.rs:18:54
   |
18 | use connector_engine::reputation::{ReputationEngine, ReputationConfig};
   |                                                      ^^^^^^^^^^^^^^^^

warning: unused import: `Serialize`
 --> src/services/actionlog.rs:7:26
  |
7 | use serde::{Deserialize, Serialize};
  |                          ^^^^^^^^^

warning: unused imports: `HashSet` and `VecDeque`
  --> src/services/agent_index_integration.rs:10:33
   |
10 | use std::collections::{HashMap, HashSet, VecDeque};
   |                                 ^^^^^^^  ^^^^^^^^

warning: unused import: `Duration`
  --> src/services/agent_index_integration.rs:12:17
   |
12 | use std::time::{Duration, Instant};
   |                 ^^^^^^^^

warning: unused import: `BTreeMap`
  --> src/services/agent_lifecycle.rs:18:24
   |
18 | use std::collections::{BTreeMap, HashMap, HashSet, VecDeque};
   |                        ^^^^^^^^

warning: unused imports: `Duration` and `Instant`
  --> src/services/agent_lifecycle.rs:23:17
   |
23 | use std::time::{Duration, Instant};
   |                 ^^^^^^^^  ^^^^^^^

warning: unused imports: `BTreeMap`, `HashSet`, and `VecDeque`
  --> src/services/chain_tree.rs:14:24
   |
14 | use std::collections::{BTreeMap, HashMap, HashSet, VecDeque};
   |                        ^^^^^^^^           ^^^^^^^  ^^^^^^^^

warning: unnecessary parentheses around block return value
    --> src/services/compliance.rs:4707:48
     |
4707 |         "availability_pct": if total_ops > 0 { ((total_ops - denied) * 100 / total_ops) } else { 100 },
     |                                                ^                                      ^
     |
     = note: `#[warn(unused_parens)]` (part of `#[warn(unused)]`) on by default
help: remove these parentheses
     |
4707 -         "availability_pct": if total_ops > 0 { ((total_ops - denied) * 100 / total_ops) } else { 100 },
4707 +         "availability_pct": if total_ops > 0 { (total_ops - denied) * 100 / total_ops } else { 100 },
     |

warning: unused import: `Serialize`
  --> src/services/debug.rs:10:26
   |
10 | use serde::{Deserialize, Serialize};
   |                          ^^^^^^^^^

warning: unused import: `RenderError`
    --> src/services/debug.rs:1496:9
     |
1496 |         RenderError, RenderRequest, Role, SurfaceEngine, SurfaceTimeSelector, SurfaceType,
     |         ^^^^^^^^^^^

warning: unused import: `Query`
 --> src/services/experiments.rs:4:21
  |
4 |     extract::{Path, Query, State},
  |                     ^^^^^

warning: unused import: `SyscallValue`
  --> src/services/experiments.rs:11:56
   |
11 | use vac_core::kernel::{SyscallPayload, SyscallRequest, SyscallValue};
   |                                                        ^^^^^^^^^^^^

warning: unused import: `OpOutcome`
  --> src/services/experiments.rs:12:50
   |
12 | use vac_core::types::{MemPacket, MemoryKernelOp, OpOutcome, PacketType, Source, SourceKind};
   |                                                  ^^^^^^^^^

warning: unused import: `std::f64::consts::E`
  --> src/services/kecs_calculator.rs:12:5
   |
12 | use std::f64::consts::E;
   |     ^^^^^^^^^^^^^^^^^^^

warning: unnecessary parentheses around block return value
   --> src/services/monitor.rs:328:17
    |
328 |                 (acb.memory_region.used_tokens as f64 / acb.memory_region.quota_tokens as f64 * 100.0)
    |                 ^                                                                                    ^
    |
help: remove these parentheses
    |
328 -                 (acb.memory_region.used_tokens as f64 / acb.memory_region.quota_tokens as f64 * 100.0)
328 +                 acb.memory_region.used_tokens as f64 / acb.memory_region.quota_tokens as f64 * 100.0
    |

warning: unused import: `Query`
 --> src/services/multiagent.rs:6:21
  |
6 |     extract::{Path, Query, State},
  |                     ^^^^^

warning: unused import: `SyscallValue`
  --> src/services/multiagent.rs:14:56
   |
14 | use vac_core::kernel::{SyscallPayload, SyscallRequest, SyscallValue};
   |                                                        ^^^^^^^^^^^^

warning: unused import: `OpOutcome`
  --> src/services/multiagent.rs:15:50
   |
15 | use vac_core::types::{MemPacket, MemoryKernelOp, OpOutcome, PacketType, Source, SourceKind};
   |                                                  ^^^^^^^^^

warning: unused import: `BTreeMap`
  --> src/services/namespace_isolation.rs:11:24
   |
11 | use std::collections::{BTreeMap, HashMap, HashSet};
   |                        ^^^^^^^^

warning: unused import: `Duration`
 --> src/services/notebook.rs:6:17
  |
6 | use std::time::{Duration, Instant};
  |                 ^^^^^^^^

warning: unused import: `axum::response::IntoResponse`
   --> src/services/proof.rs:860:9
    |
860 |     use axum::response::IntoResponse;
    |         ^^^^^^^^^^^^^^^^^^^^^^^^^^^^

warning: unused import: `std::collections::HashMap`
  --> src/services/devguard_team.rs:15:5
   |
15 | use std::collections::HashMap;
   |     ^^^^^^^^^^^^^^^^^^^^^^^^^

warning: unused import: `PermissionCheck`
 --> src/services/exec_guard.rs:9:54
  |
9 | use crate::services::policy_config::{DevGuardPolicy, PermissionCheck};
  |                                                      ^^^^^^^^^^^^^^^

warning: unused import: `Deserialize`
  --> src/services/fs_guard.rs:15:13
   |
15 | use serde::{Deserialize, Serialize};
   |             ^^^^^^^^^^^

warning: unused imports: `AdmissionRequest` and `self`
  --> src/services/object_fabric.rs:23:27
   |
23 |     services::admission::{self, AdmissionOp, AdmissionRequest},
   |                           ^^^^               ^^^^^^^^^^^^^^^^

warning: unused import: `std::io::Write`
  --> src/services/playground_export.rs:30:5
   |
30 | use std::io::Write;
   |     ^^^^^^^^^^^^^^

warning: unused import: `Path`
 --> src/services/plugin_runtime_inventory.rs:3:17
  |
3 | use std::path::{Path, PathBuf};
  |                 ^^^^

warning: unused import: `std::path::Path`
  --> src/services/policy_config.rs:11:5
   |
11 | use std::path::Path;
   |     ^^^^^^^^^^^^^^^

warning: unused import: `serde::Deserialize`
  --> src/services/verify.rs:21:5
   |
21 | use serde::Deserialize;
   |     ^^^^^^^^^^^^^^^^^^

warning: unused import: `super::*`
   --> src/services/workflow_bootstrap.rs:443:9
    |
443 |     use super::*;
    |         ^^^^^^^^

warning: unused imports: `ComplexSpectral`, `KecsCalculator`, `KecsComponents`, and `calculate_spectral_parameters`
 --> src/services/infra.rs:5:5
  |
5 |     calculate_spectral_parameters, ComplexSpectral, KecsCalculator, KecsComponents,
  |     ^^^^^^^^^^^^^^^^^^^^^^^^^^^^^  ^^^^^^^^^^^^^^^  ^^^^^^^^^^^^^^  ^^^^^^^^^^^^^^

warning: unused imports: `ReputationConfig` and `ReputationEngine`
  --> src/services/infra.rs:23:46
   |
23 | use connector_engine::reputation::{Feedback, ReputationConfig, ReputationEngine};
   |                                              ^^^^^^^^^^^^^^^^  ^^^^^^^^^^^^^^^^

warning: unused import: `connector_engine::secret_store::SecretStore`
  --> src/services/infra.rs:24:5
   |
24 | use connector_engine::secret_store::SecretStore;
   |     ^^^^^^^^^^^^^^^^^^^^^^^^^^^^^^^^^^^^^^^^^^^

warning: unused import: `HashSet`
  --> src/services/infra.rs:26:33
   |
26 | use std::collections::{HashMap, HashSet};
   |                                 ^^^^^^^

warning: unused import: `TCGovernancePolicy`
    --> src/services/infra.rs:1166:5
     |
1166 |     TCGovernancePolicy, TcIssueRequest, TcReduceRequest, TcRevokeRequest, TcRotateRequest,
     |     ^^^^^^^^^^^^^^^^^^

warning: unused import: `connector_engine::grounding::GroundingTable`
  --> src/services/safety.rs:11:5
   |
11 | use connector_engine::grounding::GroundingTable;
   |     ^^^^^^^^^^^^^^^^^^^^^^^^^^^^^^^^^^^^^^^^^^^

warning: unused imports: `AgentIndexIntegration` and `SharedAgentIndexIntegration`
   --> src/services/mod.rs:152:35
    |
152 | pub use agent_index_integration::{AgentIndexIntegration, SharedAgentIndexIntegration};
    |                                   ^^^^^^^^^^^^^^^^^^^^^  ^^^^^^^^^^^^^^^^^^^^^^^^^^^

warning: unused imports: `AgentResourceManager` and `SharedAgentResourceManager`
   --> src/services/mod.rs:153:34
    |
153 | pub use agent_resource_manager::{AgentResourceManager, SharedAgentResourceManager};
    |                                  ^^^^^^^^^^^^^^^^^^^^  ^^^^^^^^^^^^^^^^^^^^^^^^^^

warning: unused imports: `AutoAllocator` and `SharedAutoAllocator`
   --> src/services/mod.rs:154:26
    |
154 | pub use auto_allocator::{AutoAllocator, SharedAutoAllocator};
    |                          ^^^^^^^^^^^^^  ^^^^^^^^^^^^^^^^^^^

warning: unused import: `Serialize`
  --> src/services/deploy.rs:18:26
   |
18 | use serde::{Deserialize, Serialize};
   |                          ^^^^^^^^^

warning: unused import: `std::collections::HashMap`
  --> src/services/billing.rs:26:5
   |
26 | use std::collections::HashMap;
   |     ^^^^^^^^^^^^^^^^^^^^^^^^^

warning: unused imports: `LedgerAction` and `VerificationTier`
  --> src/services/books.rs:31:5
   |
31 |     LedgerAction, Outcome, PendingObligations, ReconciliationReport, ResourcesHeld, SystemPosition,
   |     ^^^^^^^^^^^^
32 |     VerificationTier,
   |     ^^^^^^^^^^^^^^^^

warning: unused import: `to_ocsf_batch`
  --> src/services/books.rs:39:39
   |
39 | use vac_core::ocsf_adapter::{to_ocsf, to_ocsf_batch, OcsfAdapterConfig};
   |                                       ^^^^^^^^^^^^^

warning: unused import: `std::io::Write`
   --> src/binary_id.rs:563:9
    |
563 |     use std::io::Write;
    |         ^^^^^^^^^^^^^^

warning: unused import: `std::sync::Arc`
 --> src/phone_home.rs:3:5
  |
3 | use std::sync::Arc;
  |     ^^^^^^^^^^^^^^

warning: unused import: `std::collections::HashMap`
 --> src/kms/aws.rs:7:5
  |
7 | use std::collections::HashMap;
  |     ^^^^^^^^^^^^^^^^^^^^^^^^^

warning: unused imports: `KeyState` and `KmsProviderType`
  --> src/kms/aws.rs:12:16
   |
12 |     KmsConfig, KmsProviderType, KeyAlgorithm, KeyUsage, KeyState,
   |                ^^^^^^^^^^^^^^^                          ^^^^^^^^

warning: unused import: `std::collections::HashMap`
 --> src/kms/azure.rs:7:5
  |
7 | use std::collections::HashMap;
  |     ^^^^^^^^^^^^^^^^^^^^^^^^^

warning: unused imports: `KeyState` and `KmsProviderType`
  --> src/kms/azure.rs:12:16
   |
12 |     KmsConfig, KmsProviderType, KeyAlgorithm, KeyUsage, KeyState,
   |                ^^^^^^^^^^^^^^^                          ^^^^^^^^

warning: unused import: `std::collections::HashMap`
 --> src/kms/gcp.rs:7:5
  |
7 | use std::collections::HashMap;
  |     ^^^^^^^^^^^^^^^^^^^^^^^^^

warning: unused imports: `KeyState` and `KmsProviderType`
  --> src/kms/gcp.rs:12:16
   |
12 |     KmsConfig, KmsProviderType, KeyAlgorithm, KeyUsage, KeyState,
   |                ^^^^^^^^^^^^^^^                          ^^^^^^^^

warning: unused import: `async_trait::async_trait`
  --> src/kms/mod.rs:20:5
   |
20 | use async_trait::async_trait;
   |     ^^^^^^^^^^^^^^^^^^^^^^^^

warning: unused import: `Json`
  --> src/api_v2/audit.rs:11:5
   |
11 |     Json,
   |     ^^^^

warning: unused import: `Json`
  --> src/api_v2/health.rs:11:5
   |
11 |     Json,
   |     ^^^^

warning: unused import: `http::StatusCode`
 --> src/api_v2/exec.rs:7:5
  |
7 |     http::StatusCode,
  |     ^^^^^^^^^^^^^^^^

warning: unused import: `Json`
 --> src/api_v2/system.rs:9:5
  |
9 |     Json,
  |     ^^^^

warning: unused import: `NextAction`
  --> src/api_v2/system.rs:15:25
   |
15 | use super::{V2Response, NextAction};
   |                         ^^^^^^^^^^

warning: unused import: `http::StatusCode`
 --> src/api_v2/registry.rs:7:5
  |
7 |     http::StatusCode,
  |     ^^^^^^^^^^^^^^^^

warning: unused import: `chrono::Utc`
  --> src/api_v2/storage.rs:11:5
   |
11 | use chrono::Utc;
   |     ^^^^^^^^^^^

warning: unused imports: `Query` and `http::StatusCode`
 --> src/api_v2/network.rs:6:28
  |
6 |     extract::{Path, State, Query},
  |                            ^^^^^
7 |     http::StatusCode,
  |     ^^^^^^^^^^^^^^^^

warning: unused import: `Json`
 --> src/api_v2/dns.rs:9:5
  |
9 |     Json,
  |     ^^^^

warning: unused import: `patch`
 --> src/api_v2/router.rs:4:34
  |
4 |     routing::{get, post, delete, patch},
  |                                  ^^^^^

warning: unused imports: `Deserialize` and `Serialize`
  --> src/api_v2/errors.rs:15:13
   |
15 | use serde::{Deserialize, Serialize};
   |             ^^^^^^^^^^^  ^^^^^^^^^

warning: unused imports: `V2ApiError` and `V2ErrorCode`
  --> src/api_v2/mod.rs:41:18
   |
41 | pub use errors::{V2ErrorCode, V2ApiError};
   |                  ^^^^^^^^^^^  ^^^^^^^^^^

warning: unused import: `std::collections::HashMap`
  --> src/api_v2/mod.rs:49:5
   |
49 | use std::collections::HashMap;
   |     ^^^^^^^^^^^^^^^^^^^^^^^^^

warning: unused import: `NamespaceGrantV2`
 --> src/kernel/agent_identity_envelope.rs:8:37
  |
8 |     HitlPostureV2, MemoryProfileV2, NamespaceGrantV2, NAMESPACE_PREFIX_TYPES,
  |                                     ^^^^^^^^^^^^^^^^

warning: unused import: `base64::Engine`
  --> src/kernel/docklock.rs:16:5
   |
16 | use base64::Engine;
   |     ^^^^^^^^^^^^^^

warning: unused import: `FourIdLinkageV2`
 --> src/kernel/forensic_rollups.rs:6:58
  |
6 |     FORENSIC_CORRELATION_SCHEMA, FORENSIC_ROLLUP_SCHEMA, FourIdLinkageV2,
  |                                                          ^^^^^^^^^^^^^^^

warning: unused import: `std::os::unix::fs::PermissionsExt`
  --> src/kernel/nsfs.rs:52:13
   |
52 |         use std::os::unix::fs::PermissionsExt;
   |             ^^^^^^^^^^^^^^^^^^^^^^^^^^^^^^^^^

warning: unused import: `self`
  --> src/protocol_gateway/mod.rs:23:18
   |
23 |     middleware::{self, Next},
   |                  ^^^^

warning: unused import: `std::path::Path`
  --> src/protocol_gateway/tls.rs:20:5
   |
20 | use std::path::Path;
   |     ^^^^^^^^^^^^^^^

warning: unused import: `HeaderMap`
  --> src/protocol_gateway/gw_middleware.rs:21:12
   |
21 |     http::{HeaderMap, HeaderValue},
   |            ^^^^^^^^^

warning: unused import: `std::io::Read`
   --> src/protocol_gateway/gw_middleware.rs:175:9
    |
175 |     use std::io::Read;
    |         ^^^^^^^^^^^^^

warning: unused import: `Instant`
 --> src/security/cache.rs:7:27
  |
7 | use std::time::{Duration, Instant};
  |                           ^^^^^^^

warning: unused import: `HashSet`
  --> src/distributed/transport.rs:16:33
   |
16 | use std::collections::{HashMap, HashSet, VecDeque};
   |                                 ^^^^^^^

warning: unused import: `HashSet`
  --> src/distributed/failure_detector.rs:11:33
   |
11 | use std::collections::{HashMap, HashSet};
   |                                 ^^^^^^^

warning: unused import: `Instant`
  --> src/distributed/failure_detector.rs:13:27
   |
13 | use std::time::{Duration, Instant};
   |                           ^^^^^^^

warning: unused import: `CellStatus`
  --> src/distributed/leader_election.rs:17:44
   |
17 | use crate::distributed::failure_detector::{CellStatus, SharedSwimFailureDetector};
   |                                            ^^^^^^^^^^

warning: unused import: `Endpoint`
  --> src/distributed/service_registry.rs:18:50
   |
18 | use crate::distributed::transport::{CellAddress, Endpoint, TransportProtocol, CellHealth};
   |                                                  ^^^^^^^^

warning: unused import: `BTreeMap`
 --> src/distributed/scheduler.rs:7:43
  |
7 | use std::collections::{HashMap, VecDeque, BTreeMap};
  |                                           ^^^^^^^^

warning: unused import: `HashSet`
  --> src/distributed/traffic_manager.rs:11:43
   |
11 | use std::collections::{HashMap, VecDeque, HashSet};
   |                                           ^^^^^^^

warning: unused imports: `HashSet` and `VecDeque`
  --> src/distributed/cloud_manager.rs:10:33
   |
10 | use std::collections::{HashMap, HashSet, VecDeque};
   |                                 ^^^^^^^  ^^^^^^^^

warning: unused imports: `Duration` and `Instant`
  --> src/distributed/cloud_manager.rs:13:17
   |
13 | use std::time::{Duration, Instant};
   |                 ^^^^^^^^  ^^^^^^^

warning: unused import: `std::collections::HashMap`
   --> src/knowledge/pagination.rs:362:13
    |
362 |         use std::collections::HashMap;
    |             ^^^^^^^^^^^^^^^^^^^^^^^^^

warning: unused imports: `Duration` and `Instant`
 --> src/knowledge/maintenance.rs:7:17
  |
7 | use std::time::{Duration, Instant};
  |                 ^^^^^^^^  ^^^^^^^

warning: unused imports: `HashSet` and `VecDeque`
  --> src/knot/capabilities.rs:11:33
   |
11 | use std::collections::{HashMap, HashSet, VecDeque, BTreeMap};
   |                                 ^^^^^^^  ^^^^^^^^

warning: unused imports: `Deserialize` and `Serialize`
 --> src/storage/adapter.rs:8:13
  |
8 | use serde::{Serialize, Deserialize};
  |             ^^^^^^^^^  ^^^^^^^^^^^

warning: unused import: `HashSet`
 --> src/compliance/dynamic_tests.rs:5:33
  |
5 | use std::collections::{HashMap, HashSet};
  |                                 ^^^^^^^

warning: unused imports: `Duration` and `Instant`
 --> src/compliance/archival.rs:7:17
  |
7 | use std::time::{Duration, Instant};
  |                 ^^^^^^^^  ^^^^^^^

warning: unused import: `HashSet`
 --> src/compliance/audit_trail.rs:5:33
  |
5 | use std::collections::{HashMap, HashSet};
  |                                 ^^^^^^^

warning: unused import: `HashSet`
 --> src/cls/compiler.rs:5:33
  |
5 | use std::collections::{HashMap, HashSet};
  |                                 ^^^^^^^

warning: unused import: `Constant`
 --> src/cls/engine.rs:9:54
  |
9 | use crate::cls::compiler::{CompiledContract, OpCode, Constant, BytecodeFunction};
  |                                                      ^^^^^^^^

warning: unused import: `CnpSession`
 --> src/protocols/glue.rs:8:37
  |
8 | use crate::distributed::cnp_stack::{CnpSession, CnpMessage, Intent};
  |                                     ^^^^^^^^^^

warning: unused imports: `CnpSession` and `Intent`
 --> src/agents/index_integration.rs:9:37
  |
9 | use crate::distributed::cnp_stack::{CnpSession, Intent};
  |                                     ^^^^^^^^^^  ^^^^^^

warning: unused import: `AgentStatus`
 --> src/agents/allocator.rs:9:111
  |
9 | use crate::agents::index_integration::{AgentIndexIntegration, AgentQuery, SelectionStrategy, AgentIndexEntry, AgentStatus};
  |                                                                                                               ^^^^^^^^^^^

warning: unused import: `Hmac`
 --> src/cnp/wire.rs:7:12
  |
7 | use hmac::{Hmac, Mac};
  |            ^^^^

warning: unused import: `Sha256`
  --> src/cnp/wire.rs:10:20
   |
10 | use sha2::{Digest, Sha256};
   |                    ^^^^^^

warning: unused import: `connector_engine::llm_router::LlmRouter`
   --> src/main.rs:118:5
    |
118 | use connector_engine::llm_router::LlmRouter;
    |     ^^^^^^^^^^^^^^^^^^^^^^^^^^^^^^^^^^^^^^^

warning: use of deprecated constant `agents::allocator::tests::test_allocation`: quota SoT is services::agents + VAC kernel caps; do not wire this module to HTTP
   --> src/agents/allocator.rs:444:5
    |
444 | /     fn test_allocation() {
445 | |         let index = Arc::new(AgentIndexIntegration::new());
446 | |         let rm = Arc::new(ResourceManager::new());
...   |
469 | |         assert_eq!(result.agent_id.unwrap(), "agent-1");
470 | |     }
    | |_____^
    |
    = note: `#[warn(deprecated)]` on by default

warning: use of deprecated constant `agents::allocator::tests::test_no_matching_agents`: quota SoT is services::agents + VAC kernel caps; do not wire this module to HTTP
   --> src/agents/allocator.rs:486:5
    |
486 | /     fn test_no_matching_agents() {
487 | |         let index = Arc::new(AgentIndexIntegration::new());
488 | |         let rm = Arc::new(ResourceManager::new());
...   |
504 | |         assert!(!result.success);
505 | |     }
    | |_____^

warning: use of deprecated constant `agents::allocator::tests::test_quick_allocate`: quota SoT is services::agents + VAC kernel caps; do not wire this module to HTTP
   --> src/agents/allocator.rs:473:5
    |
473 | /     fn test_quick_allocate() {
474 | |         let index = Arc::new(AgentIndexIntegration::new());
475 | |         let rm = Arc::new(ResourceManager::new());
...   |
482 | |         assert!(agent_id.is_some());
483 | |     }
    | |_____^

warning: use of deprecated constant `agents::capacity::tests::test_depletion_prediction`: quota SoT is services::agents + VAC kernel caps; do not wire this module to HTTP
   --> src/agents/capacity.rs:463:5
    |
463 | /     fn test_depletion_prediction() {
464 | |         let rm = Arc::new(ResourceManager::new());
465 | |         let planner = CapacityPlanner::new(rm);
...   |
474 | |         assert!(!predictions.is_empty());
475 | |     }
    | |_____^

warning: use of deprecated constant `agents::capacity::tests::test_headroom_tracking`: quota SoT is services::agents + VAC kernel caps; do not wire this module to HTTP
   --> src/agents/capacity.rs:453:5
    |
453 | /     fn test_headroom_tracking() {
454 | |         let rm = Arc::new(ResourceManager::new());
455 | |         let planner = CapacityPlanner::new(rm);
...   |
459 | |         assert!(!headroom.total_resources.is_empty());
460 | |     }
    | |_____^

warning: use of deprecated constant `agents::capacity::tests::test_snapshot`: quota SoT is services::agents + VAC kernel caps; do not wire this module to HTTP
   --> src/agents/capacity.rs:433:5
    |
433 | /     fn test_snapshot() {
434 | |         let rm = Arc::new(ResourceManager::new());
435 | |         let planner = CapacityPlanner::new(rm);
...   |
438 | |         assert!(snapshot.timestamp > 0);
439 | |     }
    | |_____^

warning: use of deprecated constant `agents::capacity::tests::test_trend_calculation`: quota SoT is services::agents + VAC kernel caps; do not wire this module to HTTP
   --> src/agents/capacity.rs:442:5
    |
442 | /     fn test_trend_calculation() {
443 | |         let rm = Arc::new(ResourceManager::new());
444 | |         let planner = CapacityPlanner::new(rm);
...   |
449 | |         assert!(trend > 0.0); // Increasing trend
450 | |     }
    | |_____^

warning: use of deprecated constant `agents::index_integration::tests::test_capability_query`: quota SoT is services::agents + VAC kernel caps; do not wire this module to HTTP
   --> src/agents/index_integration.rs:486:5
    |
486 | /     fn test_capability_query() {
487 | |         let index = AgentIndexIntegration::new();
488 | |         
489 | |         index.register(create_test_agent("agent-1", vec!["compute", "storage"])).unwrap();
...   |
502 | |         assert_eq!(result.total_matched, 2); // agent-1 and agent-2
503 | |     }
    | |_____^

warning: use of deprecated constant `agents::index_integration::tests::test_find_agent_for_capability`: quota SoT is services::agents + VAC kernel caps; do not wire this module to HTTP
   --> src/agents/index_integration.rs:506:5
    |
506 | /     fn test_find_agent_for_capability() {
507 | |         let index = AgentIndexIntegration::new();
508 | |         
509 | |         index.register(create_test_agent("agent-1", vec!["compute"])).unwrap();
...   |
514 | |         assert_eq!(agent.unwrap().agent_id, "agent-1");
515 | |     }
    | |_____^

warning: use of deprecated constant `agents::index_integration::tests::test_least_loaded_selection`: quota SoT is services::agents + VAC kernel caps; do not wire this module to HTTP
   --> src/agents/index_integration.rs:532:5
    |
532 | /     fn test_least_loaded_selection() {
533 | |         let index = AgentIndexIntegration::new();
534 | |         
535 | |         let mut a1 = create_test_agent("agent-1", vec!["compute"]);
...   |
552 | |         assert_eq!(result.agents[0].agent_id, "agent-2"); // Least loaded first
553 | |     }
    | |_____^

warning: use of deprecated constant `agents::index_integration::tests::test_registration`: quota SoT is services::agents + VAC kernel caps; do not wire this module to HTTP
   --> src/agents/index_integration.rs:475:5
    |
475 | /     fn test_registration() {
476 | |         let index = AgentIndexIntegration::new();
477 | |         
478 | |         let agent = create_test_agent("agent-1", vec!["compute", "storage"]);
...   |
482 | |         assert_eq!(stats.total_agents, 1);
483 | |     }
    | |_____^

warning: use of deprecated constant `agents::index_integration::tests::test_sticky_session`: quota SoT is services::agents + VAC kernel caps; do not wire this module to HTTP
   --> src/agents/index_integration.rs:518:5
    |
518 | /     fn test_sticky_session() {
519 | |         let index = AgentIndexIntegration::new();
520 | |         
521 | |         index.register(create_test_agent("agent-1", vec!["compute"])).unwrap();
...   |
528 | |         assert_eq!(agent1.unwrap().agent_id, agent2.unwrap().agent_id);
529 | |     }
    | |_____^

warning: use of deprecated constant `agents::reclaimer::tests::test_idle_detection`: quota SoT is services::agents + VAC kernel caps; do not wire this module to HTTP
   --> src/agents/reclaimer.rs:339:5
    |
339 | /     fn test_idle_detection() {
340 | |         let index = Arc::new(AgentIndexIntegration::new());
341 | |         let rm = Arc::new(ResourceManager::new());
...   |
357 | |         assert!(idle[0].is_idle);
358 | |     }
    | |_____^

warning: use of deprecated constant `agents::reclaimer::tests::test_reclaim`: quota SoT is services::agents + VAC kernel caps; do not wire this module to HTTP
   --> src/agents/reclaimer.rs:361:5
    |
361 | /     fn test_reclaim() {
362 | |         let index = Arc::new(AgentIndexIntegration::new());
363 | |         let rm = Arc::new(ResourceManager::new());
...   |
373 | |         assert_eq!(stats.total_paused, 1);
374 | |     }
    | |_____^

warning: use of deprecated constant `agents::resource_manager::tests::test_allocation`: quota SoT is services::agents + VAC kernel caps; do not wire this module to HTTP
   --> src/agents/resource_manager.rs:387:5
    |
387 | /     fn test_allocation() {
388 | |         let manager = ResourceManager::new();
389 | |         
390 | |         let mut resources = HashMap::new();
...   |
400 | |         assert_eq!(allocation.agent_id, "agent-1");
401 | |     }
    | |_____^

warning: use of deprecated constant `agents::resource_manager::tests::test_capacity_limit`: quota SoT is services::agents + VAC kernel caps; do not wire this module to HTTP
   --> src/agents/resource_manager.rs:404:5
    |
404 | /     fn test_capacity_limit() {
405 | |         let manager = ResourceManager::new();
...   |
417 | |         assert!(result.is_err());
418 | |     }
    | |_____^

warning: use of deprecated constant `agents::resource_manager::tests::test_contention`: quota SoT is services::agents + VAC kernel caps; do not wire this module to HTTP
   --> src/agents/resource_manager.rs:443:5
    |
443 | /     fn test_contention() {
444 | |         let mut manager = ResourceManager::new();
...   |
455 | |         assert!(!resolutions.is_empty());
456 | |     }
    | |_____^

warning: use of deprecated constant `agents::resource_manager::tests::test_reservation`: quota SoT is services::agents + VAC kernel caps; do not wire this module to HTTP
   --> src/agents/resource_manager.rs:421:5
    |
421 | /     fn test_reservation() {
422 | |         let manager = ResourceManager::new();
423 | |         
424 | |         let mut resources = HashMap::new();
...   |
439 | |         assert!(available.get(&ResourceType::Memory).unwrap() < &mem_cap);
440 | |     }
    | |_____^

warning: use of deprecated constant `services::agent_resource_manager::tests::test_resource_reclamation`: quota SoT is services::agents + VAC kernel; not wired to HTTP register
   --> src/services/agent_resource_manager.rs:564:5
    |
564 | /     fn test_resource_reclamation() {
565 | |         let manager = AgentResourceManager::new(8192, 8.0);
...   |
600 | |     }
    | |_____^

warning: use of deprecated constant `services::agent_resource_manager::tests::test_resource_registration`: quota SoT is services::agents + VAC kernel; not wired to HTTP register
   --> src/services/agent_resource_manager.rs:489:5
    |
489 | /     fn test_resource_registration() {
490 | |         let manager = AgentResourceManager::new(8192, 8.0);
491 | |
492 | |         let limits = ResourceLimits {
...   |
502 | |         assert_eq!(stats.total_agents, 1);
503 | |     }
    | |_____^

warning: use of deprecated constant `services::agent_resource_manager::tests::test_resource_violation`: quota SoT is services::agents + VAC kernel; not wired to HTTP register
   --> src/services/agent_resource_manager.rs:506:5
    |
506 | /     fn test_resource_violation() {
507 | |         let manager = AgentResourceManager::new(8192, 8.0);
508 | |
509 | |         let limits = ResourceLimits {
...   |
531 | |         assert_eq!(action, ResourceAction::Kill);
532 | |     }
    | |_____^

warning: use of deprecated constant `services::agent_resource_manager::tests::test_throttling`: quota SoT is services::agents + VAC kernel; not wired to HTTP register
   --> src/services/agent_resource_manager.rs:535:5
    |
535 | /     fn test_throttling() {
536 | |         let manager = AgentResourceManager::new(8192, 8.0);
537 | |
538 | |         let limits = ResourceLimits {
...   |
560 | |         assert_eq!(action, ResourceAction::Throttle);
561 | |     }
    | |_____^

warning: use of deprecated unit variant `vac_core::MemoryKernelOp::AgentStart`: Use AgentBoot for staged initialization with sandbox setup and health checks
   --> src/substrate/agent_lifecycle_gate.rs:224:48
    |
224 |         LifecycleOp::Start => (MemoryKernelOp::AgentStart, SyscallPayload::Empty),
    |                                                ^^^^^^^^^^

warning: use of deprecated struct `services::agent_resource_manager::AgentResourceManager`: quota SoT is services::agents + VAC kernel; not wired to HTTP register
   --> src/services/mod.rs:153:34
    |
153 | pub use agent_resource_manager::{AgentResourceManager, SharedAgentResourceManager};
    |                                  ^^^^^^^^^^^^^^^^^^^^

warning: use of deprecated struct `services::agent_resource_manager::SharedAgentResourceManager`: quota SoT is services::agents + VAC kernel; not wired to HTTP register
   --> src/services/mod.rs:153:56
    |
153 | pub use agent_resource_manager::{AgentResourceManager, SharedAgentResourceManager};
    |                                                        ^^^^^^^^^^^^^^^^^^^^^^^^^^

warning: use of deprecated unit variant `vac_core::MemoryKernelOp::ContextSnapshot`: Use AgentSuspend which handles context snapshot internally
    --> src/services/agents.rs:3045:40
     |
3045 |             operation: MemoryKernelOp::ContextSnapshot,
     |                                        ^^^^^^^^^^^^^^^

warning: use of deprecated unit variant `vac_core::MemoryKernelOp::ContextRestore`: Use AgentResume which handles context restore internally
    --> src/services/agents.rs:3146:40
     |
3146 |             operation: MemoryKernelOp::ContextRestore,
     |                                        ^^^^^^^^^^^^^^

warning: use of deprecated unit variant `vac_core::MemoryKernelOp::ContextRestore`: Use AgentResume which handles context restore internally
    --> src/services/agents.rs:4175:29
     |
4175 |             MemoryKernelOp::ContextRestore,
     |                             ^^^^^^^^^^^^^^

warning: variable does not need to be mutable
  --> src/substrate/status.rs:24:9
   |
24 |     let mut ha = json!({
   |         ----^^
   |         |
   |         help: remove this `mut`
   |
   = note: `#[warn(unused_mut)]` (part of `#[warn(unused)]`) on by default

warning: variable does not need to be mutable
    --> src/services/agents.rs:2611:9
     |
2611 |     let mut es = state.engine_store.lock().unwrap();
     |         ----^^
     |         |
     |         help: remove this `mut`

warning: variable does not need to be mutable
    --> src/services/agents.rs:3219:13
     |
3219 |         let mut es = state.engine_store.lock().unwrap();
     |             ----^^
     |             |
     |             help: remove this `mut`

warning: variable does not need to be mutable
    --> src/services/agents.rs:4257:13
     |
4257 |         let mut es = state.engine_store.lock().unwrap();
     |             ----^^
     |             |
     |             help: remove this `mut`

warning: variable does not need to be mutable
    --> src/services/agents.rs:4359:13
     |
4359 |         let mut es = state.engine_store.lock().unwrap();
     |             ----^^
     |             |
     |             help: remove this `mut`

warning: variable does not need to be mutable
    --> src/services/compliance.rs:5263:9
     |
5263 |     let mut es = state.engine_store.lock().unwrap();
     |         ----^^
     |         |
     |         help: remove this `mut`

warning: variable does not need to be mutable
    --> src/services/debug.rs:1190:9
     |
1190 |     let mut filtered: Vec<_> = k
     |         ----^^^^^^^^
     |         |
     |         help: remove this `mut`

warning: variable does not need to be mutable
   --> src/services/mesh_status.rs:149:9
    |
149 |     let mut body = json!({
    |         ----^^^^
    |         |
    |         help: remove this `mut`

warning: variable does not need to be mutable
   --> src/services/webhooks.rs:793:9
    |
793 |     let mut es = state.engine_store.lock().unwrap();
    |         ----^^
    |         |
    |         help: remove this `mut`

warning: variable does not need to be mutable
   --> src/services/kernel_host.rs:959:9
    |
959 |     let mut host = state
    |         ----^^^^
    |         |
    |         help: remove this `mut`

warning: variable does not need to be mutable
   --> src/services/plugin_hub.rs:164:9
    |
164 |     let mut degraded = 0usize;
    |         ----^^^^^^^^
    |         |
    |         help: remove this `mut`

warning: variable does not need to be mutable
   --> src/services/tracetramp_proxy.rs:149:9
    |
149 |     let mut req = http_client()
    |         ----^^^
    |         |
    |         help: remove this `mut`

warning: variable does not need to be mutable
   --> src/services/witnessctl_proxy.rs:170:9
    |
170 |     let mut req = http_client()
    |         ----^^^
    |         |
    |         help: remove this `mut`

warning: variable does not need to be mutable
   --> src/services/workflow_runtime.rs:635:9
    |
635 |     let mut log: Vec<Value> = es
    |         ----^^^
    |         |
    |         help: remove this `mut`

warning: variable does not need to be mutable
    --> src/services/gateway.rs:1554:9
     |
1554 |     let mut sanitized_messages = sanitized_messages;
     |         ----^^^^^^^^^^^^^^^^^^
     |         |
     |         help: remove this `mut`

warning: variable does not need to be mutable
   --> src/services/books.rs:594:17
    |
594 |             let mut resp = axum::response::Response::builder()
    |                 ----^^^^
    |                 |
    |                 help: remove this `mut`

warning: unused import: `Digest`
 --> src/services/actionlog.rs:8:12
  |
8 | use sha2::{Digest, Sha256};
  |            ^^^^^^

warning: unused import: `connector_engine::engine_store::EngineStore`
  --> src/services/apps_catalog.rs:12:5
   |
12 | use connector_engine::engine_store::EngineStore;
   |     ^^^^^^^^^^^^^^^^^^^^^^^^^^^^^^^^^^^^^^^^^^^

warning: unused import: `connector_engine::engine_store::EngineStore`
   --> src/services/marketplace.rs:356:9
    |
356 |     use connector_engine::engine_store::EngineStore;
    |         ^^^^^^^^^^^^^^^^^^^^^^^^^^^^^^^^^^^^^^^^^^^

warning: unused import: `connector_engine::engine_store::EngineStore`
   --> src/services/marketplace.rs:405:9
    |
405 |     use connector_engine::engine_store::EngineStore;
    |         ^^^^^^^^^^^^^^^^^^^^^^^^^^^^^^^^^^^^^^^^^^^

warning: unused import: `connector_engine::engine_store::EngineStore`
   --> src/services/marketplace.rs:499:9
    |
499 |     use connector_engine::engine_store::EngineStore;
    |         ^^^^^^^^^^^^^^^^^^^^^^^^^^^^^^^^^^^^^^^^^^^

warning: unused import: `connector_engine::engine_store::EngineStore`
   --> src/services/marketplace.rs:551:9
    |
551 |     use connector_engine::engine_store::EngineStore;
    |         ^^^^^^^^^^^^^^^^^^^^^^^^^^^^^^^^^^^^^^^^^^^

warning: unused import: `connector_engine::engine_store::EngineStore`
   --> src/services/marketplace.rs:597:9
    |
597 |     use connector_engine::engine_store::EngineStore;
    |         ^^^^^^^^^^^^^^^^^^^^^^^^^^^^^^^^^^^^^^^^^^^

warning: unused import: `EngineStore`
  --> src/services/secrets.rs:20:69
   |
20 | use connector_engine::engine_store::{AuditFilter, EngineAuditEntry, EngineStore};
   |                                                                     ^^^^^^^^^^^

warning: unused import: `connector_engine::engine_store::EngineStore`
  --> src/services/episodes.rs:19:5
   |
19 | use connector_engine::engine_store::EngineStore;
   |     ^^^^^^^^^^^^^^^^^^^^^^^^^^^^^^^^^^^^^^^^^^^

warning: unused import: `EngineStore`
  --> src/services/audit_receipts.rs:15:51
   |
15 | use connector_engine::engine_store::{AuditFilter, EngineStore};
   |                                                   ^^^^^^^^^^^

warning: unused import: `tokio_stream::StreamExt`
  --> src/services/books.rs:37:5
   |
37 | use tokio_stream::StreamExt;
   |     ^^^^^^^^^^^^^^^^^^^^^^^

warning: unused import: `TimeZone`
  --> src/services/books.rs:28:24
   |
28 | use chrono::{Datelike, TimeZone, Utc};
   |                        ^^^^^^^^

warning: unused import: `tokio::io::AsyncWriteExt`
   --> src/distributed/transport.rs:593:13
    |
593 |         use tokio::io::AsyncWriteExt;
    |             ^^^^^^^^^^^^^^^^^^^^^^^^

warning: unused import: `Mac`
 --> src/cnp/wire.rs:7:18
  |
7 | use hmac::{Hmac, Mac};
  |                  ^^^

warning: unused variable: `capability_id`
   --> src/substrate/microvm_tool_plane.rs:297:5
    |
297 |     capability_id: &str,
    |     ^^^^^^^^^^^^^ help: if this is intentional, prefix it with an underscore: `_capability_id`
    |
    = note: `#[warn(unused_variables)]` (part of `#[warn(unused)]`) on by default

warning: unused variable: `color`
  --> src/boot/reporter.rs:99:24
   |
99 |             let (icon, color) = if result.success {
   |                        ^^^^^ help: if this is intentional, prefix it with an underscore: `_color`

warning: unused variable: `agent_pid`
   --> src/error.rs:173:70
    |
173 |     pub fn budget_exhausted(used: u64, limit: u64, reset_at_ms: i64, agent_pid: &str) -> Self {
    |                                                                      ^^^^^^^^^ help: if this is intentional, prefix it with an underscore: `_agent_pid`

warning: unused variable: `access_jti`
   --> src/auth/core.rs:982:24
    |
982 |     let (access_token, access_jti) = match create_token(
    |                        ^^^^^^^^^^ help: if this is intentional, prefix it with an underscore: `_access_jti`

warning: unused variable: `state`
    --> src/router.rs:2278:26
     |
2278 |     axum::extract::State(state): axum::extract::State<SharedState>,
     |                          ^^^^^ help: if this is intentional, prefix it with an underscore: `_state`

warning: unused variable: `role`
    --> src/services/compliance.rs:6192:19
     |
6192 |     let (user_id, role) = match caller(&headers) {
     |                   ^^^^ help: if this is intentional, prefix it with an underscore: `_role`

warning: unused variable: `q`
    --> src/services/actionlog.rs:1127:11
     |
1127 |     Query(q): Query<ListQuery>,
     |           ^ help: if this is intentional, prefix it with an underscore: `_q`

warning: variable does not need to be mutable
   --> src/services/admission.rs:437:13
    |
437 |         let mut kh = state.kernel_host.lock().unwrap();
    |             ----^^
    |             |
    |             help: remove this `mut`

warning: unused variable: `total_secrets_redacted`
    --> src/services/gateway.rs:1161:28
     |
1161 |     let (guarded_messages, total_secrets_redacted) = if !dg_role.is_empty() {
     |                            ^^^^^^^^^^^^^^^^^^^^^^ help: if this is intentional, prefix it with an underscore: `_total_secrets_redacted`

warning: unused variable: `audit_content`
    --> src/services/gateway.rs:1682:9
     |
1682 |     let audit_content = serde_json::json!({
     |         ^^^^^^^^^^^^^ help: if this is intentional, prefix it with an underscore: `_audit_content`

warning: unused variable: `now`
   --> src/services/agent_lifecycle.rs:289:13
    |
289 |         let now = chrono::Utc::now().timestamp_millis();
    |             ^^^ help: if this is intentional, prefix it with an underscore: `_now`

warning: unused variable: `i`
   --> src/services/agent_lifecycle.rs:901:13
    |
901 |         for i in 0..5 {
    |             ^ help: if this is intentional, prefix it with an underscore: `_i`

warning: unused variable: `now`
   --> src/services/agent_traffic_police.rs:346:13
    |
346 |         let now = chrono::Utc::now().timestamp_millis();
    |             ^^^ help: if this is intentional, prefix it with an underscore: `_now`

warning: unused variable: `cooldown_ms`
   --> src/services/agent_traffic_police.rs:523:13
    |
523 |         let cooldown_ms = self.strategy.cooldown_ms;
    |             ^^^^^^^^^^^ help: if this is intentional, prefix it with an underscore: `_cooldown_ms`

warning: unused variable: `now`
   --> src/services/agent_traffic_police.rs:629:13
    |
629 |         let now = chrono::Utc::now().timestamp_millis();
    |             ^^^ help: if this is intentional, prefix it with an underscore: `_now`

warning: variable does not need to be mutable
   --> src/services/agents.rs:264:9
    |
264 |     let mut es = state.engine_store.lock().unwrap();
    |         ----^^
    |         |
    |         help: remove this `mut`

warning: variable does not need to be mutable
   --> src/services/agents.rs:401:13
    |
401 |         let mut es = state.engine_store.lock().unwrap();
    |             ----^^
    |             |
    |             help: remove this `mut`

warning: unused variable: `kernel_pid`
    --> src/services/agents.rs:2758:10
     |
2758 |     let (kernel_pid, pid) = resolve_kernel_pid(&state, &pid);
     |          ^^^^^^^^^^ help: if this is intentional, prefix it with an underscore: `_kernel_pid`

warning: variable does not need to be mutable
   --> src/services/chain_tree.rs:245:13
    |
245 |         let mut parents = vec![knowledge_parent.clone()];
    |             ----^^^^^^^
    |             |
    |             help: remove this `mut`

warning: unused variable: `trust_score`
   --> src/services/compliance.rs:945:5
    |
945 |     trust_score: u32,
    |     ^^^^^^^^^^^ help: if this is intentional, prefix it with an underscore: `_trust_score`

warning: unused variable: `total_ops`
    --> src/services/compliance.rs:4805:9
     |
4805 |     let total_ops = k.audit_log().len();
     |         ^^^^^^^^^ help: if this is intentional, prefix it with an underscore: `_total_ops`

warning: unused variable: `pattern`
    --> src/services/compliance.rs:5664:28
     |
5664 |             for (phi_type, pattern, severity) in phi_patterns.iter() {
     |                            ^^^^^^^ help: if this is intentional, prefix it with an underscore: `_pattern`

warning: unused variable: `aapi`
   --> src/services/disputes.rs:473:9
    |
473 |     let aapi = state.aapi.lock().unwrap();
    |         ^^^^ help: if this is intentional, prefix it with an underscore: `_aapi`

warning: unused variable: `context`
   --> src/services/disputes.rs:920:9
    |
920 |     let context = req.get("context").and_then(|v| v.as_str()).unwrap_or("");
    |         ^^^^^^^ help: if this is intentional, prefix it with an underscore: `_context`

warning: unused variable: `q`
   --> src/services/history.rs:251:11
    |
251 |     Query(q): Query<HistoryQuery>,
    |           ^ help: if this is intentional, prefix it with an underscore: `_q`

warning: unused variable: `q`
   --> src/services/history.rs:587:11
    |
587 |     Query(q): Query<HistoryQuery>,
    |           ^ help: if this is intentional, prefix it with an underscore: `_q`

warning: unused variable: `trust`
  --> src/services/insights.rs:13:9
   |
13 |     let trust = connector_engine::TrustComputer::compute(&k);
   |         ^^^^^ help: if this is intentional, prefix it with an underscore: `_trust`

warning: unused variable: `now`
   --> src/services/insights.rs:133:9
    |
133 |     let now = chrono::Utc::now().timestamp_millis();
    |         ^^^ help: if this is intentional, prefix it with an underscore: `_now`

warning: unused variable: `k`
   --> src/services/memory.rs:517:13
    |
517 |         let k = state.kernel.lock().unwrap();
    |             ^ help: if this is intentional, prefix it with an underscore: `_k`

warning: unused variable: `acb`
    --> src/services/memory.rs:1394:9
     |
1394 |     let acb = match k.get_agent(agent_pid) {
     |         ^^^ help: if this is intentional, prefix it with an underscore: `_acb`

warning: unused variable: `to_can_write`
    --> src/services/memory.rs:1962:9
     |
1962 |     let to_can_write = to_acb.memory_region.protection.write;
     |         ^^^^^^^^^^^^ help: if this is intentional, prefix it with an underscore: `_to_can_write`

warning: unused variable: `target_ns`
    --> src/services/memory.rs:1978:9
     |
1978 |     let target_ns = to_acb.namespace.clone();
     |         ^^^^^^^^^ help: if this is intentional, prefix it with an underscore: `_target_ns`

warning: unused variable: `cutoff_ms`
    --> src/services/monitor.rs:1647:9
     |
1647 |     let cutoff_ms = now_ms - history_days * 86_400_000;
     |         ^^^^^^^^^ help: if this is intentional, prefix it with an underscore: `_cutoff_ms`

warning: value assigned to `pipeline_stopped` is never read
   --> src/services/multiagent.rs:874:21
    |
874 |                     pipeline_stopped = true;
    |                     ^^^^^^^^^^^^^^^^^^^^^^^
    |
    = help: maybe it is overwritten before being read?
    = note: `#[warn(unused_assignments)]` (part of `#[warn(unused)]`) on by default

warning: unused variable: `pipe_id`
    --> src/services/multiagent.rs:1094:9
     |
1094 |     let pipe_id = format!("pipe:{}", pipe_name);
     |         ^^^^^^^ help: if this is intentional, prefix it with an underscore: `_pipe_id`

warning: unused variable: `ns`
    --> src/services/multiagent.rs:1405:17
     |
1405 |             let ns = format!("ns:{}", acb.agent_pid);
     |                 ^^ help: if this is intentional, prefix it with an underscore: `_ns`

warning: unused variable: `source_ns`
   --> src/services/namespace_isolation.rs:457:32
    |
457 |     fn detect_data_leak(&self, source_ns: &str, target_ns: &str, agent_pid: &str) -> bool {
    |                                ^^^^^^^^^ help: if this is intentional, prefix it with an underscore: `_source_ns`

warning: unused variable: `target_ns`
   --> src/services/namespace_isolation.rs:457:49
    |
457 |     fn detect_data_leak(&self, source_ns: &str, target_ns: &str, agent_pid: &str) -> bool {
    |                                                 ^^^^^^^^^ help: if this is intentional, prefix it with an underscore: `_target_ns`

warning: unused variable: `headers`
    --> src/services/notifications.rs:1070:5
     |
1070 |     headers: axum::http::HeaderMap,
     |     ^^^^^^^ help: if this is intentional, prefix it with an underscore: `_headers`

warning: unused variable: `pipe_prefix`
  --> src/services/pipeline.rs:23:9
   |
23 |     let pipe_prefix = format!("pipe:{}", pipeline_id);
   |         ^^^^^^^^^^^ help: if this is intentional, prefix it with an underscore: `_pipe_prefix`

warning: unused variable: `base_size`
   --> src/services/proof_chain.rs:290:29
    |
290 |         let (original_size, base_size, delta_size) = {
    |                             ^^^^^^^^^ help: if this is intentional, prefix it with an underscore: `_base_size`

warning: unused variable: `child`
   --> src/services/proof_chain.rs:824:13
    |
824 |         let child = tree.add_proof(
    |             ^^^^^ help: if this is intentional, prefix it with an underscore: `_child`

warning: variable does not need to be mutable
   --> src/services/apps_catalog.rs:242:9
    |
242 |     let mut es = state.engine_store.lock().unwrap();
    |         ----^^
    |         |
    |         help: remove this `mut`

warning: unused variable: `state`
   --> src/services/grounding.rs:186:11
    |
186 |     State(state): State<SharedState>,
    |           ^^^^^ help: if this is intentional, prefix it with an underscore: `_state`

warning: unused variable: `state`
   --> src/services/grounding.rs:225:11
    |
225 |     State(state): State<SharedState>,
    |           ^^^^^ help: if this is intentional, prefix it with an underscore: `_state`

warning: variable does not need to be mutable
  --> src/services/playground_export.rs:48:13
   |
48 |         let mut es = state.engine_store.lock().unwrap();
   |             ----^^
   |             |
   |             help: remove this `mut`

warning: variable does not need to be mutable
  --> src/services/playground_export.rs:56:13
   |
56 |         let mut es = state.engine_store.lock().unwrap();
   |             ----^^
   |             |
   |             help: remove this `mut`

warning: unused variable: `state`
   --> src/services/plugins_status.rs:166:44
    |
166 | pub async fn get_plugins_service_map(State(state): State<SharedState>) -> Json<serde_json::Value> {
    |                                            ^^^^^ help: if this is intentional, prefix it with an underscore: `_state`

warning: unused variable: `resp`
  --> src/services/tracetramp_proxy.rs:99:16
   |
99 |     if let Err(resp) = crate::substrate::proxy_auth::require_management_proxy_auth(headers) {
   |                ^^^^ help: if this is intentional, prefix it with an underscore: `_resp`

warning: unused variable: `now_ms`
   --> src/services/infra.rs:930:9
    |
930 |     let now_ms = chrono::Utc::now().timestamp_millis();
    |         ^^^^^^ help: if this is intentional, prefix it with an underscore: `_now_ms`

warning: unused variable: `result`
   --> src/services/protocols.rs:475:9
    |
475 |     let result = match client.discover(&req.server_url) {
    |         ^^^^^^ help: if this is intentional, prefix it with an underscore: `_result`

warning: variable does not need to be mutable
    --> src/services/protocols.rs:1986:13
     |
1986 |         let mut k = state.kernel.lock().unwrap();
     |             ----^
     |             |
     |             help: remove this `mut`

warning: variable does not need to be mutable
   --> src/services/gateway.rs:427:9
    |
427 |     let mut kernel = state.kernel.lock().unwrap();
    |         ----^^^^^^
    |         |
    |         help: remove this `mut`

warning: unused variable: `state`
   --> src/services/deploy.rs:786:11
    |
786 |     State(state): State<SharedState>,
    |           ^^^^^ help: if this is intentional, prefix it with an underscore: `_state`

warning: unused variable: `agent_pid`
   --> src/services/billing.rs:937:9
    |
937 |     let agent_pid = agent_pid.to_string();
    |         ^^^^^^^^^ help: if this is intentional, prefix it with an underscore: `_agent_pid`

warning: unused variable: `caller_id`
   --> src/services/books.rs:813:10
    |
813 |     let (caller_id, role) = match caller(&headers) {
    |          ^^^^^^^^^ help: if this is intentional, prefix it with an underscore: `_caller_id`

warning: unused variable: `aad`
  --> src/kms/aws.rs:64:9
   |
64 |         aad: Option<&[u8]>,
   |         ^^^ help: if this is intentional, prefix it with an underscore: `_aad`

warning: unused variable: `key_id`
  --> src/kms/aws.rs:62:9
   |
62 |         key_id: &str,
   |         ^^^^^^ help: if this is intentional, prefix it with an underscore: `_key_id`

warning: unused variable: `plaintext`
  --> src/kms/aws.rs:63:9
   |
63 |         plaintext: &[u8],
   |         ^^^^^^^^^ help: if this is intentional, prefix it with an underscore: `_plaintext`

warning: unused variable: `envelope`
  --> src/kms/aws.rs:80:29
   |
80 |     async fn decrypt(&self, envelope: &EncryptedEnvelope) -> KmsResult<Vec<u8>> {
   |                             ^^^^^^^^ help: if this is intentional, prefix it with an underscore: `_envelope`

warning: unused variable: `key_id`
  --> src/kms/aws.rs:91:26
   |
91 |     async fn sign(&self, key_id: &str, data: &[u8]) -> KmsResult<SignatureEnvelope> {
   |                          ^^^^^^ help: if this is intentional, prefix it with an underscore: `_key_id`

warning: unused variable: `data`
  --> src/kms/aws.rs:91:40
   |
91 |     async fn sign(&self, key_id: &str, data: &[u8]) -> KmsResult<SignatureEnvelope> {
   |                                        ^^^^ help: if this is intentional, prefix it with an underscore: `_data`

warning: unused variable: `data`
   --> src/kms/aws.rs:104:28
    |
104 |     async fn verify(&self, data: &[u8], signature: &SignatureEnvelope) -> KmsResult<bool> {
    |                            ^^^^ help: if this is intentional, prefix it with an underscore: `_data`

warning: unused variable: `signature`
   --> src/kms/aws.rs:104:41
    |
104 |     async fn verify(&self, data: &[u8], signature: &SignatureEnvelope) -> KmsResult<bool> {
    |                                         ^^^^^^^^^ help: if this is intentional, prefix it with an underscore: `_signature`

warning: unused variable: `key_id`
   --> src/kms/aws.rs:108:39
    |
108 |     async fn generate_data_key(&self, key_id: &str) -> KmsResult<(Vec<u8>, Vec<u8>)> {
    |                                       ^^^^^^ help: if this is intentional, prefix it with an underscore: `_key_id`

warning: unused variable: `key_id`
   --> src/kms/aws.rs:120:38
    |
120 |     async fn get_key_metadata(&self, key_id: &str) -> KmsResult<KeyMetadata> {
    |                                      ^^^^^^ help: if this is intentional, prefix it with an underscore: `_key_id`

warning: unused variable: `algorithm`
   --> src/kms/aws.rs:131:9
    |
131 |         algorithm: KeyAlgorithm,
    |         ^^^^^^^^^ help: if this is intentional, prefix it with an underscore: `_algorithm`

warning: unused variable: `usage`
   --> src/kms/aws.rs:132:9
    |
132 |         usage: KeyUsage,
    |         ^^^^^ help: if this is intentional, prefix it with an underscore: `_usage`

warning: unused variable: `alias`
   --> src/kms/aws.rs:130:9
    |
130 |         alias: &str,
    |         ^^^^^ help: if this is intentional, prefix it with an underscore: `_alias`

warning: unused variable: `key_id`
   --> src/kms/aws.rs:145:32
    |
145 |     async fn rotate_key(&self, key_id: &str) -> KmsResult<KeyMetadata> {
    |                                ^^^^^^ help: if this is intentional, prefix it with an underscore: `_key_id`

warning: unused variable: `key_id`
   --> src/kms/aws.rs:152:33
    |
152 |     async fn disable_key(&self, key_id: &str) -> KmsResult<()> {
    |                                 ^^^^^^ help: if this is intentional, prefix it with an underscore: `_key_id`

warning: unused variable: `key_id`
   --> src/kms/aws.rs:156:32
    |
156 |     async fn enable_key(&self, key_id: &str) -> KmsResult<()> {
    |                                ^^^^^^ help: if this is intentional, prefix it with an underscore: `_key_id`

warning: unused variable: `days`
   --> src/kms/aws.rs:160:57
    |
160 |     async fn schedule_key_deletion(&self, key_id: &str, days: u32) -> KmsResult<()> {
    |                                                         ^^^^ help: if this is intentional, prefix it with an underscore: `_days`

warning: unused variable: `key_id`
   --> src/kms/aws.rs:160:43
    |
160 |     async fn schedule_key_deletion(&self, key_id: &str, days: u32) -> KmsResult<()> {
    |                                           ^^^^^^ help: if this is intentional, prefix it with an underscore: `_key_id`

warning: unused variable: `key_id`
   --> src/kms/aws.rs:170:41
    |
170 |     async fn cancel_key_deletion(&self, key_id: &str) -> KmsResult<()> {
    |                                         ^^^^^^ help: if this is intentional, prefix it with an underscore: `_key_id`

warning: unused variable: `key_id`
  --> src/kms/azure.rs:80:9
   |
80 |         key_id: &str,
   |         ^^^^^^ help: if this is intentional, prefix it with an underscore: `_key_id`

warning: unused variable: `plaintext`
  --> src/kms/azure.rs:81:9
   |
81 |         plaintext: &[u8],
   |         ^^^^^^^^^ help: if this is intentional, prefix it with an underscore: `_plaintext`

warning: unused variable: `envelope`
  --> src/kms/azure.rs:94:29
   |
94 |     async fn decrypt(&self, envelope: &EncryptedEnvelope) -> KmsResult<Vec<u8>> {
   |                             ^^^^^^^^ help: if this is intentional, prefix it with an underscore: `_envelope`

warning: unused variable: `key_id`
  --> src/kms/azure.rs:98:26
   |
98 |     async fn sign(&self, key_id: &str, data: &[u8]) -> KmsResult<SignatureEnvelope> {
   |                          ^^^^^^ help: if this is intentional, prefix it with an underscore: `_key_id`

warning: unused variable: `data`
  --> src/kms/azure.rs:98:40
   |
98 |     async fn sign(&self, key_id: &str, data: &[u8]) -> KmsResult<SignatureEnvelope> {
   |                                        ^^^^ help: if this is intentional, prefix it with an underscore: `_data`

warning: unused variable: `data`
   --> src/kms/azure.rs:102:28
    |
102 |     async fn verify(&self, data: &[u8], signature: &SignatureEnvelope) -> KmsResult<bool> {
    |                            ^^^^ help: if this is intentional, prefix it with an underscore: `_data`

warning: unused variable: `signature`
   --> src/kms/azure.rs:102:41
    |
102 |     async fn verify(&self, data: &[u8], signature: &SignatureEnvelope) -> KmsResult<bool> {
    |                                         ^^^^^^^^^ help: if this is intentional, prefix it with an underscore: `_signature`

warning: unused variable: `key_id`
   --> src/kms/azure.rs:106:39
    |
106 |     async fn generate_data_key(&self, key_id: &str) -> KmsResult<(Vec<u8>, Vec<u8>)> {
    |                                       ^^^^^^ help: if this is intentional, prefix it with an underscore: `_key_id`

warning: unused variable: `key_id`
   --> src/kms/azure.rs:110:38
    |
110 |     async fn get_key_metadata(&self, key_id: &str) -> KmsResult<KeyMetadata> {
    |                                      ^^^^^^ help: if this is intentional, prefix it with an underscore: `_key_id`

warning: unused variable: `algorithm`
   --> src/kms/azure.rs:121:9
    |
121 |         algorithm: KeyAlgorithm,
    |         ^^^^^^^^^ help: if this is intentional, prefix it with an underscore: `_algorithm`

warning: unused variable: `usage`
   --> src/kms/azure.rs:122:9
    |
122 |         usage: KeyUsage,
    |         ^^^^^ help: if this is intentional, prefix it with an underscore: `_usage`

warning: unused variable: `alias`
   --> src/kms/azure.rs:120:9
    |
120 |         alias: &str,
    |         ^^^^^ help: if this is intentional, prefix it with an underscore: `_alias`

warning: unused variable: `key_id`
   --> src/kms/azure.rs:127:32
    |
127 |     async fn rotate_key(&self, key_id: &str) -> KmsResult<KeyMetadata> {
    |                                ^^^^^^ help: if this is intentional, prefix it with an underscore: `_key_id`

warning: unused variable: `key_id`
   --> src/kms/azure.rs:131:33
    |
131 |     async fn disable_key(&self, key_id: &str) -> KmsResult<()> {
    |                                 ^^^^^^ help: if this is intentional, prefix it with an underscore: `_key_id`

warning: unused variable: `key_id`
   --> src/kms/azure.rs:135:32
    |
135 |     async fn enable_key(&self, key_id: &str) -> KmsResult<()> {
    |                                ^^^^^^ help: if this is intentional, prefix it with an underscore: `_key_id`

warning: unused variable: `days`
   --> src/kms/azure.rs:139:57
    |
139 |     async fn schedule_key_deletion(&self, key_id: &str, days: u32) -> KmsResult<()> {
    |                                                         ^^^^ help: if this is intentional, prefix it with an underscore: `_days`

warning: unused variable: `key_id`
   --> src/kms/azure.rs:139:43
    |
139 |     async fn schedule_key_deletion(&self, key_id: &str, days: u32) -> KmsResult<()> {
    |                                           ^^^^^^ help: if this is intentional, prefix it with an underscore: `_key_id`

warning: unused variable: `key_id`
   --> src/kms/azure.rs:143:41
    |
143 |     async fn cancel_key_deletion(&self, key_id: &str) -> KmsResult<()> {
    |                                         ^^^^^^ help: if this is intentional, prefix it with an underscore: `_key_id`

warning: unused variable: `key_id`
  --> src/kms/gcp.rs:71:9
   |
71 |         key_id: &str,
   |         ^^^^^^ help: if this is intentional, prefix it with an underscore: `_key_id`

warning: unused variable: `plaintext`
  --> src/kms/gcp.rs:72:9
   |
72 |         plaintext: &[u8],
   |         ^^^^^^^^^ help: if this is intentional, prefix it with an underscore: `_plaintext`

warning: unused variable: `envelope`
  --> src/kms/gcp.rs:89:29
   |
89 |     async fn decrypt(&self, envelope: &EncryptedEnvelope) -> KmsResult<Vec<u8>> {
   |                             ^^^^^^^^ help: if this is intentional, prefix it with an underscore: `_envelope`

warning: unused variable: `key_id`
  --> src/kms/gcp.rs:93:26
   |
93 |     async fn sign(&self, key_id: &str, data: &[u8]) -> KmsResult<SignatureEnvelope> {
   |                          ^^^^^^ help: if this is intentional, prefix it with an underscore: `_key_id`

warning: unused variable: `data`
  --> src/kms/gcp.rs:93:40
   |
93 |     async fn sign(&self, key_id: &str, data: &[u8]) -> KmsResult<SignatureEnvelope> {
   |                                        ^^^^ help: if this is intentional, prefix it with an underscore: `_data`

warning: unused variable: `data`
  --> src/kms/gcp.rs:97:28
   |
97 |     async fn verify(&self, data: &[u8], signature: &SignatureEnvelope) -> KmsResult<bool> {
   |                            ^^^^ help: if this is intentional, prefix it with an underscore: `_data`

warning: unused variable: `signature`
  --> src/kms/gcp.rs:97:41
   |
97 |     async fn verify(&self, data: &[u8], signature: &SignatureEnvelope) -> KmsResult<bool> {
   |                                         ^^^^^^^^^ help: if this is intentional, prefix it with an underscore: `_signature`

warning: unused variable: `key_id`
   --> src/kms/gcp.rs:101:39
    |
101 |     async fn generate_data_key(&self, key_id: &str) -> KmsResult<(Vec<u8>, Vec<u8>)> {
    |                                       ^^^^^^ help: if this is intentional, prefix it with an underscore: `_key_id`

warning: unused variable: `key_id`
   --> src/kms/gcp.rs:105:38
    |
105 |     async fn get_key_metadata(&self, key_id: &str) -> KmsResult<KeyMetadata> {
    |                                      ^^^^^^ help: if this is intentional, prefix it with an underscore: `_key_id`

warning: unused variable: `algorithm`
   --> src/kms/gcp.rs:116:9
    |
116 |         algorithm: KeyAlgorithm,
    |         ^^^^^^^^^ help: if this is intentional, prefix it with an underscore: `_algorithm`

warning: unused variable: `usage`
   --> src/kms/gcp.rs:117:9
    |
117 |         usage: KeyUsage,
    |         ^^^^^ help: if this is intentional, prefix it with an underscore: `_usage`

warning: unused variable: `alias`
   --> src/kms/gcp.rs:115:9
    |
115 |         alias: &str,
    |         ^^^^^ help: if this is intentional, prefix it with an underscore: `_alias`

warning: unused variable: `key_id`
   --> src/kms/gcp.rs:122:32
    |
122 |     async fn rotate_key(&self, key_id: &str) -> KmsResult<KeyMetadata> {
    |                                ^^^^^^ help: if this is intentional, prefix it with an underscore: `_key_id`

warning: unused variable: `key_id`
   --> src/kms/gcp.rs:126:33
    |
126 |     async fn disable_key(&self, key_id: &str) -> KmsResult<()> {
    |                                 ^^^^^^ help: if this is intentional, prefix it with an underscore: `_key_id`

warning: unused variable: `key_id`
   --> src/kms/gcp.rs:130:32
    |
130 |     async fn enable_key(&self, key_id: &str) -> KmsResult<()> {
    |                                ^^^^^^ help: if this is intentional, prefix it with an underscore: `_key_id`

warning: unused variable: `days`
   --> src/kms/gcp.rs:134:57
    |
134 |     async fn schedule_key_deletion(&self, key_id: &str, days: u32) -> KmsResult<()> {
    |                                                         ^^^^ help: if this is intentional, prefix it with an underscore: `_days`

warning: unused variable: `key_id`
   --> src/kms/gcp.rs:134:43
    |
134 |     async fn schedule_key_deletion(&self, key_id: &str, days: u32) -> KmsResult<()> {
    |                                           ^^^^^^ help: if this is intentional, prefix it with an underscore: `_key_id`

warning: unused variable: `key_id`
   --> src/kms/gcp.rs:138:41
    |
138 |     async fn cancel_key_deletion(&self, key_id: &str) -> KmsResult<()> {
    |                                         ^^^^^^ help: if this is intentional, prefix it with an underscore: `_key_id`

warning: unused variable: `session`
   --> src/api_v2/sessions.rs:117:26
    |
117 |             .filter(|(_, session)| {
    |                          ^^^^^^^ help: if this is intentional, prefix it with an underscore: `_session`

warning: unused variable: `i`
   --> src/api_v2/exec.rs:227:60
    |
227 |         agents.iter().take(params.lines).enumerate().map(|(i, (pid, _))| LogEntry {
    |                                                            ^ help: if this is intentional, prefix it with an underscore: `_i`

warning: unused variable: `t`
   --> src/api_v2/exec.rs:324:22
    |
324 |             .filter(|t| params.status.as_deref().map(|s| s == "pending" || s == "ready").unwrap_or(true))
    |                      ^ help: if this is intentional, prefix it with an underscore: `_t`

warning: unused variable: `state`
   --> src/api_v2/exec.rs:380:11
    |
380 |     State(state): State<SharedState>,
    |           ^^^^^ help: if this is intentional, prefix it with an underscore: `_state`

warning: unused variable: `request`
  --> src/api_v2/deploy.rs:88:10
   |
88 |     Json(request): Json<DeploymentPlanRequest>,
   |          ^^^^^^^ help: if this is intentional, prefix it with an underscore: `_request`

warning: unused variable: `params`
   --> src/api_v2/system.rs:146:11
    |
146 |     Query(params): Query<SystemLogsQuery>,
    |           ^^^^^^ help: if this is intentional, prefix it with an underscore: `_params`

warning: unused variable: `params`
  --> src/api_v2/registry.rs:21:11
   |
21 |     Query(params): Query<ListRegistryQuery>,
   |           ^^^^^^ help: if this is intentional, prefix it with an underscore: `_params`

warning: variable does not need to be mutable
   --> src/kernel/operating_layer.rs:388:23
    |
388 |             if let Ok(mut kernel) = st.kernel.lock() {
    |                       ----^^^^^^
    |                       |
    |                       help: remove this `mut`

warning: unused variable: `now`
   --> src/security/cache.rs:393:13
    |
393 |         let now = chrono::Utc::now().timestamp_millis();
    |             ^^^ help: if this is intentional, prefix it with an underscore: `_now`

warning: unused variable: `agent_pid`
   --> src/security/cache.rs:451:29
    |
451 |     pub fn clear(&mut self, agent_pid: &str) -> Result<(), CacheError> {
    |                             ^^^^^^^^^ help: if this is intentional, prefix it with an underscore: `_agent_pid`

warning: variable does not need to be mutable
   --> src/distributed/failure_detector.rs:409:13
    |
409 |         let mut cell = CellLiveness {
    |             ----^^^^
    |             |
    |             help: remove this `mut`

warning: variable does not need to be mutable
   --> src/distributed/service_registry.rs:180:17
    |
180 |             let mut agents = self.agents.write().unwrap();
    |                 ----^^^^^^
    |                 |
    |                 help: remove this `mut`

warning: variable does not need to be mutable
   --> src/distributed/service_registry.rs:445:17
    |
445 |             let mut agents = self.agents.write().unwrap();
    |                 ----^^^^^^
    |                 |
    |                 help: remove this `mut`

warning: unused variable: `task_id`
   --> src/distributed/scheduler.rs:578:13
    |
578 |         let task_id = scheduler.submit_task(task);
    |             ^^^^^^^ help: if this is intentional, prefix it with an underscore: `_task_id`

warning: unused variable: `task_id`
   --> src/distributed/scheduler.rs:638:13
    |
638 |         let task_id = scheduler.submit_task(test_task(TaskPriority::Normal));
    |             ^^^^^^^ help: if this is intentional, prefix it with an underscore: `_task_id`

warning: unused variable: `record`
   --> src/distributed/cloud_manager.rs:640:13
    |
640 |         let record = self.dns.write().unwrap().create_record(
    |             ^^^^^^ help: if this is intentional, prefix it with an underscore: `_record`

warning: unused variable: `check_id`
   --> src/distributed/cloud_manager.rs:648:13
    |
648 |         let check_id = self.dns.write().unwrap().create_health_check(&dns_name, 443);
    |             ^^^^^^^^ help: if this is intentional, prefix it with an underscore: `_check_id`

warning: unused variable: `selected`
   --> src/knowledge/index.rs:154:25
    |
154 |                     let selected: Vec<String> = neighbors.into_iter()
    |                         ^^^^^^^^ help: if this is intentional, prefix it with an underscore: `_selected`

warning: variable does not need to be mutable
   --> src/knowledge/index.rs:223:13
    |
223 |         let mut rng = rand::random::<f64>;
    |             ----^^^
    |             |
    |             help: remove this `mut`

warning: unused variable: `request`
   --> src/knowledge/pagination.rs:278:29
    |
278 |     fn execute_query(&self, request: &PageRequest, limit: usize) -> (Vec<String>, usize) {
    |                             ^^^^^^^ help: if this is intentional, prefix it with an underscore: `_request`

warning: unused variable: `limit`
   --> src/knowledge/pagination.rs:278:52
    |
278 |     fn execute_query(&self, request: &PageRequest, limit: usize) -> (Vec<String>, usize) {
    |                                                    ^^^^^ help: if this is intentional, prefix it with an underscore: `_limit`

warning: unused variable: `archive_id`
   --> src/knowledge/maintenance.rs:307:27
    |
307 |     pub fn restore(&self, archive_id: &str, segment_id: &str) -> Result<Segment, String> {
    |                           ^^^^^^^^^^ help: if this is intentional, prefix it with an underscore: `_archive_id`

warning: unused variable: `segment_id`
   --> src/knowledge/maintenance.rs:307:45
    |
307 |     pub fn restore(&self, archive_id: &str, segment_id: &str) -> Result<Segment, String> {
    |                                             ^^^^^^^^^^ help: if this is intentional, prefix it with an underscore: `_segment_id`

warning: variable does not need to be mutable
   --> src/knot/capabilities.rs:116:13
    |
116 |         let mut symbols = HashMap::new();
    |             ----^^^^^^^
    |             |
    |             help: remove this `mut`

warning: unused variable: `replication_factor`
   --> src/storage/adapter.rs:236:62
    |
236 |     pub fn create_topic(&self, topic: &str, partitions: i32, replication_factor: i16) -> Result<(), StorageError> {
    |                                                              ^^^^^^^^^^^^^^^^^^ help: if this is intentional, prefix it with an underscore: `_replication_factor`

warning: unused variable: `group_id`
   --> src/storage/adapter.rs:252:38
    |
252 |     pub fn consumer_group_lag(&self, group_id: &str) -> Result<Vec<PartitionLag>, StorageError> {
    |                                      ^^^^^^^^ help: if this is intentional, prefix it with an underscore: `_group_id`

warning: value assigned to `score` is never read
   --> src/compliance/dynamic_tests.rs:256:25
    |
256 |         let mut score = 0.0;
    |                         ^^^ this value is reassigned later and never used
...
270 |                     score = valid_evidence.len() as f64 / *min_count as f64;
    |                     ------------------------------------------------------- `score` is overwritten here before the previous value is read

warning: unused variable: `to_holder_ref`
   --> src/compliance/custody.rs:185:13
    |
185 |         let to_holder_ref = holders.get(&to_holder)
    |             ^^^^^^^^^^^^^ help: if this is intentional, prefix it with an underscore: `_to_holder_ref`

warning: variable does not need to be mutable
  --> src/proof/chain.rs:90:71
   |
90 |     fn generate_proof(&self, node: Option<&MerkleNode>, target: &str, mut path: Vec<ProofNode>) -> Option<MerkleProof> {
   |                                                                       ----^^^^
   |                                                                       |
   |                                                                       help: remove this `mut`

warning: unused variable: `left`
   --> src/proof/chain.rs:105:21
    |
105 |         if let Some(ref left) = node.left {
    |                     ^^^^^^^^ help: if this is intentional, prefix it with an underscore: `_left`

warning: unused variable: `right`
   --> src/proof/chain.rs:120:21
    |
120 |         if let Some(ref right) = node.right {
    |                     ^^^^^^^^^ help: if this is intentional, prefix it with an underscore: `_right`

warning: unused variable: `sct_log_id`
   --> src/proof/anchoring.rs:105:52
    |
105 |             AnchorProof::CertificateTransparency { sct_log_id, sct_timestamp, signature } => {
    |                                                    ^^^^^^^^^^ help: try ignoring the field: `sct_log_id: _`

warning: unused variable: `agent_pid`
   --> src/policy/chain.rs:208:45
    |
208 |     fn evaluate_acl(&self, tool_name: &str, agent_pid: String, context: &PolicyContext) -> Decision {
    |                                             ^^^^^^^^^ help: if this is intentional, prefix it with an underscore: `_agent_pid`

warning: unused variable: `key`
   --> src/policy/chain.rs:221:14
    |
221 |         for (key, value) in args {
    |              ^^^ help: if this is intentional, prefix it with an underscore: `_key`

warning: unused variable: `function`
   --> src/cls/compiler.rs:525:31
    |
525 |             Statement::Call { function, args } => {
    |                               ^^^^^^^^ help: try ignoring the field: `function: _`

warning: unused variable: `idx`
   --> src/cls/compiler.rs:561:29
    |
561 |                         let idx = self.add_string(s.clone());
    |                             ^^^ help: if this is intentional, prefix it with an underscore: `_idx`

warning: unused variable: `name`
   --> src/cls/compiler.rs:569:34
    |
569 |             Expression::Variable(name) => {
    |                                  ^^^^ help: if this is intentional, prefix it with an underscore: `_name`

warning: unused variable: `code`
   --> src/cls/compiler.rs:671:37
    |
671 |     fn dead_code_elimination(&self, code: &mut Vec<OpCode>) {
    |                                     ^^^^ help: if this is intentional, prefix it with an underscore: `_code`

warning: variable does not need to be mutable
   --> src/cls/compiler.rs:716:13
    |
716 |         let mut contract = self.parser.parse(source)
    |             ----^^^^^^^^
    |             |
    |             help: remove this `mut`

warning: unused variable: `dep_id`
   --> src/cls/installer.rs:353:17
    |
353 |             let dep_id = format!("{}@{}", dep.name, dep.version_req);
    |                 ^^^^^^ help: if this is intentional, prefix it with an underscore: `_dep_id`

warning: unused variable: `pin_path`
   --> src/cls/installer.rs:422:13
    |
422 |         let pin_path = format!("{}/{}/.pinned", self.install_base, name);
    |             ^^^^^^^^ help: if this is intentional, prefix it with an underscore: `_pin_path`

warning: unused variable: `reclaimed`
   --> src/cls/burner.rs:251:13
    |
251 |         let reclaimed = self.estimate_size(installation);
    |             ^^^^^^^^^ help: if this is intentional, prefix it with an underscore: `_reclaimed`

warning: unused variable: `alloc`
   --> src/agents/resource_manager.rs:235:24
    |
235 |         for (agent_id, alloc) in allocations.iter() {
    |                        ^^^^^ help: if this is intentional, prefix it with an underscore: `_alloc`

warning: variable does not need to be mutable
   --> src/agents/resource_manager.rs:444:13
    |
444 |         let mut manager = ResourceManager::new();
    |             ----^^^^^^^
    |             |
    |             help: remove this `mut`

warning: unused variable: `since`
   --> src/agents/index_integration.rs:364:31
    |
364 |     pub fn get_changes(&self, since: i64) -> Vec<IndexChange> {
    |                               ^^^^^ help: if this is intentional, prefix it with an underscore: `_since`

warning: variable does not need to be mutable
   --> src/agents/allocator.rs:228:13
    |
228 |         let mut available_candidates: Vec<AgentIndexEntry> = result.agents.into_iter()
    |             ----^^^^^^^^^^^^^^^^^^^^
    |             |
    |             help: remove this `mut`

warning: unused variable: `agent_id`
   --> src/agents/allocator.rs:355:31
    |
355 |     fn check_resources(&self, agent_id: &str, requirements: &HashMap<ResourceType, u64>) -> bool {
    |                               ^^^^^^^^ help: if this is intentional, prefix it with an underscore: `_agent_id`

warning: unused variable: `amount`
   --> src/agents/capacity.rs:316:21
    |
316 |         for (rtype, amount) in &resources {
    |                     ^^^^^^ help: if this is intentional, prefix it with an underscore: `_amount`

warning: unused variable: `i`
   --> src/agents/capacity.rs:468:13
    |
468 |         for i in 0..20 {
    |             ^ help: if this is intentional, prefix it with an underscore: `_i`

warning: type `JwksDocument` is more private than the item `verify_id_token_with_jwks`
    --> src/auth/core.rs:1777:1
     |
1777 | / pub fn verify_id_token_with_jwks(
1778 | |     id_token: &str,
1779 | |     jwks: &JwksDocument,
1780 | |     client_id: &str,
1781 | |     expected_nonce: &str,
1782 | |     expected_issuer: Option<&str>,
1783 | | ) -> Result<serde_json::Value, String> {
     | |______________________________________^ function `verify_id_token_with_jwks` is reachable at visibility `pub(crate)`
     |
note: but type `JwksDocument` is only usable at visibility `pub(self)`
    --> src/auth/core.rs:1739:1
     |
1739 | struct JwksDocument {
     | ^^^^^^^^^^^^^^^^^^^
     = note: `#[warn(private_interfaces)]` on by default

warning: type `GlooManifest` is more private than the item `verify_gloo_receipts`
   --> src/services/cpkg_gloo_burnin.rs:126:1
    |
126 | pub fn verify_gloo_receipts(files_dir: &Path, manifest: &GlooManifest) -> Result<String, String> {
    | ^^^^^^^^^^^^^^^^^^^^^^^^^^^^^^^^^^^^^^^^^^^^^^^^^^^^^^^^^^^^^^^^^^^^^^^^^^^^^^^^^^^^^^^^^^^^^^^^ function `verify_gloo_receipts` is reachable at visibility `pub(crate)`
    |
note: but type `GlooManifest` is only usable at visibility `pub(self)`
   --> src/services/cpkg_gloo_burnin.rs:43:1
    |
 43 | struct GlooManifest {
    | ^^^^^^^^^^^^^^^^^^^

warning: type `IndexChange` is more private than the item `index_integration::AgentIndexIntegration::get_changes`
   --> src/agents/index_integration.rs:364:5
    |
364 |     pub fn get_changes(&self, since: i64) -> Vec<IndexChange> {
    |     ^^^^^^^^^^^^^^^^^^^^^^^^^^^^^^^^^^^^^^^^^^^^^^^^^^^^^^^^^ method `index_integration::AgentIndexIntegration::get_changes` is reachable at visibility `pub`
    |
note: but type `IndexChange` is only usable at visibility `pub(self)`
   --> src/agents/index_integration.rs:100:1
    |
100 | enum IndexChange {
    | ^^^^^^^^^^^^^^^^

warning: struct `CapabilitiesQuery` is never constructed
  --> src/operator/capability.rs:19:12
   |
19 | pub struct CapabilitiesQuery {
   |            ^^^^^^^^^^^^^^^^^
   |
   = note: `#[warn(dead_code)]` (part of `#[warn(unused)]`) on by default

warning: function `institution_installed` is never used
  --> src/operator/capability.rs:23:4
   |
23 | fn institution_installed(state: &SharedState, institution_id: &str) -> bool {
   |    ^^^^^^^^^^^^^^^^^^^^^

warning: function `annotate_availability` is never used
  --> src/operator/capability.rs:34:4
   |
34 | fn annotate_availability(state: &SharedState, record: &Value) -> Value {
   |    ^^^^^^^^^^^^^^^^^^^^^

warning: function `get_operator_capabilities` is never used
  --> src/operator/capability.rs:55:14
   |
55 | pub async fn get_operator_capabilities(
   |              ^^^^^^^^^^^^^^^^^^^^^^^^^

warning: function `get_workflow_capabilities` is never used
  --> src/operator/capability.rs:83:14
   |
83 | pub async fn get_workflow_capabilities(
   |              ^^^^^^^^^^^^^^^^^^^^^^^^^

warning: constant `EDGE_RECORD_SCHEMA` is never used
  --> src/operator/edge.rs:20:11
   |
20 | pub const EDGE_RECORD_SCHEMA: &str = "edge_record.v1";
   |           ^^^^^^^^^^^^^^^^^^

warning: function `public_base_url` is never used
  --> src/operator/edge.rs:22:4
   |
22 | fn public_base_url() -> Option<String> {
   |    ^^^^^^^^^^^^^^^

warning: function `edge_record` is never used
  --> src/operator/edge.rs:33:4
   |
33 | fn edge_record(
   |    ^^^^^^^^^^^

warning: function `merge_edge_plane` is never used
  --> src/operator/edge.rs:57:8
   |
57 | pub fn merge_edge_plane(state: &SharedState) -> Value {
   |        ^^^^^^^^^^^^^^^^

warning: function `get_operator_edge_plane` is never used
   --> src/operator/edge.rs:173:14
    |
173 | pub async fn get_operator_edge_plane(State(state): State<SharedState>) -> Json<Value> {
    |              ^^^^^^^^^^^^^^^^^^^^^^^

warning: struct `EdgeRecordWriteRequest` is never constructed
   --> src/operator/edge.rs:179:12
    |
179 | pub struct EdgeRecordWriteRequest {
    |            ^^^^^^^^^^^^^^^^^^^^^^

warning: function `default_enabled` is never used
   --> src/operator/edge.rs:187:4
    |
187 | fn default_enabled() -> bool {
    |    ^^^^^^^^^^^^^^^

warning: function `dns_hints_from_plane` is never used
   --> src/operator/edge.rs:191:4
    |
191 | fn dns_hints_from_plane(plane: &Value) -> Value {
    |    ^^^^^^^^^^^^^^^^^^^^

warning: function `get_operator_edge_records` is never used
   --> src/operator/edge.rs:209:14
    |
209 | pub async fn get_operator_edge_records(State(state): State<SharedState>) -> Json<Value> {
    |              ^^^^^^^^^^^^^^^^^^^^^^^^^

warning: function `get_operator_edge_dns_hints` is never used
   --> src/operator/edge.rs:218:14
    |
218 | pub async fn get_operator_edge_dns_hints(State(state): State<SharedState>) -> Json<Value> {
    |              ^^^^^^^^^^^^^^^^^^^^^^^^^^^

warning: function `post_operator_edge_record` is never used
   --> src/operator/edge.rs:224:14
    |
224 | pub async fn post_operator_edge_record(
    |              ^^^^^^^^^^^^^^^^^^^^^^^^^

warning: function `delete_operator_edge_record` is never used
   --> src/operator/edge.rs:263:14
    |
263 | pub async fn delete_operator_edge_record(
    |              ^^^^^^^^^^^^^^^^^^^^^^^^^^^

warning: function `prove_operator_edge_record` is never used
   --> src/operator/edge.rs:281:14
    |
281 | pub async fn prove_operator_edge_record(
    |              ^^^^^^^^^^^^^^^^^^^^^^^^^^

warning: function `get_workflow_edge` is never used
   --> src/operator/edge.rs:333:14
    |
333 | pub async fn get_workflow_edge(
    |              ^^^^^^^^^^^^^^^^^

warning: function `get_agent_edge` is never used
   --> src/operator/edge.rs:367:14
    |
367 | pub async fn get_agent_edge(
    |              ^^^^^^^^^^^^^^

warning: function `get_operator_setup_summary` is never used
  --> src/operator/setup_summary.rs:12:14
   |
12 | pub async fn get_operator_setup_summary(State(state): State<SharedState>) -> Json<Value> {
   |              ^^^^^^^^^^^^^^^^^^^^^^^^^^

warning: struct `ListSurfacesQuery` is never constructed
  --> src/operator/surface.rs:25:12
   |
25 | pub struct ListSurfacesQuery {
   |            ^^^^^^^^^^^^^^^^^

warning: struct `PutSurfaceRequest` is never constructed
  --> src/operator/surface.rs:31:12
   |
31 | pub struct PutSurfaceRequest {
   |            ^^^^^^^^^^^^^^^^^

warning: function `get_stored_surface` is never used
  --> src/operator/surface.rs:36:8
   |
36 | pub fn get_stored_surface(state: &SharedState, workflow_id: &str) -> Option<Value> {
   |        ^^^^^^^^^^^^^^^^^^

warning: function `merged_surface_for_workflow` is never used
  --> src/operator/surface.rs:57:8
   |
57 | pub fn merged_surface_for_workflow(state: &SharedState, workflow_id: &str) -> Option<Value> {
   |        ^^^^^^^^^^^^^^^^^^^^^^^^^^^

warning: function `get_workflow_surface` is never used
  --> src/operator/surface.rs:87:14
   |
87 | pub async fn get_workflow_surface(
   |              ^^^^^^^^^^^^^^^^^^^^

warning: function `list_workflow_surfaces` is never used
   --> src/operator/surface.rs:106:14
    |
106 | pub async fn list_workflow_surfaces(
    |              ^^^^^^^^^^^^^^^^^^^^^^

warning: function `put_workflow_surface` is never used
   --> src/operator/surface.rs:137:14
    |
137 | pub async fn put_workflow_surface(
    |              ^^^^^^^^^^^^^^^^^^^^

warning: function `get_operator_panel_types` is never used
   --> src/operator/surface.rs:177:14
    |
177 | pub async fn get_operator_panel_types() -> Json<Value> {
    |              ^^^^^^^^^^^^^^^^^^^^^^^^

warning: function `panel_type_registry` is never used
  --> src/operator/surface_merge.rs:16:8
   |
16 | pub fn panel_type_registry() -> Value {
   |        ^^^^^^^^^^^^^^^^^^^

warning: function `fold_plugin_contracts` is never used
   --> src/operator/surface_merge.rs:417:8
    |
417 | pub fn fold_plugin_contracts(mut surface: Value, contracts: &[Value]) -> Value {
    |        ^^^^^^^^^^^^^^^^^^^^^

warning: function `resolve_merged_surface` is never used
   --> src/operator/surface_merge.rs:464:8
    |
464 | pub fn resolve_merged_surface(
    |        ^^^^^^^^^^^^^^^^^^^^^^

warning: function `load_plugin_contracts_for_institutions` is never used
   --> src/operator/surface_merge.rs:499:8
    |
499 | pub fn load_plugin_contracts_for_institutions(
    |        ^^^^^^^^^^^^^^^^^^^^^^^^^^^^^^^^^^^^^^

warning: function `require_tool_dispatch` is never used
  --> src/substrate/admission_gate.rs:52:8
   |
52 | pub fn require_tool_dispatch(
   |        ^^^^^^^^^^^^^^^^^^^^^

warning: function `require_mcp_call` is never used
   --> src/substrate/admission_gate.rs:106:8
    |
106 | pub fn require_mcp_call(
    |        ^^^^^^^^^^^^^^^^

warning: function `admission_matrix_json` is never used
  --> src/substrate/admission_matrix.rs:62:8
   |
62 | pub fn admission_matrix_json() -> Value {
   |        ^^^^^^^^^^^^^^^^^^^^^

warning: function `get_admission_matrix` is never used
  --> src/substrate/admission_status.rs:12:14
   |
12 | pub async fn get_admission_matrix(State(_state): State<SharedState>) -> Json<Value> {
   |              ^^^^^^^^^^^^^^^^^^^^

warning: function `rebuild_from_log` is never used
  --> src/substrate/artifact_log.rs:78:8
   |
78 | pub fn rebuild_from_log(state: &PlatformState) -> usize {
   |        ^^^^^^^^^^^^^^^^

warning: constant `CAGE_CAP_HEADER` is never used
  --> src/substrate/cage_security.rs:22:11
   |
22 | pub const CAGE_CAP_HEADER: &str = "x-connector-cage-cap";
   |           ^^^^^^^^^^^^^^^

warning: constant `CAGE_BINDING_HEADER` is never used
  --> src/substrate/cage_security.rs:23:11
   |
23 | pub const CAGE_BINDING_HEADER: &str = "x-connector-cage-binding";
   |           ^^^^^^^^^^^^^^^^^^^

warning: function `assert_cage_principal_binding` is never used
   --> src/substrate/cage_security.rs:151:8
    |
151 | pub fn assert_cage_principal_binding(
    |        ^^^^^^^^^^^^^^^^^^^^^^^^^^^^^

warning: function `cage_binding_digest` is never used
   --> src/substrate/cage_security.rs:226:4
    |
226 | fn cage_binding_digest(principal_id: &str, tenant_id: Option<&str>, slug: &str) -> String {
    |    ^^^^^^^^^^^^^^^^^^^

warning: function `stamp_cage_upstream` is never used
   --> src/substrate/cage_security.rs:236:8
    |
236 | pub fn stamp_cage_upstream(
    |        ^^^^^^^^^^^^^^^^^^^

warning: function `assert_redirect_destination_allowed` is never used
   --> src/substrate/egress_policy.rs:258:8
    |
258 | pub fn assert_redirect_destination_allowed(
    |        ^^^^^^^^^^^^^^^^^^^^^^^^^^^^^^^^^^^

warning: function `active_lease_count` is never used
   --> src/substrate/flow_lease.rs:155:8
    |
155 | pub fn active_lease_count(state: &PlatformState) -> usize {
    |        ^^^^^^^^^^^^^^^^^^

warning: function `has_active_lease` is never used
   --> src/substrate/flow_lease.rs:190:8
    |
190 | pub fn has_active_lease(state: &PlatformState, flow_id: &str) -> bool {
    |        ^^^^^^^^^^^^^^^^

warning: function `require_active_flow_lease` is never used
   --> src/substrate/flow_lease.rs:209:8
    |
209 | pub fn require_active_flow_lease(
    |        ^^^^^^^^^^^^^^^^^^^^^^^^^

warning: function `default_policy_json` is never used
  --> src/substrate/retention.rs:59:8
   |
59 | pub fn default_policy_json() -> Value {
   |        ^^^^^^^^^^^^^^^^^^^

warning: function `save_policy` is never used
  --> src/substrate/retention.rs:72:8
   |
72 | pub fn save_policy(state: &PlatformState, policy: &RetentionPolicyV1) {
   |        ^^^^^^^^^^^

warning: function `run_retention_job_stub` is never used
  --> src/substrate/retention.rs:82:8
   |
82 | pub fn run_retention_job_stub(state: &PlatformState) -> Value {
   |        ^^^^^^^^^^^^^^^^^^^^^^

warning: fields `api_pid` and `op` are never read
  --> src/substrate/agent_lifecycle_gate.rs:52:9
   |
49 | pub struct LifecycleReceipt {
   |            ---------------- fields in this struct
...
52 |     pub api_pid: String,
   |         ^^^^^^^
53 |     pub op: LifecycleOp,
   |         ^^
   |
   = note: `LifecycleReceipt` has derived impls for the traits `Clone` and `Debug`, but these are intentionally ignored during dead code analysis

warning: struct `ProgenyTreeNode` is never constructed
  --> src/substrate/agent_progeny.rs:37:12
   |
37 | pub struct ProgenyTreeNode {
   |            ^^^^^^^^^^^^^^^

warning: function `kernel_lifecycle_label` is never used
  --> src/substrate/agent_progeny.rs:77:8
   |
77 | pub fn kernel_lifecycle_label(status: &AgentStatus) -> &'static str {
   |        ^^^^^^^^^^^^^^^^^^^^^^

warning: function `build_tree_node` is never used
   --> src/substrate/agent_progeny.rs:324:4
    |
324 | fn build_tree_node(k: &MemoryKernel, pid: &str, depth: u32) -> Option<ProgenyTreeNode> {
    |    ^^^^^^^^^^^^^^^

warning: function `progeny_forest` is never used
   --> src/substrate/agent_progeny.rs:345:8
    |
345 | pub fn progeny_forest(state: &SharedState) -> serde_json::Value {
    |        ^^^^^^^^^^^^^^

warning: function `agent_progeny_detail` is never used
   --> src/substrate/agent_progeny.rs:370:8
    |
370 | pub fn agent_progeny_detail(state: &SharedState, kernel_pid: &str) -> serde_json::Value {
    |        ^^^^^^^^^^^^^^^^^^^^

warning: function `lifecycle_standard_json` is never used
   --> src/substrate/agent_progeny.rs:378:8
    |
378 | pub fn lifecycle_standard_json() -> serde_json::Value {
    |        ^^^^^^^^^^^^^^^^^^^^^^^

warning: variants `Secret`, `A2A`, and `Subprocess` are never constructed
  --> src/substrate/effect_exclusivity.rs:46:5
   |
41 | pub enum EffectClass {
   |          ----------- variants in this enum
...
46 |     Secret,
   |     ^^^^^^
47 |     A2A,
   |     ^^^
48 |     Memory,
49 |     Subprocess,
   |     ^^^^^^^^^^
   |
   = note: `EffectClass` has derived impls for the traits `Clone` and `Debug`, but these are intentionally ignored during dead code analysis

warning: function `probe_effect_bypass` is never used
   --> src/substrate/effect_exclusivity.rs:531:8
    |
531 | pub fn probe_effect_bypass(
    |        ^^^^^^^^^^^^^^^^^^^

warning: struct `MicroVmMeasure` is never constructed
  --> src/substrate/cvr/backend.rs:11:12
   |
11 | pub struct MicroVmMeasure {
   |            ^^^^^^^^^^^^^^

warning: method `prepare` is never used
  --> src/substrate/cvr/backend.rs:23:8
   |
19 | pub trait MicroVmBackend {
   |           -------------- method in this trait
...
23 |     fn prepare(&self) -> Result<(), String>;
   |        ^^^^^^^

warning: method `create_and_start` is never used
  --> src/substrate/cvr/backend.rs:93:12
   |
91 | impl FirecrackerBackend {
   | ----------------------- method in this implementation
92 |     /// Create and start a MicroCell (real Firecracker).
93 |     pub fn create_and_start(
   |            ^^^^^^^^^^^^^^^^

warning: function `lifecycle_receipt_folder` is never used
  --> src/substrate/cvr/lifecycle.rs:15:8
   |
15 | pub fn lifecycle_receipt_folder() -> &'static str {
   |        ^^^^^^^^^^^^^^^^^^^^^^^^

warning: variant `Resume` is never constructed
  --> src/substrate/cvr/lifecycle.rs:22:5
   |
20 | pub enum LifecycleTransition {
   |          ------------------- variant in this enum
21 |     Pause,
22 |     Resume,
   |     ^^^^^^
   |
   = note: `LifecycleTransition` has derived impls for the traits `Clone` and `Debug`, but these are intentionally ignored during dead code analysis

warning: function `create_and_start` is never used
  --> src/substrate/cvr/micro_cell.rs:96:8
   |
96 | pub fn create_and_start(
   |        ^^^^^^^^^^^^^^^^

warning: method `to_json` is never used
  --> src/substrate/arc/agency_state.rs:71:12
   |
25 | impl AgencyState {
   | ---------------- method in this implementation
...
71 |     pub fn to_json(&self) -> Value {
   |            ^^^^^^^

warning: method `set_for_test` is never used
  --> src/substrate/arc/authority_epoch.rs:37:12
   |
21 | impl AuthorityEpochStore {
   | ------------------------ method in this implementation
...
37 |     pub fn set_for_test(&self, agent_id: &str, epoch: u64) {
   |            ^^^^^^^^^^^^

warning: method `as_str` is never used
  --> src/substrate/arc/autonomy_volume.rs:20:12
   |
19 | impl EnforcementGrade {
   | --------------------- method in this implementation
20 |     pub fn as_str(self) -> &'static str {
   |            ^^^^^^

warning: variants `WaitingHitl` and `Reserved` are never constructed
  --> src/substrate/arc/governor.rs:24:5
   |
20 | pub enum GovernorDecision {
   |          ---------------- variants in this enum
...
24 |     WaitingHitl { reason: String },
   |     ^^^^^^^^^^^
25 |     /// Gates passed; lease mint is Phase C.
26 |     Reserved {
   |     ^^^^^^^^
   |
   = note: `GovernorDecision` has derived impls for the traits `Clone` and `Debug`, but these are intentionally ignored during dead code analysis

warning: function `assert_governor_engaged_when_required` is never used
   --> src/substrate/arc/governor.rs:171:8
    |
171 | pub fn assert_governor_engaged_when_required() -> Result<(), ConnectorError> {
    |        ^^^^^^^^^^^^^^^^^^^^^^^^^^^^^^^^^^^^^

warning: function `decision_json` is never used
   --> src/substrate/arc/governor.rs:180:8
    |
180 | pub fn decision_json(d: &GovernorDecision) -> Value {
    |        ^^^^^^^^^^^^^

warning: method `digest` is never used
  --> src/substrate/arc/governor_input.rs:45:12
   |
23 | impl GovernorInput {
   | ------------------ method in this implementation
...
45 |     pub fn digest(&self) -> String {
   |            ^^^^^^

warning: method `to_json` is never used
  --> src/substrate/arc/observable.rs:55:12
   |
27 | impl ObservableState {
   | -------------------- method in this implementation
...
55 |     pub fn to_json(&self) -> Value {
   |            ^^^^^^^

warning: enum `ScheduleHint` is never used
 --> src/substrate/arc/scheduler.rs:9:10
  |
9 | pub enum ScheduleHint {
  |          ^^^^^^^^^^^^

warning: method `as_str` is never used
  --> src/substrate/arc/scheduler.rs:21:12
   |
20 | impl ScheduleHint {
   | ----------------- method in this implementation
21 |     pub fn as_str(self) -> &'static str {
   |            ^^^^^^

warning: function `default_hint` is never used
  --> src/substrate/arc/scheduler.rs:36:8
   |
36 | pub fn default_hint() -> ScheduleHint {
   |        ^^^^^^^^^^^^

warning: function `posture_json` is never used
  --> src/substrate/arc/scheduler.rs:40:8
   |
40 | pub fn posture_json() -> Value {
   |        ^^^^^^^^^^^^

warning: methods `digest` and `to_json` are never used
   --> src/substrate/arc/transaction.rs:211:12
    |
173 | impl AgencyTransaction {
    | ---------------------- methods in this implementation
...
211 |     pub fn digest(&self) -> String {
    |            ^^^^^^
...
225 |     pub fn to_json(&self) -> Value {
    |            ^^^^^^^

warning: methods `get` and `is_empty` are never used
  --> src/substrate/arc/transaction_store.rs:25:12
   |
14 | impl TransactionStore {
   | --------------------- methods in this implementation
...
25 |     pub fn get(&self, tx_id: &str) -> Option<AgencyTransaction> {
   |            ^^^
...
62 |     pub fn is_empty(&self) -> bool {
   |            ^^^^^^^^

warning: fields `ticket_v2` and `grant` are never read
  --> src/substrate/governed_effect.rs:26:9
   |
24 | pub struct GovernedEffectResult {
   |            -------------------- fields in this struct
25 |     pub ticket: AdmissionTicket,
26 |     pub ticket_v2: AdmissionTicketV2,
   |         ^^^^^^^^^
27 |     pub grant: CapabilityGrantV2,
   |         ^^^^^
   |
   = note: `GovernedEffectResult` has derived impls for the traits `Clone` and `Debug`, but these are intentionally ignored during dead code analysis

warning: field `child_pids` is never read
   --> src/substrate/graph_firewall.rs:121:9
    |
114 | pub struct RelationGraphContext {
    |            -------------------- field in this struct
...
121 |     pub child_pids: Vec<String>,
    |         ^^^^^^^^^^
    |
    = note: `RelationGraphContext` has derived impls for the traits `Clone` and `Debug`, but these are intentionally ignored during dead code analysis

warning: field `anomaly_score` is never read
   --> src/substrate/graph_firewall.rs:141:9
    |
135 | pub struct GraphFirewallVerdict {
    |            -------------------- field in this struct
...
141 |     pub anomaly_score: f64,
    |         ^^^^^^^^^^^^^
    |
    = note: `GraphFirewallVerdict` has derived impls for the traits `Clone` and `Debug`, but these are intentionally ignored during dead code analysis

warning: function `fleet_status` is never used
   --> src/substrate/graph_firewall.rs:760:8
    |
760 | pub fn fleet_status(state: &SharedState) -> serde_json::Value {
    |        ^^^^^^^^^^^^

warning: function `agent_status` is never used
   --> src/substrate/graph_firewall.rs:817:8
    |
817 | pub fn agent_status(state: &SharedState, agent_pid: &str) -> serde_json::Value {
    |        ^^^^^^^^^^^^

warning: enum `HandoffStatus` is never used
  --> src/substrate/handoff_queue.rs:14:10
   |
14 | pub enum HandoffStatus {
   |          ^^^^^^^^^^^^^

warning: function `record_wc_proxy_success` is never used
  --> src/substrate/handoff_queue.rs:20:8
   |
20 | pub fn record_wc_proxy_success(
   |        ^^^^^^^^^^^^^^^^^^^^^^^

warning: function `record_tt_handoff_pending` is never used
   --> src/substrate/handoff_queue.rs:114:8
    |
114 | pub fn record_tt_handoff_pending(
    |        ^^^^^^^^^^^^^^^^^^^^^^^^^

warning: function `rebuild_vector_index` is never used
  --> src/substrate/knot_rebuild.rs:36:8
   |
36 | pub fn rebuild_vector_index(state: &SharedState) {
   |        ^^^^^^^^^^^^^^^^^^^^

warning: function `write_through_packet` is never used
  --> src/substrate/memwrite_durability.rs:48:8
   |
48 | pub fn write_through_packet(state: &PlatformState, packet: &MemPacket) -> Result<(), String> {
   |        ^^^^^^^^^^^^^^^^^^^^

warning: function `principal_from_inbound` is never used
  --> src/substrate/outbound.rs:11:8
   |
11 | pub fn principal_from_inbound(headers: &HeaderMap) -> Option<PrincipalContextV2> {
   |        ^^^^^^^^^^^^^^^^^^^^^^

warning: function `spoofed_identity_headers` is never used
  --> src/substrate/outbound.rs:50:8
   |
50 | pub fn spoofed_identity_headers(headers: &HeaderMap) -> Option<&'static str> {
   |        ^^^^^^^^^^^^^^^^^^^^^^^^

warning: function `stamp_reqwest` is never used
  --> src/substrate/outbound.rs:79:8
   |
79 | pub fn stamp_reqwest(
   |        ^^^^^^^^^^^^^

warning: variant `Bypass` is never constructed
  --> src/substrate/probabilistic_llm.rs:55:5
   |
53 | pub enum DenialClass {
   |          ----------- variant in this enum
54 |     /// Tried to go around Connector (raw tool, forged ticket, ungoverned path).
55 |     Bypass,
   |     ^^^^^^
   |
   = note: `DenialClass` has derived impls for the traits `Clone` and `Debug`, but these are intentionally ignored during dead code analysis

warning: method `to_json` is never used
  --> src/substrate/agentic_context.rs:93:12
   |
48 | impl AgenticContext {
   | ------------------- method in this implementation
...
93 |     pub fn to_json(&self) -> Value {
   |            ^^^^^^^

warning: function `append_to_system` is never used
   --> src/substrate/agentic_context.rs:239:8
    |
239 | pub fn append_to_system(system: &mut String, ctx: &AgenticContext) {
    |        ^^^^^^^^^^^^^^^^

warning: function `inject_into_role_content_messages` is never used
   --> src/substrate/agentic_context.rs:250:8
    |
250 | pub fn inject_into_role_content_messages(messages: &mut Vec<(String, String)>, ctx: &AgenticContext) {
    |        ^^^^^^^^^^^^^^^^^^^^^^^^^^^^^^^^^

warning: function `assert_userspace_cannot_regain_denied` is never used
   --> src/substrate/seven_pillars_soak.rs:101:8
    |
101 | pub fn assert_userspace_cannot_regain_denied() -> Result<Value, String> {
    |        ^^^^^^^^^^^^^^^^^^^^^^^^^^^^^^^^^^^^^

warning: function `mint_dna_for_tool` is never used
  --> src/substrate/effect_envelope_bus.rs:81:8
   |
81 | pub fn mint_dna_for_tool(
   |        ^^^^^^^^^^^^^^^^^

warning: function `encode_header` is never used
   --> src/substrate/packet_dna.rs:239:8
    |
239 | pub fn encode_header(dna: &AgentPacketDnaV1) -> Result<String, String> {
    |        ^^^^^^^^^^^^^

warning: function `decode_header` is never used
   --> src/substrate/packet_dna.rs:243:8
    |
243 | pub fn decode_header(value: &str) -> Result<AgentPacketDnaV1, String> {
    |        ^^^^^^^^^^^^^

warning: method `to_json` is never used
  --> src/substrate/pate.rs:73:12
   |
72 | impl AugmentedTaskUnit {
   | ---------------------- method in this implementation
73 |     pub fn to_json(&self) -> Value {
   |            ^^^^^^^

warning: function `posture_json` is never used
   --> src/substrate/pate.rs:492:8
    |
492 | pub fn posture_json() -> Value {
    |        ^^^^^^^^^^^^

warning: function `reasoning_from_response` is never used
  --> src/substrate/ltl.rs:18:8
   |
18 | pub fn reasoning_from_response(resp: &LlmResponse) -> Option<String> {
   |        ^^^^^^^^^^^^^^^^^^^^^^^

warning: function `tool_result_turn` is never used
  --> src/substrate/ltl.rs:48:8
   |
48 | pub fn tool_result_turn(tool_call_id: &str, content: impl Into<String>) -> ChatMessage {
   |        ^^^^^^^^^^^^^^^^

warning: function `stitch_reasoning_into_history` is never used
  --> src/substrate/ltl.rs:55:8
   |
55 | pub fn stitch_reasoning_into_history(history: &mut [ChatMessage], last_response: &LlmResponse) {
   |        ^^^^^^^^^^^^^^^^^^^^^^^^^^^^^

warning: function `openai_reasoning_item_passback` is never used
  --> src/substrate/ltl.rs:67:8
   |
67 | pub fn openai_reasoning_item_passback(item: &Value) -> Option<ChatMessage> {
   |        ^^^^^^^^^^^^^^^^^^^^^^^^^^^^^^

warning: constant `RUN_FOLDER` is never used
  --> src/substrate/dynamic_agent_loop.rs:16:11
   |
16 | pub const RUN_FOLDER: &str = "dal_run_states";
   |           ^^^^^^^^^^

warning: function `checkpoint` is never used
   --> src/substrate/dynamic_agent_loop.rs:164:8
    |
164 | pub fn checkpoint(state: &PlatformState, run: &AgentRunState) -> Result<(), ConnectorError> {
    |        ^^^^^^^^^^

warning: function `load` is never used
   --> src/substrate/dynamic_agent_loop.rs:174:8
    |
174 | pub fn load(state: &PlatformState, run_id: &str) -> Result<Option<AgentRunState>, ConnectorError> {
    |        ^^^^

warning: function `start_run` is never used
   --> src/substrate/dynamic_agent_loop.rs:186:8
    |
186 | pub fn start_run(
    |        ^^^^^^^^^

warning: function `note_tool_receipt` is never used
   --> src/substrate/dynamic_agent_loop.rs:213:8
    |
213 | pub fn note_tool_receipt(
    |        ^^^^^^^^^^^^^^^^^

warning: function `public_snapshot` is never used
   --> src/substrate/dynamic_agent_loop.rs:237:8
    |
237 | pub fn public_snapshot(run: &AgentRunState) -> Value {
    |        ^^^^^^^^^^^^^^^

warning: function `estop_oversight` is never used
   --> src/substrate/rgo.rs:151:8
    |
151 | pub fn estop_oversight() -> OversightMode {
    |        ^^^^^^^^^^^^^^^

warning: function `snapshot_json` is never used
   --> src/substrate/egcm.rs:185:8
    |
185 | pub fn snapshot_json(state: &PlatformState, agent_pid: &str) -> Value {
    |        ^^^^^^^^^^^^^

warning: function `report_json` is never used
   --> src/substrate/nf3.rs:114:8
    |
114 | pub fn report_json(report: &Nf3Report) -> Value {
    |        ^^^^^^^^^^^

warning: function `observe_json` is never used
   --> src/substrate/knot21.rs:122:8
    |
122 | pub fn observe_json(state: &PlatformState, agent_pid: &str) -> Value {
    |        ^^^^^^^^^^^^

warning: function `request_stop` is never used
  --> src/substrate/cip_executive.rs:82:8
   |
82 | pub fn request_stop(run: &mut AgentRunState, reason: StopReason) {
   |        ^^^^^^^^^^^^

warning: function `should_inhibit_effect` is never used
  --> src/substrate/cip_executive.rs:87:8
   |
87 | pub fn should_inhibit_effect(exec: &CipExecutive) -> bool {
   |        ^^^^^^^^^^^^^^^^^^^^^

warning: function `to_json` is never used
   --> src/substrate/cip_executive.rs:106:8
    |
106 | pub fn to_json(exec: &CipExecutive) -> Value {
    |        ^^^^^^^

warning: function `to_json` is never used
   --> src/substrate/belief_snapshot.rs:135:8
    |
135 | pub fn to_json(s: &BeliefSnapshot) -> Value {
    |        ^^^^^^^

warning: constant `EFFECT_INTENT_SCHEMA` is never used
  --> src/substrate/effect_intent.rs:10:11
   |
10 | pub const EFFECT_INTENT_SCHEMA: &str = "connector.effect_intent.v1";
   |           ^^^^^^^^^^^^^^^^^^^^

warning: associated items `from_binding`, `compute_digest`, and `with_actual` are never used
  --> src/substrate/effect_intent.rs:31:12
   |
30 | impl EffectIntent {
   | ----------------- associated items in this implementation
31 |     pub fn from_binding(binding: &ActionBinding, reversibility: &str) -> Self {
   |            ^^^^^^^^^^^^
...
51 |     pub fn compute_digest(&self) -> String {
   |            ^^^^^^^^^^^^^^
...
62 |     pub fn with_actual(mut self, actual: Value) -> Self {
   |            ^^^^^^^^^^^

warning: function `classify_verb` is never used
  --> src/substrate/effect_intent.rs:69:4
   |
69 | fn classify_verb(operation: &str, tool: &str) -> String {
   |    ^^^^^^^^^^^^^

warning: function `attach_to_binding_json` is never used
  --> src/substrate/effect_intent.rs:86:8
   |
86 | pub fn attach_to_binding_json(binding: &ActionBinding, intent: &EffectIntent) -> Value {
   |        ^^^^^^^^^^^^^^^^^^^^^^

warning: function `permits` is never used
  --> src/substrate/affordance_envelope.rs:97:8
   |
97 | pub fn permits(envelope: &AffordanceEnvelope, binding: &ActionBinding) -> bool {
   |        ^^^^^^^

warning: function `oversight_for` is never used
   --> src/substrate/affordance_envelope.rs:109:8
    |
109 | pub fn oversight_for(envelope: &AffordanceEnvelope, class: ReversibilityClass) -> OversightMode {
    |        ^^^^^^^^^^^^^

warning: function `to_json` is never used
   --> src/substrate/affordance_envelope.rs:114:8
    |
114 | pub fn to_json(e: &AffordanceEnvelope) -> Value {
    |        ^^^^^^^

warning: function `to_json` is never used
  --> src/substrate/fallback_ladder.rs:76:8
   |
76 | pub fn to_json(d: &FallbackDecision) -> Value {
   |        ^^^^^^^

warning: constant `RISK_SCHEMA` is never used
  --> src/substrate/risk_context.rs:13:11
   |
13 | pub const RISK_SCHEMA: &str = "connector.risk_context.v1";
   |           ^^^^^^^^^^^

warning: struct `RiskContextEnvelope` is never constructed
  --> src/substrate/risk_context.rs:16:12
   |
16 | pub struct RiskContextEnvelope {
   |            ^^^^^^^^^^^^^^^^^^^

warning: type alias `HmacSha256` is never used
  --> src/substrate/risk_context.rs:28:6
   |
28 | type HmacSha256 = Hmac<Sha256>;
   |      ^^^^^^^^^^

warning: function `secret` is never used
  --> src/substrate/risk_context.rs:30:4
   |
30 | fn secret() -> Vec<u8> {
   |    ^^^^^^

warning: function `mint` is never used
  --> src/substrate/risk_context.rs:38:8
   |
38 | pub fn mint(state: &PlatformState, agent_pid: &str, ttl_ms: i64) -> RiskContextEnvelope {
   |        ^^^^

warning: function `verify` is never used
  --> src/substrate/risk_context.rs:81:8
   |
81 | pub fn verify(env: &RiskContextEnvelope) -> Result<(), String> {
   |        ^^^^^^

warning: function `to_json` is never used
   --> src/substrate/risk_context.rs:109:8
    |
109 | pub fn to_json(e: &RiskContextEnvelope) -> Value {
    |        ^^^^^^^

warning: methods `record_effect` and `bump_delegation` are never used
  --> src/substrate/trajectory_budget.rs:49:12
   |
29 | impl TrajectoryBudget {
   | --------------------- methods in this implementation
...
49 |     pub fn record_effect(&mut self, blast: f32, value: f64, bytes: u64, commits: bool) {
   |            ^^^^^^^^^^^^^
...
63 |     pub fn bump_delegation(&mut self) {
   |            ^^^^^^^^^^^^^^^

warning: function `save` is never used
  --> src/substrate/trajectory_budget.rs:82:8
   |
82 | pub fn save(state: &PlatformState, budget: &TrajectoryBudget) {
   |        ^^^^

warning: function `to_json` is never used
  --> src/substrate/trajectory_budget.rs:92:8
   |
92 | pub fn to_json(b: &TrajectoryBudget) -> Value {
   |        ^^^^^^^

warning: constant `LEDGER_SCHEMA` is never used
 --> src/substrate/reasoning_ledger.rs:9:11
  |
9 | pub const LEDGER_SCHEMA: &str = "connector.decision_ledger.v1";
  |           ^^^^^^^^^^^^^

warning: constant `LEDGER_FOLDER` is never used
  --> src/substrate/reasoning_ledger.rs:10:11
   |
10 | pub const LEDGER_FOLDER: &str = "decision_evidence_ledger";
   |           ^^^^^^^^^^^^^

warning: struct `DecisionRecord` is never constructed
  --> src/substrate/reasoning_ledger.rs:13:12
   |
13 | pub struct DecisionRecord {
   |            ^^^^^^^^^^^^^^

warning: function `record` is never used
  --> src/substrate/reasoning_ledger.rs:32:8
   |
32 | pub fn record(
   |        ^^^^^^

warning: function `to_json` is never used
  --> src/substrate/reasoning_ledger.rs:70:8
   |
70 | pub fn to_json(r: &DecisionRecord) -> Value {
   |        ^^^^^^^

warning: constant `LIFECYCLE_SCHEMA` is never used
  --> src/substrate/agent_memory.rs:10:11
   |
10 | pub const LIFECYCLE_SCHEMA: &str = "connector.mem.lifecycle.v1";
   |           ^^^^^^^^^^^^^^^^

warning: enum `MemoryLifecycle` is never used
  --> src/substrate/agent_memory.rs:14:10
   |
14 | pub enum MemoryLifecycle {
   |          ^^^^^^^^^^^^^^^

warning: associated items `as_str` and `from_packet` are never used
  --> src/substrate/agent_memory.rs:23:12
   |
22 | impl MemoryLifecycle {
   | -------------------- associated items in this implementation
23 |     pub fn as_str(self) -> &'static str {
   |            ^^^^^^
...
33 |     pub fn from_packet(pkt: &MemPacket) -> Self {
   |            ^^^^^^^^^^^

warning: function `mark_verified` is never used
  --> src/substrate/agent_memory.rs:50:8
   |
50 | pub fn mark_verified(state: &PlatformState, cid: &str) -> Result<Value, String> {
   |        ^^^^^^^^^^^^^

warning: function `supersede` is never used
  --> src/substrate/agent_memory.rs:65:8
   |
65 | pub fn supersede(
   |        ^^^^^^^^^

warning: function `forget` is never used
  --> src/substrate/agent_memory.rs:83:8
   |
83 | pub fn forget(state: &PlatformState, cid: &str, reason: &str) -> Result<Value, String> {
   |        ^^^^^^

warning: function `record_tracetramp_admin_forward` is never used
  --> src/substrate/projection.rs:12:8
   |
12 | pub fn record_tracetramp_admin_forward(
   |        ^^^^^^^^^^^^^^^^^^^^^^^^^^^^^^^

warning: function `record_witnessctl_forward` is never used
  --> src/substrate/projection.rs:59:8
   |
59 | pub fn record_witnessctl_forward(
   |        ^^^^^^^^^^^^^^^^^^^^^^^^^

warning: function `require_management_proxy_auth` is never used
  --> src/substrate/proxy_auth.rs:14:8
   |
14 | pub fn require_management_proxy_auth(headers: &HeaderMap) -> Result<(), Response> {
   |        ^^^^^^^^^^^^^^^^^^^^^^^^^^^^^

warning: function `require_plugin_cage_auth` is never used
  --> src/substrate/proxy_auth.rs:71:8
   |
71 | pub fn require_plugin_cage_auth(headers: &HeaderMap, method: &Method) -> Result<(), Response> {
   |        ^^^^^^^^^^^^^^^^^^^^^^^^

warning: struct `NodeIdentity` is never constructed
  --> src/boot/mod.rs:69:12
   |
69 | pub struct NodeIdentity {
   |            ^^^^^^^^^^^^

warning: enum `NodeMode` is never used
  --> src/boot/mod.rs:80:10
   |
80 | pub enum NodeMode {
   |          ^^^^^^^^

warning: enum `NodeTopology` is never used
  --> src/boot/mod.rs:89:10
   |
89 | pub enum NodeTopology {
   |          ^^^^^^^^^^^^

warning: struct `StageResult` is never constructed
   --> src/boot/mod.rs:116:12
    |
116 | pub struct StageResult {
    |            ^^^^^^^^^^^

warning: associated functions `ok`, `ok_with_details`, and `err` are never used
   --> src/boot/mod.rs:126:12
    |
125 | impl StageResult {
    | ---------------- associated functions in this implementation
126 |     pub fn ok(stage: u16, duration: Duration, message: impl Into<String>) -> Self {
    |            ^^
...
137 |     pub fn ok_with_details(stage: u16, duration: Duration, message: impl Into<String>, details: Vec<String>) -> Self {
    |            ^^^^^^^^^^^^^^^
...
148 |     pub fn err(stage: u16, duration: Duration, message: impl Into<String>) -> Self {
    |            ^^^

warning: function `begin_shutdown` is never used
   --> src/boot/mod.rs:200:8
    |
200 | pub fn begin_shutdown() {
    |        ^^^^^^^^^^^^^^

warning: function `notify_systemd_stopping` is never used
   --> src/boot/mod.rs:215:4
    |
215 | fn notify_systemd_stopping() {
    |    ^^^^^^^^^^^^^^^^^^^^^^^

warning: function `sd_notify_stopping` is never used
   --> src/boot/mod.rs:243:4
    |
243 | fn sd_notify_stopping() -> std::io::Result<()> {
    |    ^^^^^^^^^^^^^^^^^^

warning: function `sd_notify_status` is never used
   --> src/boot/mod.rs:260:8
    |
260 | pub fn sd_notify_status(status: &str) -> std::io::Result<()> {
    |        ^^^^^^^^^^^^^^^^

warning: function `sd_notify_watchdog` is never used
   --> src/boot/mod.rs:282:8
    |
282 | pub fn sd_notify_watchdog() -> std::io::Result<()> {
    |        ^^^^^^^^^^^^^^^^^^

warning: function `watchdog_enabled` is never used
   --> src/boot/mod.rs:302:8
    |
302 | pub fn watchdog_enabled() -> Option<Duration> {
    |        ^^^^^^^^^^^^^^^^

warning: struct `BootContext` is never constructed
   --> src/boot/mod.rs:310:12
    |
310 | pub struct BootContext {
    |            ^^^^^^^^^^^

warning: associated items `new`, `record`, `total_duration`, `is_complete`, and `failed_stages` are never used
   --> src/boot/mod.rs:317:12
    |
316 | impl BootContext {
    | ---------------- associated items in this implementation
317 |     pub fn new(identity: NodeIdentity) -> Self {
    |            ^^^
...
325 |     pub fn record(&mut self, result: StageResult) {
    |            ^^^^^^
...
332 |     pub fn total_duration(&self) -> Duration {
    |            ^^^^^^^^^^^^^^
...
336 |     pub fn is_complete(&self) -> bool {
    |            ^^^^^^^^^^^
...
340 |     pub fn failed_stages(&self) -> Vec<&StageResult> {
    |            ^^^^^^^^^^^^^

warning: function `generate_and_persist_node_id` is never used
 --> src/boot/stages.rs:9:4
  |
9 | fn generate_and_persist_node_id(path: &str) -> String {
  |    ^^^^^^^^^^^^^^^^^^^^^^^^^^^^

warning: function `stage_identity` is never used
  --> src/boot/stages.rs:23:8
   |
23 | pub fn stage_identity() -> (StageResult, NodeIdentity) {
   |        ^^^^^^^^^^^^^^

warning: function `stage_config` is never used
  --> src/boot/stages.rs:89:8
   |
89 | pub fn stage_config(data_dir: &str) -> StageResult {
   |        ^^^^^^^^^^^^

warning: function `stage_secrets` is never used
   --> src/boot/stages.rs:122:8
    |
122 | pub fn stage_secrets(data_dir: &str) -> StageResult {
    |        ^^^^^^^^^^^^^

warning: function `stage_storage_check` is never used
   --> src/boot/stages.rs:169:8
    |
169 | pub fn stage_storage_check(data_dir: &str) -> StageResult {
    |        ^^^^^^^^^^^^^^^^^^^

warning: function `stage_kernel_complete` is never used
   --> src/boot/stages.rs:206:8
    |
206 | pub fn stage_kernel_complete(packet_count: usize, duration: std::time::Duration) -> StageResult {
    |        ^^^^^^^^^^^^^^^^^^^^^

warning: function `stage_policies_complete` is never used
   --> src/boot/stages.rs:222:8
    |
222 | pub fn stage_policies_complete(policy_count: usize, duration: std::time::Duration) -> StageResult {
    |        ^^^^^^^^^^^^^^^^^^^^^^^

warning: function `stage_scheduler_complete` is never used
   --> src/boot/stages.rs:237:8
    |
237 | pub fn stage_scheduler_complete(provider_count: usize, duration: std::time::Duration) -> StageResult {
    |        ^^^^^^^^^^^^^^^^^^^^^^^^

warning: function `stage_capabilities_complete` is never used
   --> src/boot/stages.rs:259:8
    |
259 | pub fn stage_capabilities_complete(duration: std::time::Duration) -> StageResult {
    |        ^^^^^^^^^^^^^^^^^^^^^^^^^^^

warning: function `stage_restore_complete` is never used
   --> src/boot/stages.rs:274:8
    |
274 | pub fn stage_restore_complete(agent_count: usize, duration: std::time::Duration) -> StageResult {
    |        ^^^^^^^^^^^^^^^^^^^^^^

warning: function `stage_services_complete` is never used
   --> src/boot/stages.rs:289:8
    |
289 | pub fn stage_services_complete(service_count: usize, duration: std::time::Duration) -> StageResult {
    |        ^^^^^^^^^^^^^^^^^^^^^^^

warning: function `stage_access_complete` is never used
   --> src/boot/stages.rs:308:8
    |
308 | pub fn stage_access_complete(addr: &str, route_count: usize, duration: std::time::Duration) -> StageResult {
    |        ^^^^^^^^^^^^^^^^^^^^^

warning: function `stage_ready_complete` is never used
   --> src/boot/stages.rs:326:8
    |
326 | pub fn stage_ready_complete(total_duration: std::time::Duration) -> StageResult {
    |        ^^^^^^^^^^^^^^^^^^^^

warning: function `use_colors` is never used
  --> src/boot/reporter.rs:21:4
   |
21 | fn use_colors() -> bool {
   |    ^^^^^^^^^^

warning: struct `BootReporter` is never constructed
  --> src/boot/reporter.rs:28:12
   |
28 | pub struct BootReporter {
   |            ^^^^^^^^^^^^

warning: multiple associated items are never used
   --> src/boot/reporter.rs:34:12
    |
 33 | impl BootReporter {
    | ----------------- associated items in this implementation
 34 |     pub fn new() -> Self {
    |            ^^^
...
 42 |     pub fn print_header(&self, identity: &NodeIdentity) {
    |            ^^^^^^^^^^^^
...
 75 |     pub fn print_stage(&self, result: &StageResult) {
    |            ^^^^^^^^^^^
...
143 |     pub fn print_access(&self, addr: &str) {
    |            ^^^^^^^^^^^^
...
164 |     pub fn print_footer(&self, total_duration: Duration, success: bool) {
    |            ^^^^^^^^^^^^
...
200 |     pub fn print_dev_mode(&self, addr: &str) {
    |            ^^^^^^^^^^^^^^
...
233 |     pub fn print_error(&self, stage: &str, message: &str, hint: Option<&str>) {
    |            ^^^^^^^^^^^

warning: function `boot_context_to_json` is never used
   --> src/boot/reporter.rs:264:8
    |
264 | pub fn boot_context_to_json(ctx: &BootContext) -> serde_json::Value {
    |        ^^^^^^^^^^^^^^^^^^^^

warning: constant `RESET` is never used
  --> src/boot/reporter.rs:10:15
   |
10 |     pub const RESET: &str = "\x1b[0m";
   |               ^^^^^

warning: constant `BOLD` is never used
  --> src/boot/reporter.rs:11:15
   |
11 |     pub const BOLD: &str = "\x1b[1m";
   |               ^^^^

warning: constant `DIM` is never used
  --> src/boot/reporter.rs:12:15
   |
12 |     pub const DIM: &str = "\x1b[2m";
   |               ^^^

warning: constant `GREEN` is never used
  --> src/boot/reporter.rs:13:15
   |
13 |     pub const GREEN: &str = "\x1b[32m";
   |               ^^^^^

warning: constant `YELLOW` is never used
  --> src/boot/reporter.rs:14:15
   |
14 |     pub const YELLOW: &str = "\x1b[33m";
   |               ^^^^^^

warning: constant `RED` is never used
  --> src/boot/reporter.rs:15:15
   |
15 |     pub const RED: &str = "\x1b[31m";
   |               ^^^

warning: constant `CYAN` is never used
  --> src/boot/reporter.rs:16:15
   |
16 |     pub const CYAN: &str = "\x1b[36m";
   |               ^^^^

warning: constant `WHITE` is never used
  --> src/boot/reporter.rs:17:15
   |
17 |     pub const WHITE: &str = "\x1b[37m";
   |               ^^^^^

warning: struct `HealthStatus` is never constructed
  --> src/boot/probes.rs:40:12
   |
40 | pub struct HealthStatus {
   |            ^^^^^^^^^^^^

warning: struct `SubsystemHealth` is never constructed
  --> src/boot/probes.rs:55:12
   |
55 | pub struct SubsystemHealth {
   |            ^^^^^^^^^^^^^^^

warning: function `health_status` is never used
   --> src/boot/probes.rs:134:8
    |
134 | pub fn health_status(node_id: &str, mode: &str) -> HealthStatus {
    |        ^^^^^^^^^^^^^

warning: function `should_accept_requests` is never used
   --> src/boot/probes.rs:172:8
    |
172 | pub fn should_accept_requests() -> bool {
    |        ^^^^^^^^^^^^^^^^^^^^^^

warning: function `readiness_status_code` is never used
   --> src/boot/probes.rs:177:8
    |
177 | pub fn readiness_status_code() -> u16 {
    |        ^^^^^^^^^^^^^^^^^^^^^

warning: function `liveness_status_code` is never used
   --> src/boot/probes.rs:182:8
    |
182 | pub fn liveness_status_code() -> u16 {
    |        ^^^^^^^^^^^^^^^^^^^^

warning: function `startup_status_code` is never used
   --> src/boot/probes.rs:187:8
    |
187 | pub fn startup_status_code() -> u16 {
    |        ^^^^^^^^^^^^^^^^^^^

warning: method `fail` is never used
   --> src/boot/recovery.rs:261:12
    |
229 | impl BootAttempt {
    | ---------------- method in this implementation
...
261 |     pub fn fail(&mut self, stage: u16, error: &str) {
    |            ^^^^

warning: fields `data_dir` and `recovery_actions` are never read
   --> src/boot/recovery.rs:285:5
    |
273 | pub struct RecoveryManager {
    |            --------------- fields in this struct
...
285 |     data_dir: String,
    |     ^^^^^^^^
286 |     /// Recovery actions registry
287 |     recovery_actions: HashMap<String, Box<dyn Fn() -> Result<(), String> + Send + Sync>>,
    |     ^^^^^^^^^^^^^^^^

warning: multiple methods are never used
   --> src/boot/recovery.rs:497:12
    |
290 | impl RecoveryManager {
    | -------------------- methods in this implementation
...
497 |     pub fn rollback(&mut self, checkpoint_id: &str) -> Result<u16, String> {
    |            ^^^^^^^^
...
522 |     pub fn register_action<F>(&mut self, name: &str, action: F)
    |            ^^^^^^^^^^^^^^^
...
530 |     pub fn execute_action(&self, name: &str) -> Result<(), String> {
    |            ^^^^^^^^^^^^^^
...
540 |     pub fn complete_boot(&mut self, success: bool) {
    |            ^^^^^^^^^^^^^
...
554 |     pub fn attempts(&self) -> &[BootAttempt] {
    |            ^^^^^^^^
...
559 |     pub fn get_config(&self, stage: u16) -> Option<&StageRecoveryConfig> {
    |            ^^^^^^^^^^
...
569 |     pub fn persist(&self) -> Result<(), String> {
    |            ^^^^^^^
...
586 |     pub fn load(&mut self) -> Result<(), String> {
    |            ^^^^

warning: fields `max_attempts` and `delay` are never read
   --> src/boot/recovery.rs:613:9
    |
612 |     Retry {
    |     ----- fields in this variant
613 |         max_attempts: u32,
    |         ^^^^^^^^^^^^
614 |         delay: Duration,
    |         ^^^^^
    |
    = note: `RecoveryAction` has derived impls for the traits `Clone` and `Debug`, but these are intentionally ignored during dead code analysis

warning: field `checkpoint_id` is never read
   --> src/boot/recovery.rs:618:9
    |
617 |     Rollback {
    |     -------- field in this variant
618 |         checkpoint_id: String,
    |         ^^^^^^^^^^^^^
    |
    = note: `RecoveryAction` has derived impls for the traits `Clone` and `Debug`, but these are intentionally ignored during dead code analysis

warning: fields `action` and `then_retry` are never read
   --> src/boot/recovery.rs:623:9
    |
622 |     RunRecoveryAction {
    |     ----------------- fields in this variant
623 |         action: String,
    |         ^^^^^^
624 |         then_retry: bool,
    |         ^^^^^^^^^^
    |
    = note: `RecoveryAction` has derived impls for the traits `Clone` and `Debug`, but these are intentionally ignored during dead code analysis

warning: field `reason` is never read
   --> src/boot/recovery.rs:628:9
    |
627 |     Abort {
    |     ----- field in this variant
628 |         reason: String,
    |         ^^^^^^
    |
    = note: `RecoveryAction` has derived impls for the traits `Clone` and `Debug`, but these are intentionally ignored during dead code analysis

warning: struct `RecoveryState` is never constructed
   --> src/boot/recovery.rs:634:8
    |
634 | struct RecoveryState {
    |        ^^^^^^^^^^^^^

warning: struct `StageExecutor` is never constructed
   --> src/boot/recovery.rs:644:12
    |
644 | pub struct StageExecutor<'a> {
    |            ^^^^^^^^^^^^^

warning: associated items `new` and `execute` are never used
   --> src/boot/recovery.rs:652:12
    |
651 | impl<'a> StageExecutor<'a> {
    | -------------------------- associated items in this implementation
652 |     pub fn new(recovery: &'a mut RecoveryManager, stage: u16) -> Self {
    |            ^^^
...
666 |     pub fn execute<F, T>(&mut self, f: F) -> Result<T, String>
    |            ^^^^^^^

warning: multiple associated items are never used
   --> src/error.rs:173:12
    |
154 | impl ConnectorError {
    | ------------------- associated items in this implementation
...
173 |     pub fn budget_exhausted(used: u64, limit: u64, reset_at_ms: i64, agent_pid: &str) -> Self {
    |            ^^^^^^^^^^^^^^^^
...
192 |     pub fn mac_denied(agent_pid: &str, agent_clearance: &str, namespace: &str, ns_level: &str, operation: &str) -> Self {
    |            ^^^^^^^^^^
...
214 |     pub fn hipaa_no_baa() -> Self {
    |            ^^^^^^^^^^^^
...
225 |     pub fn model_not_found(requested: &str, available: &[&str]) -> Self {
    |            ^^^^^^^^^^^^^^^
...
270 |     pub fn capability_required(action: &str, resource: &str) -> Self {
    |            ^^^^^^^^^^^^^^^^^^^
...
315 |     pub fn agent_health_too_low(score: f64, threshold: f64) -> Self {
    |            ^^^^^^^^^^^^^^^^^^^^
...
362 |     pub fn license_required(feature: &str, required_tier: &str) -> Self {
    |            ^^^^^^^^^^^^^^^^
...
397 |     pub fn with_agent_health_score(mut self, score: f64) -> Self {
    |            ^^^^^^^^^^^^^^^^^^^^^^^

warning: type alias `ApiResult` is never used
   --> src/error.rs:615:10
    |
615 | pub type ApiResult<T> = Result<T, ConnectorError>;
    |          ^^^^^^^^^

warning: field `features` is never read
  --> src/license_file.rs:65:9
   |
62 | pub struct ValidatedLicense {
   |            ---------------- field in this struct
...
65 |     pub features:         HashSet<String>,
   |         ^^^^^^^^
   |
   = note: `ValidatedLicense` has derived impls for the traits `Clone` and `Debug`, but these are intentionally ignored during dead code analysis

warning: method `has_feature` is never used
  --> src/license_file.rs:71:12
   |
70 | impl ValidatedLicense {
   | --------------------- method in this implementation
71 |     pub fn has_feature(&self, feature: &str) -> bool {
   |            ^^^^^^^^^^^

warning: variants `Expired` and `FingerprintMismatch` are never constructed
  --> src/license_file.rs:93:5
   |
89 | pub enum LicenseError {
   |          ------------ variants in this enum
...
93 |     Expired,
   |     ^^^^^^^
94 |     FingerprintMismatch,
   |     ^^^^^^^^^^^^^^^^^^^
   |
   = note: `LicenseError` has a derived impl for the trait `Debug`, but this is intentionally ignored during dead code analysis

warning: function `sign_license` is never used
   --> src/license_file.rs:249:8
    |
249 | pub fn sign_license(payload: LicensePayload, private_key_bytes: &[u8; 32]) -> Result<LicenseFile, String> {
    |        ^^^^^^^^^^^^

warning: function `validate_fingerprint` is never used
   --> src/machine.rs:159:8
    |
159 | pub fn validate_fingerprint(locked_fp: &str) -> (bool, String) {
    |        ^^^^^^^^^^^^^^^^^^^^

warning: function `invalidate_token_cache` is never used
   --> src/auth/core.rs:578:8
    |
578 | pub fn invalidate_token_cache(token: &str) {
    |        ^^^^^^^^^^^^^^^^^^^^^^

warning: struct `SignupRequest` is never constructed
   --> src/auth/core.rs:681:12
    |
681 | pub struct SignupRequest {
    |            ^^^^^^^^^^^^^

warning: function `auth_middleware` is never used
   --> src/auth/core.rs:736:14
    |
736 | pub async fn auth_middleware(
    |              ^^^^^^^^^^^^^^^

warning: function `signup` is never used
   --> src/auth/core.rs:833:14
    |
833 | pub async fn signup(
    |              ^^^^^^

warning: function `require_developer` is never used
    --> src/auth/core.rs:1567:14
     |
1567 | pub async fn require_developer(req: Request, next: Next) -> Result<Response, StatusCode> {
     |              ^^^^^^^^^^^^^^^^^

warning: function `require_operator` is never used
    --> src/auth/core.rs:1571:14
     |
1571 | pub async fn require_operator(req: Request, next: Next) -> Result<Response, StatusCode> {
     |              ^^^^^^^^^^^^^^^^

warning: function `require_admin` is never used
    --> src/auth/core.rs:1575:14
     |
1575 | pub async fn require_admin(req: Request, next: Next) -> Result<Response, StatusCode> {
     |              ^^^^^^^^^^^^^

warning: function `require_role_rank` is never used
    --> src/auth/core.rs:1579:10
     |
1579 | async fn require_role_rank(req: Request, next: Next, min_rank: u8) -> Result<Response, StatusCode> {
     |          ^^^^^^^^^^^^^^^^^

warning: struct `ScopedToken` is never constructed
  --> src/auth/scoped_tokens.rs:15:12
   |
15 | pub struct ScopedToken {
   |            ^^^^^^^^^^^

warning: struct `CreateTokenRequest` is never constructed
   --> src/auth/scoped_tokens.rs:193:12
    |
193 | pub struct CreateTokenRequest {
    |            ^^^^^^^^^^^^^^^^^^

warning: struct `CreateTokenResponse` is never constructed
   --> src/auth/scoped_tokens.rs:206:12
    |
206 | pub struct CreateTokenResponse {
    |            ^^^^^^^^^^^^^^^^^^^

warning: function `hash_token` is never used
   --> src/auth/scoped_tokens.rs:280:8
    |
280 | pub fn hash_token(token: &str) -> String {
    |        ^^^^^^^^^^

warning: field `trusted_cas` is never read
   --> src/auth/mtls.rs:197:5
    |
191 | pub struct CertificateStore {
    |            ---------------- field in this struct
...
197 |     trusted_cas: RwLock<Vec<String>>,
    |     ^^^^^^^^^^^
    |
    = note: `CertificateStore` has a derived impl for the trait `Debug`, but this is intentionally ignored during dead code analysis

warning: methods `add_trusted_ca`, `is_ca_trusted`, `list_certificates`, and `list_active_certificates` are never used
   --> src/auth/mtls.rs:243:12
    |
200 | impl CertificateStore {
    | --------------------- methods in this implementation
...
243 |     pub fn add_trusted_ca(&self, fingerprint: String) -> Result<(), String> {
    |            ^^^^^^^^^^^^^^
...
252 |     pub fn is_ca_trusted(&self, fingerprint: &str) -> bool {
    |            ^^^^^^^^^^^^^
...
260 |     pub fn list_certificates(&self) -> Vec<CertificateEntry> {
    |            ^^^^^^^^^^^^^^^^^
...
268 |     pub fn list_active_certificates(&self) -> Vec<CertificateEntry> {
    |            ^^^^^^^^^^^^^^^^^^^^^^^^

warning: struct `ValidationResult` is never constructed
   --> src/auth/mtls.rs:287:12
    |
287 | pub struct ValidationResult {
    |            ^^^^^^^^^^^^^^^^

warning: associated items `valid`, `invalid`, and `with_warning` are never used
   --> src/auth/mtls.rs:299:12
    |
298 | impl ValidationResult {
    | --------------------- associated items in this implementation
299 |     pub fn valid(identity: NodeIdentity) -> Self {
    |            ^^^^^
...
308 |     pub fn invalid(errors: Vec<String>) -> Self {
    |            ^^^^^^^
...
317 |     pub fn with_warning(mut self, warning: String) -> Self {
    |            ^^^^^^^^^^^^

warning: fields `store` and `config` are never read
   --> src/auth/mtls.rs:326:5
    |
324 | pub struct CertificateValidator {
    |            -------------------- fields in this struct
325 |     /// Certificate store
326 |     store: CertificateStore,
    |     ^^^^^
327 |     /// Configuration
328 |     config: MtlsConfig,
    |     ^^^^^^

warning: methods `validate_certificate`, `parse_certificate_info`, `compute_fingerprint`, `extract_cn_from_pem`, `extract_identity`, and `store` are never used
   --> src/auth/mtls.rs:340:12
    |
331 | impl CertificateValidator {
    | ------------------------- methods in this implementation
...
340 |     pub fn validate_certificate(&self, pem: &str) -> ValidationResult {
    |            ^^^^^^^^^^^^^^^^^^^^
...
393 |     fn parse_certificate_info(&self, pem: &str) -> Result<CertificateInfo, String> {
    |        ^^^^^^^^^^^^^^^^^^^^^^
...
424 |     fn compute_fingerprint(&self, pem: &str) -> String {
    |        ^^^^^^^^^^^^^^^^^^^
...
433 |     fn extract_cn_from_pem(&self, pem: &str) -> Option<String> {
    |        ^^^^^^^^^^^^^^^^^^^
...
447 |     fn extract_identity(&self, info: &CertificateInfo) -> NodeIdentity {
    |        ^^^^^^^^^^^^^^^^
...
493 |     pub fn store(&self) -> &CertificateStore {
    |            ^^^^^

warning: struct `CertificateInfo` is never constructed
   --> src/auth/mtls.rs:499:8
    |
499 | struct CertificateInfo {
    |        ^^^^^^^^^^^^^^^

warning: field `validator` is never read
   --> src/auth/mtls.rs:578:5
    |
574 | pub struct MtlsManager {
    |            ----------- field in this struct
...
578 |     validator: CertificateValidator,
    |     ^^^^^^^^^

warning: methods `initialize`, `validate_peer`, `config`, and `store` are never used
   --> src/auth/mtls.rs:594:12
    |
583 | impl MtlsManager {
    | ---------------- methods in this implementation
...
594 |     pub fn initialize(&self, node_cert_pem: &str) -> Result<NodeIdentity, String> {
    |            ^^^^^^^^^^
...
609 |     pub fn validate_peer(&self, peer_cert_pem: &str) -> ValidationResult {
    |            ^^^^^^^^^^^^^
...
624 |     pub fn config(&self) -> &MtlsConfig {
    |            ^^^^^^
...
629 |     pub fn store(&self) -> &CertificateStore {
    |            ^^^^^

warning: function `extract_tenant_from_api_key_public` is never used
   --> src/middleware/tenant.rs:257:8
    |
257 | pub fn extract_tenant_from_api_key_public(api_key: &str) -> Option<String> {
    |        ^^^^^^^^^^^^^^^^^^^^^^^^^^^^^^^^^^

warning: function `allow_legacy_header_tenant` is never used
   --> src/middleware/tenant.rs:273:4
    |
273 | fn allow_legacy_header_tenant() -> bool {
    |    ^^^^^^^^^^^^^^^^^^^^^^^^^^

warning: function `reject_legacy_header_tenant` is never used
   --> src/middleware/tenant.rs:279:4
    |
279 | fn reject_legacy_header_tenant() -> Response {
    |    ^^^^^^^^^^^^^^^^^^^^^^^^^^^

warning: function `tenant_middleware` is never used
   --> src/middleware/tenant.rs:343:14
    |
343 | pub async fn tenant_middleware(
    |              ^^^^^^^^^^^^^^^^^

warning: trait `TenantExt` is never used
   --> src/middleware/tenant.rs:502:11
    |
502 | pub trait TenantExt {
    |           ^^^^^^^^^

warning: constant `DEFAULT_MAX_UPLOAD_SIZE` is never used
  --> src/middleware/body_limit.rs:15:11
   |
15 | pub const DEFAULT_MAX_UPLOAD_SIZE: usize = 100 * 1024 * 1024;
   |           ^^^^^^^^^^^^^^^^^^^^^^^

warning: function `upload_limit_layer` is never used
  --> src/middleware/body_limit.rs:34:8
   |
34 | pub fn upload_limit_layer() -> RequestBodyLimitLayer {
   |        ^^^^^^^^^^^^^^^^^^

warning: function `limits_info` is never used
  --> src/middleware/body_limit.rs:40:8
   |
40 | pub fn limits_info() -> BodyLimitsInfo {
   |        ^^^^^^^^^^^

warning: struct `BodyLimitsInfo` is never constructed
  --> src/middleware/body_limit.rs:51:12
   |
51 | pub struct BodyLimitsInfo {
   |            ^^^^^^^^^^^^^^

warning: function `ring1_quantum_middleware` is never used
 --> src/middleware/ring1.rs:8:14
  |
8 | pub async fn ring1_quantum_middleware(req: Request<Body>, next: Next) -> Response {
  |              ^^^^^^^^^^^^^^^^^^^^^^^^

warning: function `dashboard_dev_html_enabled` is never used
  --> src/dashboard_static.rs:24:8
   |
24 | pub fn dashboard_dev_html_enabled(state: &SharedState) -> bool {
   |        ^^^^^^^^^^^^^^^^^^^^^^^^^^

warning: struct `DevIndexFallback` is never constructed
  --> src/dashboard_static.rs:77:12
   |
77 | pub struct DevIndexFallback {
   |            ^^^^^^^^^^^^^^^^

warning: associated function `new` is never used
  --> src/dashboard_static.rs:82:12
   |
81 | impl DevIndexFallback {
   | --------------------- associated function in this implementation
82 |     pub fn new(html: Arc<Bytes>) -> Self {
   |            ^^^

warning: function `index_html_raw` is never used
  --> src/dashboard_embed.rs:16:8
   |
16 | pub fn index_html_raw() -> &'static [u8] {
   |        ^^^^^^^^^^^^^^

warning: function `mime_for_path` is never used
  --> src/dashboard_embed.rs:23:4
   |
23 | fn mime_for_path(rel: &str) -> &'static str {
   |    ^^^^^^^^^^^^^

warning: function `serve_embedded_or_spa` is never used
  --> src/dashboard_embed.rs:62:14
   |
62 | pub async fn serve_embedded_or_spa(
   |              ^^^^^^^^^^^^^^^^^^^^^

warning: struct `ShareContractBody` is never constructed
  --> src/services/acs.rs:63:12
   |
63 | pub struct ShareContractBody {
   |            ^^^^^^^^^^^^^^^^^

warning: function `put_share_contract` is never used
  --> src/services/acs.rs:82:14
   |
82 | pub async fn put_share_contract(
   |              ^^^^^^^^^^^^^^^^^^

warning: function `list_share_portals` is never used
   --> src/services/acs.rs:125:14
    |
125 | pub async fn list_share_portals(
    |              ^^^^^^^^^^^^^^^^^^

warning: struct `ClosePortalBody` is never constructed
   --> src/services/acs.rs:144:12
    |
144 | pub struct ClosePortalBody {
    |            ^^^^^^^^^^^^^^^

warning: function `close_share_portal` is never used
   --> src/services/acs.rs:150:14
    |
150 | pub async fn close_share_portal(
    |              ^^^^^^^^^^^^^^^^^^

warning: function `check_v2` is never used
   --> src/services/admission.rs:222:8
    |
222 | pub fn check_v2(
    |        ^^^^^^^^

warning: field `last_sync` is never read
  --> src/services/agent_index_integration.rs:75:5
   |
59 | pub struct AgentIndexIntegration {
   |            --------------------- field in this struct
...
75 |     last_sync: Arc<RwLock<Instant>>,
   |     ^^^^^^^^^

warning: multiple associated items are never used
   --> src/services/agent_index_integration.rs:95:12
    |
 78 | impl AgentIndexIntegration {
    | -------------------------- associated items in this implementation
...
 95 |     pub fn distributed() -> Self {
    |            ^^^^^^^^^^^
...
129 |     pub fn register_remote_agent(&self, entry: AgentIndexEntry) {
    |            ^^^^^^^^^^^^^^^^^^^^^
...
174 |     pub fn deregister_agent(&self, agent_pid: &str) {
    |            ^^^^^^^^^^^^^^^^
...
324 |     pub fn find_by_role(
    |            ^^^^^^^^^^^^
...
369 |     pub fn get_local_agents(&self) -> Vec<AgentIndexEntry> {
    |            ^^^^^^^^^^^^^^^^
...
379 |     pub fn get_all_agents(&self) -> Vec<AgentIndexEntry> {
    |            ^^^^^^^^^^^^^^
...
391 |     pub fn heartbeat(&self, agent_pid: &str) {
    |            ^^^^^^^^^
...
411 |     pub fn update_load(&self, agent_pid: &str, load: f64) {
    |            ^^^^^^^^^^^
...
429 |     pub fn cleanup_stale(&self) -> usize {
    |            ^^^^^^^^^^^^^
...
469 |     pub fn get_stats(&self) -> IndexStats {
    |            ^^^^^^^^^
...
498 |     pub fn sync_remote(&self) -> Result<(), String> {
    |            ^^^^^^^^^^^

warning: struct `IndexStats` is never constructed
   --> src/services/agent_index_integration.rs:512:12
    |
512 | pub struct IndexStats {
    |            ^^^^^^^^^^

warning: struct `SharedAgentIndexIntegration` is never constructed
   --> src/services/agent_index_integration.rs:522:12
    |
522 | pub struct SharedAgentIndexIntegration {
    |            ^^^^^^^^^^^^^^^^^^^^^^^^^^^

warning: multiple associated items are never used
   --> src/services/agent_index_integration.rs:527:12
    |
526 | impl SharedAgentIndexIntegration {
    | -------------------------------- associated items in this implementation
527 |     pub fn single_node() -> Self {
    |            ^^^^^^^^^^^
...
533 |     pub fn distributed() -> Self {
    |            ^^^^^^^^^^^
...
539 |     pub fn register_local_agent(&self, entry: AgentIndexEntry) {
    |            ^^^^^^^^^^^^^^^^^^^^
...
543 |     pub fn find_by_capability(
    |            ^^^^^^^^^^^^^^^^^^
...
552 |     pub fn get_local_agents(&self) -> Vec<AgentIndexEntry> {
    |            ^^^^^^^^^^^^^^^^
...
556 |     pub fn update_load(&self, pid: &str, load: f64) {
    |            ^^^^^^^^^^^
...
560 |     pub fn heartbeat(&self, pid: &str) {
    |            ^^^^^^^^^
...
564 |     pub fn get_stats(&self) -> IndexStats {
    |            ^^^^^^^^^

warning: multiple methods are never used
   --> src/services/agent_lifecycle.rs:639:12
    |
268 | impl AgentRegistry {
    | ------------------ methods in this implementation
...
639 |     pub fn cleanup_destroyed(&mut self) -> usize {
    |            ^^^^^^^^^^^^^^^^^
...
689 |     pub fn get_agent_mut(&mut self, agent_pid: &str) -> Option<&mut AgentNode> {
    |            ^^^^^^^^^^^^^
...
694 |     pub fn get_counts(&self) -> AgentCounts {
    |            ^^^^^^^^^^
...
705 |     pub fn get_denial_stats(&self) -> DenialStats {
    |            ^^^^^^^^^^^^^^^^
...
722 |     pub fn list_tree(&self) -> Vec<AgentTreeView> {
    |            ^^^^^^^^^
...
729 |     fn build_tree_view(&self, agent_pid: &str, depth: u32) -> Option<AgentTreeView> {
    |        ^^^^^^^^^^^^^^^
...
749 |     pub fn get_namespace_tree(&self) -> HashMap<String, Vec<String>> {
    |            ^^^^^^^^^^^^^^^^^^

warning: fields `from` and `to` are never read
   --> src/services/agent_lifecycle.rs:767:9
    |
766 |     InvalidTransition {
    |     ----------------- fields in this variant
767 |         from: AgentLifecycleState,
    |         ^^^^
768 |         to: AgentLifecycleState,
    |         ^^
    |
    = note: `StateTransitionError` has derived impls for the traits `Clone` and `Debug`, but these are intentionally ignored during dead code analysis

warning: variant `CapWouldBeExceeded` is never constructed
   --> src/services/agent_lifecycle.rs:770:5
    |
763 | pub enum StateTransitionError {
    |          -------------------- variant in this enum
...
770 |     CapWouldBeExceeded,
    |     ^^^^^^^^^^^^^^^^^^
    |
    = note: `StateTransitionError` has derived impls for the traits `Clone` and `Debug`, but these are intentionally ignored during dead code analysis

warning: struct `AgentCounts` is never constructed
   --> src/services/agent_lifecycle.rs:774:12
    |
774 | pub struct AgentCounts {
    |            ^^^^^^^^^^^

warning: struct `DenialStats` is never constructed
   --> src/services/agent_lifecycle.rs:783:12
    |
783 | pub struct DenialStats {
    |            ^^^^^^^^^^^

warning: struct `AgentTreeView` is never constructed
   --> src/services/agent_lifecycle.rs:790:12
    |
790 | pub struct AgentTreeView {
    |            ^^^^^^^^^^^^^

warning: struct `SharedAgentRegistry` is never constructed
   --> src/services/agent_lifecycle.rs:804:12
    |
804 | pub struct SharedAgentRegistry {
    |            ^^^^^^^^^^^^^^^^^^^

warning: multiple associated items are never used
   --> src/services/agent_lifecycle.rs:809:12
    |
808 | impl SharedAgentRegistry {
    | ------------------------ associated items in this implementation
809 |     pub fn new(caps: HardAgentCaps) -> Self {
    |            ^^^
...
815 |     pub fn request_creation(
    |            ^^^^^^^^^^^^^^^^
...
827 |     pub fn finalize_creation(
    |            ^^^^^^^^^^^^^^^^^
...
840 |     pub fn transition_state(
    |            ^^^^^^^^^^^^^^^^
...
852 |     pub fn destroy_agent(&self, pid: &str, reason: &str) -> Result<(), StateTransitionError> {
    |            ^^^^^^^^^^^^^
...
856 |     pub fn auto_destruct(&self) -> Vec<(String, String)> {
    |            ^^^^^^^^^^^^^
...
860 |     pub fn cleanup(&self) -> usize {
    |            ^^^^^^^
...
864 |     pub fn get_agent(&self, pid: &str) -> Option<AgentNode> {
    |            ^^^^^^^^^
...
868 |     pub fn get_counts(&self) -> AgentCounts {
    |            ^^^^^^^^^^
...
872 |     pub fn get_tree(&self) -> Vec<AgentTreeView> {
    |            ^^^^^^^^
...
876 |     pub fn get_denial_stats(&self) -> DenialStats {
    |            ^^^^^^^^^^^^^^^^

warning: field `created_at` is never read
  --> src/services/agent_resource_manager.rs:86:9
   |
79 | pub struct AgentResourceState {
   |            ------------------ field in this struct
...
86 |     pub created_at: Instant,
   |         ^^^^^^^^^^
   |
   = note: `AgentResourceState` has derived impls for the traits `Clone` and `Debug`, but these are intentionally ignored during dead code analysis

warning: fields `check_interval` and `last_check` are never read
   --> src/services/agent_resource_manager.rs:106:5
    |
 94 | pub struct AgentResourceManager {
    |            -------------------- fields in this struct
...
106 |     check_interval: Duration,
    |     ^^^^^^^^^^^^^^
107 |     /// Last check
108 |     last_check: Arc<Mutex<Instant>>,
    |     ^^^^^^^^^^

warning: methods `deregister_agent`, `enforce_limits`, and `resume_agent` are never used
   --> src/services/agent_resource_manager.rs:193:12
    |
111 | impl AgentResourceManager {
    | ------------------------- methods in this implementation
...
193 |     pub fn deregister_agent(&self, agent_pid: &str) -> Result<(), ResourceError> {
    |            ^^^^^^^^^^^^^^^^
...
264 |     pub fn enforce_limits(&self) -> Vec<(String, ResourceAction)> {
    |            ^^^^^^^^^^^^^^
...
346 |     pub fn resume_agent(&self, agent_pid: &str) -> Result<(), ResourceError> {
    |            ^^^^^^^^^^^^

warning: variants `Pause` and `Resume` are never constructed
   --> src/services/agent_resource_manager.rs:405:5
    |
401 | pub enum ResourceAction {
    |          -------------- variants in this enum
...
405 |     Pause,
    |     ^^^^^
406 |     Resume,
    |     ^^^^^^
    |
    = note: `ResourceAction` has derived impls for the traits `Clone` and `Debug`, but these are intentionally ignored during dead code analysis

warning: fields `needed` and `available` are never read
   --> src/services/agent_resource_manager.rs:413:32
    |
413 |     InsufficientGlobalMemory { needed: u64, available: u64 },
    |     ------------------------   ^^^^^^       ^^^^^^^^^
    |     |
    |     fields in this variant
    |
    = note: `ResourceError` has derived impls for the traits `Clone` and `Debug`, but these are intentionally ignored during dead code analysis

warning: fields `needed` and `available` are never read
   --> src/services/agent_resource_manager.rs:414:29
    |
414 |     InsufficientGlobalCpu { needed: f32, available: f32 },
    |     ---------------------   ^^^^^^       ^^^^^^^^^
    |     |
    |     fields in this variant
    |
    = note: `ResourceError` has derived impls for the traits `Clone` and `Debug`, but these are intentionally ignored during dead code analysis

warning: variant `LimitExceeded` is never constructed
   --> src/services/agent_resource_manager.rs:415:5
    |
411 | pub enum ResourceError {
    |          ------------- variant in this enum
...
415 |     LimitExceeded,
    |     ^^^^^^^^^^^^^
    |
    = note: `ResourceError` has derived impls for the traits `Clone` and `Debug`, but these are intentionally ignored during dead code analysis

warning: struct `SharedAgentResourceManager` is never constructed
   --> src/services/agent_resource_manager.rs:444:12
    |
444 | pub struct SharedAgentResourceManager {
    |            ^^^^^^^^^^^^^^^^^^^^^^^^^^

warning: multiple associated items are never used
   --> src/services/agent_resource_manager.rs:449:12
    |
448 | impl SharedAgentResourceManager {
    | ------------------------------- associated items in this implementation
449 |     pub fn new(total_memory_mb: u64, total_cpu_cores: f32) -> Self {
    |            ^^^
...
455 |     pub fn register_agent(&self, pid: String, limits: ResourceLimits) -> Result<(), ResourceError> {
    |            ^^^^^^^^^^^^^^
...
459 |     pub fn deregister_agent(&self, pid: &str) -> Result<(), ResourceError> {
    |            ^^^^^^^^^^^^^^^^
...
463 |     pub fn update_usage(&self, pid: &str, usage: ResourceUsage) -> ResourceAction {
    |            ^^^^^^^^^^^^
...
467 |     pub fn enforce_limits(&self) -> Vec<(String, ResourceAction)> {
    |            ^^^^^^^^^^^^^^
...
471 |     pub fn get_agent_stats(&self, pid: &str) -> Option<AgentResourceStats> {
    |            ^^^^^^^^^^^^^^^
...
475 |     pub fn get_global_stats(&self) -> GlobalResourceStats {
    |            ^^^^^^^^^^^^^^^^
...
479 |     pub fn reclaim_resources(&self, amount_mb: u64) -> Vec<String> {
    |            ^^^^^^^^^^^^^^^^^

warning: method `matches` is never used
  --> src/services/agent_traffic_police.rs:35:12
   |
33 | impl AgentIdentity {
   | ------------------ method in this implementation
34 |     /// Check if this identity matches a request (subset match)
35 |     pub fn matches(&self, request: &AgentRequest) -> bool {
   |            ^^^^^^^

warning: field `identity` is never read
   --> src/services/agent_traffic_police.rs:260:9
    |
259 | pub struct IdentityPool {
    |            ------------ field in this struct
260 |     pub identity: AgentIdentity,
    |         ^^^^^^^^
    |
    = note: `IdentityPool` has derived impls for the traits `Clone` and `Debug`, but these are intentionally ignored during dead code analysis

warning: field `pending_creations` is never read
   --> src/services/agent_traffic_police.rs:279:5
    |
273 | pub struct AgentTrafficPolice {
    |            ------------------ field in this struct
...
279 |     pending_creations: VecDeque<AgentRequest>,
    |     ^^^^^^^^^^^^^^^^^

warning: methods `pre_warm`, `maintenance`, and `stats` are never used
   --> src/services/agent_traffic_police.rs:541:12
    |
292 | impl AgentTrafficPolice {
    | ----------------------- methods in this implementation
...
541 |     pub fn pre_warm(&mut self, identity: AgentIdentity, count: usize) -> Vec<String> {
    |            ^^^^^^^^
...
652 |     pub fn maintenance(&mut self) {
    |            ^^^^^^^^^^^
...
704 |     pub fn stats(&self) -> TrafficPoliceStats {
    |            ^^^^^

warning: field `identity` is never read
   --> src/services/agent_traffic_police.rs:738:9
    |
735 | pub struct AgentAssignment {
    |            --------------- field in this struct
...
738 |     pub identity: AgentRequest,
    |         ^^^^^^^^
    |
    = note: `AgentAssignment` has derived impls for the traits `Clone` and `Debug`, but these are intentionally ignored during dead code analysis

warning: type alias `AgentPoolStats` is never used
   --> src/services/agent_traffic_police.rs:742:10
    |
742 | pub type AgentPoolStats = TrafficPoliceStats;
    |          ^^^^^^^^^^^^^^

warning: struct `TrafficPoliceStats` is never constructed
   --> src/services/agent_traffic_police.rs:745:12
    |
745 | pub struct TrafficPoliceStats {
    |            ^^^^^^^^^^^^^^^^^^

warning: variant `IdentityMismatch` is never constructed
   --> src/services/agent_traffic_police.rs:761:5
    |
757 | pub enum SchedulerError {
    |          -------------- variant in this enum
...
761 |     IdentityMismatch,
    |     ^^^^^^^^^^^^^^^^
    |
    = note: `SchedulerError` has derived impls for the traits `Clone` and `Debug`, but these are intentionally ignored during dead code analysis

warning: methods `register_agent`, `terminate_agent`, `cleanup_idle_agents`, and `has_capacity` are never used
   --> src/services/agent_traffic_police.rs:778:12
    |
777 | impl AgentTrafficPolice {
    | ----------------------- methods in this implementation
778 |     pub fn register_agent(&mut self, pid: String, _capabilities: Vec<String>, _namespace: String) {
    |            ^^^^^^^^^^^^^^
...
783 |     pub fn terminate_agent(&mut self, pid: &str) {
    |            ^^^^^^^^^^^^^^^
...
787 |     pub fn cleanup_idle_agents(&mut self, _threshold_ms: i64) -> Vec<String> {
    |            ^^^^^^^^^^^^^^^^^^^
...
792 |     pub fn has_capacity(&self) -> bool {
    |            ^^^^^^^^^^^^

warning: struct `SharedAgentTrafficPolice` is never constructed
   --> src/services/agent_traffic_police.rs:799:12
    |
799 | pub struct SharedAgentTrafficPolice {
    |            ^^^^^^^^^^^^^^^^^^^^^^^^

warning: multiple associated items are never used
   --> src/services/agent_traffic_police.rs:804:12
    |
803 | impl SharedAgentTrafficPolice {
    | ----------------------------- associated items in this implementation
804 |     pub fn new(strategy: PoolStrategy) -> Self {
    |            ^^^
...
810 |     pub fn acquire_agent(&self, request: AgentRequest) -> Result<AgentAssignment, SchedulerError> {
    |            ^^^^^^^^^^^^^
...
814 |     pub fn register_agent(&self, pid: String, capabilities: Vec<String>, namespace: String) {
    |            ^^^^^^^^^^^^^^
...
821 |     pub fn release_agent(&self, pid: &str) {
    |            ^^^^^^^^^^^^^
...
825 |     pub fn terminate_agent(&self, pid: &str) {
    |            ^^^^^^^^^^^^^^^
...
829 |     pub fn stats(&self) -> AgentPoolStats {
    |            ^^^^^
...
833 |     pub fn cleanup_idle_agents(&self, threshold_ms: i64) -> Vec<String> {
    |            ^^^^^^^^^^^^^^^^^^^
...
837 |     pub fn has_capacity(&self) -> bool {
    |            ^^^^^^^^^^^^

warning: function `agents_sot_status` is never used
    --> src/services/agents.rs:2058:14
     |
2058 | pub async fn agents_sot_status() -> Json<serde_json::Value> {
     |              ^^^^^^^^^^^^^^^^^

warning: function `lifecycle_standard` is never used
    --> src/services/agents.rs:2491:14
     |
2491 | pub async fn lifecycle_standard() -> Json<serde_json::Value> {
     |              ^^^^^^^^^^^^^^^^^^

warning: function `progeny_tree` is never used
    --> src/services/agents.rs:2496:14
     |
2496 | pub async fn progeny_tree(State(state): State<SharedState>) -> Json<serde_json::Value> {
     |              ^^^^^^^^^^^^

warning: function `agent_progeny` is never used
    --> src/services/agents.rs:2501:14
     |
2501 | pub async fn agent_progeny(
     |              ^^^^^^^^^^^^^

warning: function `reset_agent` is never used
    --> src/services/agents.rs:2951:14
     |
2951 | pub async fn reset_agent(
     |              ^^^^^^^^^^^

warning: constant `RECEIPT_SCHEMA` is never used
  --> src/services/agent_loop.rs:16:11
   |
16 | pub const RECEIPT_SCHEMA: &str = "connector.agent_loop.receipt.v1";
   |           ^^^^^^^^^^^^^^

warning: struct `ToolReceipt` is never constructed
  --> src/services/agent_loop.rs:31:12
   |
31 | pub struct ToolReceipt {
   |            ^^^^^^^^^^^

warning: function `admit_proposal` is never used
   --> src/services/agent_loop.rs:109:8
    |
109 | pub fn admit_proposal(
    |        ^^^^^^^^^^^^^^

warning: function `execute_governed_proposal` is never used
   --> src/services/agent_loop.rs:126:14
    |
126 | pub async fn execute_governed_proposal(
    |              ^^^^^^^^^^^^^^^^^^^^^^^^^

warning: function `sanitize_tool_result` is never used
   --> src/services/agent_loop.rs:191:4
    |
191 | fn sanitize_tool_result(mut v: Value) -> Value {
    |    ^^^^^^^^^^^^^^^^^^^^

warning: function `run_tool_proposals` is never used
   --> src/services/agent_loop.rs:213:14
    |
213 | pub async fn run_tool_proposals(
    |              ^^^^^^^^^^^^^^^^^^

warning: function `crossings` is never used
  --> src/services/aios.rs:23:14
   |
23 | pub async fn crossings() -> Json<Value> {
   |              ^^^^^^^^^

warning: function `absorb` is never used
  --> src/services/aios.rs:35:14
   |
35 | pub async fn absorb() -> Json<Value> {
   |              ^^^^^^

warning: function `infra` is never used
  --> src/services/aios.rs:44:14
   |
44 | pub async fn infra(State(state): State<SharedState>) -> Json<Value> {
   |              ^^^^^

warning: function `cell` is never used
  --> src/services/aios.rs:84:14
   |
84 | pub async fn cell(
   |              ^^^^

warning: function `memory_os` is never used
   --> src/services/aios.rs:322:14
    |
322 | pub async fn memory_os(
    |              ^^^^^^^^^

warning: fields `created_at` and `last_active` are never read
   --> src/services/auto_allocator.rs:119:9
    |
113 | pub struct AgentSlot {
    |            --------- fields in this struct
...
119 |     pub created_at: Instant,
    |         ^^^^^^^^^^
120 |     pub last_active: Instant,
    |         ^^^^^^^^^^^
    |
    = note: `AgentSlot` has derived impls for the traits `Clone` and `Debug`, but these are intentionally ignored during dead code analysis

warning: variants `Reserved` and `Releasing` are never constructed
   --> src/services/auto_allocator.rs:125:5
    |
124 | pub enum SlotStatus {
    |          ---------- variants in this enum
125 |     Reserved,
    |     ^^^^^^^^
...
129 |     Releasing,
    |     ^^^^^^^^^
    |
    = note: `SlotStatus` has derived impls for the traits `Clone` and `Debug`, but these are intentionally ignored during dead code analysis

warning: field `parallel_limit` is never read
   --> src/services/auto_allocator.rs:154:5
    |
136 | pub struct AutoAllocator {
    |            ------------- field in this struct
...
154 |     parallel_limit: AtomicU32,
    |     ^^^^^^^^^^^^^^

warning: methods `release_agent`, `get_parallel_batch`, and `touch_agent` are never used
   --> src/services/auto_allocator.rs:332:12
    |
168 | impl AutoAllocator {
    | ------------------ methods in this implementation
...
332 |     pub fn release_agent(&self, agent_pid: &str) -> Result<(), AllocationError> {
    |            ^^^^^^^^^^^^^
...
463 |     pub fn get_parallel_batch(&self, batch_size: usize) -> Vec<String> {
    |            ^^^^^^^^^^^^^^^^^^
...
477 |     pub fn touch_agent(&self, agent_pid: &str) {
    |            ^^^^^^^^^^^

warning: fields `agent_pid`, `memory_allocated_mb`, and `cpu_allocated` are never read
   --> src/services/auto_allocator.rs:516:9
    |
515 | pub struct AllocationResult {
    |            ---------------- fields in this struct
516 |     pub agent_pid: String,
    |         ^^^^^^^^^
517 |     pub memory_allocated_mb: u64,
    |         ^^^^^^^^^^^^^^^^^^^
518 |     pub cpu_allocated: f32,
    |         ^^^^^^^^^^^^^
    |
    = note: `AllocationResult` has derived impls for the traits `Clone` and `Debug`, but these are intentionally ignored during dead code analysis

warning: fields `current` and `max` are never read
   --> src/services/auto_allocator.rs:523:24
    |
523 |     CapacityExceeded { current: u32, max: u32 },
    |     ----------------   ^^^^^^^       ^^^
    |     |
    |     fields in this variant
    |
    = note: `AllocationError` has derived impls for the traits `Clone` and `Debug`, but these are intentionally ignored during dead code analysis

warning: fields `needed` and `available` are never read
   --> src/services/auto_allocator.rs:524:26
    |
524 |     InsufficientMemory { needed: u64, available: u64 },
    |     ------------------   ^^^^^^       ^^^^^^^^^
    |     |
    |     fields in this variant
    |
    = note: `AllocationError` has derived impls for the traits `Clone` and `Debug`, but these are intentionally ignored during dead code analysis

warning: variants `InsufficientCpu` and `AgentNotFound` are never constructed
   --> src/services/auto_allocator.rs:525:5
    |
522 | pub enum AllocationError {
    |          --------------- variants in this enum
...
525 |     InsufficientCpu,
    |     ^^^^^^^^^^^^^^^
526 |     AgentNotFound,
    |     ^^^^^^^^^^^^^
    |
    = note: `AllocationError` has derived impls for the traits `Clone` and `Debug`, but these are intentionally ignored during dead code analysis

warning: struct `SharedAutoAllocator` is never constructed
   --> src/services/auto_allocator.rs:546:12
    |
546 | pub struct SharedAutoAllocator {
    |            ^^^^^^^^^^^^^^^^^^^

warning: multiple associated items are never used
   --> src/services/auto_allocator.rs:551:12
    |
550 | impl SharedAutoAllocator {
    | ------------------------ associated items in this implementation
551 |     pub fn new(mode: AllocationMode) -> Self {
    |            ^^^
...
557 |     pub fn default_single_node() -> Self {
    |            ^^^^^^^^^^^^^^^^^^^
...
563 |     pub fn allocate_agent(
    |            ^^^^^^^^^^^^^^
...
571 |     pub fn release_agent(&self, pid: &str) -> Result<(), AllocationError> {
    |            ^^^^^^^^^^^^^
...
575 |     pub fn next_in_sequence(&self) -> Option<String> {
    |            ^^^^^^^^^^^^^^^^
...
579 |     pub fn get_parallel_batch(&self, size: usize) -> Vec<String> {
    |            ^^^^^^^^^^^^^^^^^^
...
583 |     pub fn touch_agent(&self, pid: &str) {
    |            ^^^^^^^^^^^
...
587 |     pub fn get_stats(&self) -> AllocatorStats {
    |            ^^^^^^^^^

warning: fields `radius` and `max_depth` are never read
   --> src/services/chain_tree.rs:171:5
    |
165 | pub struct ChainTree {
    |            --------- fields in this struct
...
171 |     radius: f64,
    |     ^^^^^^
...
175 |     max_depth: usize,
    |     ^^^^^^^^^

warning: methods `create_thought_node`, `create_consensus_node`, `create_cross_cell_node`, `prune_unstable_chains`, and `get_nodes_by_type` are never used
   --> src/services/chain_tree.rs:275:12
    |
178 | impl ChainTree {
    | -------------- methods in this implementation
...
275 |     pub fn create_thought_node(
    |            ^^^^^^^^^^^^^^^^^^^
...
309 |     pub fn create_consensus_node(
    |            ^^^^^^^^^^^^^^^^^^^^^
...
348 |     pub fn create_cross_cell_node(
    |            ^^^^^^^^^^^^^^^^^^^^^^
...
520 |     pub fn prune_unstable_chains(&mut self) -> Vec<String> {
    |            ^^^^^^^^^^^^^^^^^^^^^
...
536 |     pub fn get_nodes_by_type(&self, node_type: ChainNodeType) -> Vec<&ChainNode> {
    |            ^^^^^^^^^^^^^^^^^

warning: struct `SharedChainTree` is never constructed
   --> src/services/chain_tree.rs:562:12
    |
562 | pub struct SharedChainTree {
    |            ^^^^^^^^^^^^^^^

warning: multiple associated items are never used
   --> src/services/chain_tree.rs:567:12
    |
566 | impl SharedChainTree {
    | -------------------- associated items in this implementation
567 |     pub fn new() -> Self {
    |            ^^^
...
573 |     pub fn create_knowledge(&self, content: String, parents: Vec<String>, kecs: f64) -> String {
    |            ^^^^^^^^^^^^^^^^
...
580 |     pub fn create_memory(&self, content: String, knowledge_parent: String, agent: &str) -> String {
    |            ^^^^^^^^^^^^^
...
587 |     pub fn create_thought(&self, content: String, parent: Option<String>, step: u32) -> String {
    |            ^^^^^^^^^^^^^^
...
594 |     pub fn create_consensus(
    |            ^^^^^^^^^^^^^^^^
...
607 |     pub fn validate_dehall(
    |            ^^^^^^^^^^^^^^^
...
618 |     pub fn memory_recall(&self, query: &HyperbolicPoint, max_dist: f64) -> Vec<ChainNode> {
    |            ^^^^^^^^^^^^^
...
628 |     pub fn is_solid(&self) -> bool {
    |            ^^^^^^^^

warning: field `options` is never read
  --> src/services/cls.rs:24:9
   |
20 | pub struct CompileRequest {
   |            -------------- field in this struct
...
24 |     pub options: CompileOptions,
   |         ^^^^^^^
   |
   = note: `CompileRequest` has a derived impl for the trait `Debug`, but this is intentionally ignored during dead code analysis

warning: fields `strict` and `validate_only` are never read
   --> src/services/cls.rs:184:9
    |
182 | pub struct CompileOptions {
    |            -------------- fields in this struct
183 |     #[serde(default)]
184 |     pub strict: bool,
    |         ^^^^^^
185 |     #[serde(default)]
186 |     pub validate_only: bool,
    |         ^^^^^^^^^^^^^
    |
    = note: `CompileOptions` has a derived impl for the trait `Debug`, but this is intentionally ignored during dead code analysis

warning: field `params` is never read
   --> src/services/cls.rs:263:9
    |
258 | pub struct SimpleStep {
    |            ---------- field in this struct
...
263 |     pub params: HashMap<String, serde_json::Value>,
    |         ^^^^^^
    |
    = note: `SimpleStep` has a derived impl for the trait `Debug`, but this is intentionally ignored during dead code analysis

warning: field `dry_run` is never read
   --> src/services/cls.rs:270:9
    |
267 | pub struct PlaygroundRequest {
    |            ----------------- field in this struct
...
270 |     pub dry_run: bool,
    |         ^^^^^^^
    |
    = note: `PlaygroundRequest` has a derived impl for the trait `Debug`, but this is intentionally ignored during dead code analysis

warning: function `eu_ai_act_inventory` is never used
    --> src/services/compliance.rs:5185:14
     |
5185 | pub async fn eu_ai_act_inventory(
     |              ^^^^^^^^^^^^^^^^^^^

warning: function `agent_header` is never used
  --> src/services/council.rs:11:4
   |
11 | fn agent_header(headers: &HeaderMap) -> Option<String> {
   |    ^^^^^^^^^^^^

warning: function `root_gate` is never used
  --> src/services/council.rs:19:4
   |
19 | fn root_gate(headers: &HeaderMap, role_rank: u8, pass: &str) -> Result<(), String> {
   |    ^^^^^^^^^

warning: struct `MintBody` is never constructed
  --> src/services/council.rs:25:12
   |
25 | pub struct MintBody {
   |            ^^^^^^^^

warning: function `mint` is never used
  --> src/services/council.rs:33:14
   |
33 | pub async fn mint(
   |              ^^^^

warning: function `list` is never used
  --> src/services/council.rs:62:14
   |
62 | pub async fn list(State(state): State<SharedState>, headers: HeaderMap) -> Json<Value> {
   |              ^^^^

warning: function `get` is never used
  --> src/services/council.rs:77:14
   |
77 | pub async fn get(
   |              ^^^

warning: function `floor` is never used
   --> src/services/council.rs:107:14
    |
107 | pub async fn floor(
    |              ^^^^^

warning: struct `SpeakBody` is never constructed
   --> src/services/council.rs:130:12
    |
130 | pub struct SpeakBody {
    |            ^^^^^^^^^

warning: function `speak` is never used
   --> src/services/council.rs:144:14
    |
144 | pub async fn speak(
    |              ^^^^^

warning: struct `MemberBody` is never constructed
   --> src/services/council.rs:198:12
    |
198 | pub struct MemberBody {
    |            ^^^^^^^^^^

warning: function `add_member` is never used
   --> src/services/council.rs:204:14
    |
204 | pub async fn add_member(
    |              ^^^^^^^^^^

warning: struct `CloseBody` is never constructed
   --> src/services/council.rs:223:12
    |
223 | pub struct CloseBody {
    |            ^^^^^^^^^

warning: function `close` is never used
   --> src/services/council.rs:228:14
    |
228 | pub async fn close(
    |              ^^^^^

warning: function `inbox` is never used
   --> src/services/council.rs:252:14
    |
252 | pub async fn inbox(State(state): State<SharedState>, headers: HeaderMap) -> Json<Value> {
    |              ^^^^^

warning: function `tasks` is never used
   --> src/services/council.rs:268:14
    |
268 | pub async fn tasks(
    |              ^^^^^

warning: struct `ListQuery` is never constructed
  --> src/services/experiments.rs:52:12
   |
52 | pub struct ListQuery {
   |            ^^^^^^^^^

warning: function `default_limit` is never used
  --> src/services/experiments.rs:56:4
   |
56 | fn default_limit() -> usize {
   |    ^^^^^^^^^^^^^

warning: field `status` is never read
  --> src/services/history.rs:13:9
   |
 9 | pub struct HistoryQuery {
   |            ------------ field in this struct
...
13 |     pub status: Option<String>,
   |         ^^^^^^

warning: field `cost_center` is never read
   --> src/services/history.rs:895:9
    |
892 | pub struct AgentListQuery {
    |            -------------- field in this struct
...
895 |     pub cost_center: Option<String>,
    |         ^^^^^^^^^^^

warning: field `reason` is never read
  --> src/services/intelligence_authority.rs:41:9
   |
38 | pub struct LifecycleOpts {
   |            ------------- field in this struct
...
41 |     pub reason: Option<String>,
   |         ^^^^^^
   |
   = note: `LifecycleOpts` has derived impls for the traits `Clone` and `Debug`, but these are intentionally ignored during dead code analysis

warning: method `maturity_level` is never used
  --> src/services/kecs_calculator.rs:47:12
   |
27 | impl KecsComponents {
   | ------------------- method in this implementation
...
47 |     pub fn maturity_level(&self) -> &'static str {
   |            ^^^^^^^^^^^^^^

warning: associated function `spectral_entropy` is never used
  --> src/services/kecs_calculator.rs:93:12
   |
61 | impl EntropyCalculator {
   | ---------------------- associated function in this implementation
...
93 |     pub fn spectral_entropy(packet_counts: &[usize]) -> f64 {
   |            ^^^^^^^^^^^^^^^^

warning: associated items `phase`, `normalize`, `conjugate`, and `inner_product` are never used
   --> src/services/kecs_calculator.rs:133:12
    |
118 | impl ComplexSpectral {
    | -------------------- associated items in this implementation
...
133 |     pub fn phase(&self) -> f64 {
    |            ^^^^^
...
138 |     pub fn normalize(&mut self) {
    |            ^^^^^^^^^
...
147 |     pub fn conjugate(&self) -> Self {
    |            ^^^^^^^^^
...
155 |     pub fn inner_product(a: &ComplexSpectral, b: &ComplexSpectral) -> ComplexSpectral {
    |            ^^^^^^^^^^^^^

warning: methods `get_trend` and `historical_average` are never used
   --> src/services/kecs_calculator.rs:242:12
    |
172 | impl KecsCalculator {
    | ------------------- methods in this implementation
...
242 |     pub fn get_trend(&self, agent_pid: &str) -> Option<&'static str> {
    |            ^^^^^^^^^
...
268 |     pub fn historical_average(&self, agent_pid: &str) -> Option<f64> {
    |            ^^^^^^^^^^^^^^^^^^

warning: function `calculate_spectral_parameters` is never used
   --> src/services/kecs_calculator.rs:279:8
    |
279 | pub fn calculate_spectral_parameters(kecs: f64, entropy: f64) -> ComplexSpectral {
    |        ^^^^^^^^^^^^^^^^^^^^^^^^^^^^^

warning: methods `remove`, `query_high_confidence`, and `query_by_anchor` are never used
   --> src/services/memory_graph.rs:216:12
    |
163 | impl MemoryIndex {
    | ---------------- methods in this implementation
...
216 |     pub fn remove(&mut self, memory: &MemoryNode) {
    |            ^^^^^^
...
236 |     pub fn query_high_confidence(&self, threshold: f64) -> Vec<String> {
    |            ^^^^^^^^^^^^^^^^^^^^^
...
245 |     pub fn query_by_anchor(&self, anchor_id: &str) -> Vec<String> {
    |            ^^^^^^^^^^^^^^^

warning: field `knowledge_base` is never read
   --> src/services/memory_graph.rs:269:5
    |
257 | pub struct MemoryGraph {
    |            ----------- field in this struct
...
269 |     knowledge_base: HashSet<String>,
    |     ^^^^^^^^^^^^^^

warning: multiple methods are never used
   --> src/services/memory_graph.rs:473:12
    |
272 | impl MemoryGraph {
    | ---------------- methods in this implementation
...
473 |     pub fn rag_retrieve(
    |            ^^^^^^^^^^^^
...
497 |     fn cosine_similarity(&self, a: &[f32], b: &[f32]) -> f64 {
    |        ^^^^^^^^^^^^^^^^^
...
514 |     pub fn paginate_with_knot(
    |            ^^^^^^^^^^^^^^^^^^
...
529 |     pub fn get_memory_chain(&self, memory_id: &str) -> Vec<&MemoryNode> {
    |            ^^^^^^^^^^^^^^^^
...
564 |     pub fn get_rollup(
    |            ^^^^^^^^^^
...
649 |     pub fn get_hallucinations(&self) -> Vec<&MemoryNode> {
    |            ^^^^^^^^^^^^^^^^^^
...
657 |     pub fn revalidate_pending(&mut self) -> Vec<(String, VerificationStatus)> {
    |            ^^^^^^^^^^^^^^^^^^

warning: struct `MemoryRollup` is never constructed
   --> src/services/memory_graph.rs:694:12
    |
694 | pub struct MemoryRollup {
    |            ^^^^^^^^^^^^

warning: struct `SharedMemoryGraph` is never constructed
   --> src/services/memory_graph.rs:716:12
    |
716 | pub struct SharedMemoryGraph {
    |            ^^^^^^^^^^^^^^^^^

warning: associated items `new`, `add_memory`, `rag_retrieve`, `detect_drift`, `get_rollup`, and `revalidate` are never used
   --> src/services/memory_graph.rs:721:12
    |
720 | impl SharedMemoryGraph {
    | ---------------------- associated items in this implementation
721 |     pub fn new() -> Self {
    |            ^^^
...
727 |     pub fn add_memory(
    |            ^^^^^^^^^^
...
741 |     pub fn rag_retrieve(
    |            ^^^^^^^^^^^^
...
756 |     pub fn detect_drift(&self) -> DriftReport {
    |            ^^^^^^^^^^^^
...
760 |     pub fn get_rollup(
    |            ^^^^^^^^^^
...
769 |     pub fn revalidate(&self) -> Vec<(String, VerificationStatus)> {
    |            ^^^^^^^^^^

warning: function `packet_cid_str` is never used
  --> src/services/memory_vector_box.rs:12:4
   |
12 | fn packet_cid_str(p: &MemPacket) -> String {
   |    ^^^^^^^^^^^^^^

warning: function `packet_type_str` is never used
  --> src/services/memory_vector_box.rs:16:4
   |
16 | fn packet_type_str(p: &MemPacket) -> String {
   |    ^^^^^^^^^^^^^^^

warning: function `actor_of` is never used
  --> src/services/memory_vector_box.rs:20:4
   |
20 | fn actor_of(p: &MemPacket) -> String {
   |    ^^^^^^^^

warning: function `lift_mem_packet` is never used
  --> src/services/memory_vector_box.rs:29:8
   |
29 | pub fn lift_mem_packet(packet: &MemPacket, identity_key: &str) -> connector_trust::MemoryVectorBox {
   |        ^^^^^^^^^^^^^^^

warning: struct `VectorBoxQuery` is never constructed
   --> src/services/memory_vector_box.rs:109:12
    |
109 | pub struct VectorBoxQuery {
    |            ^^^^^^^^^^^^^^

warning: function `list_vector_boxes` is never used
   --> src/services/memory_vector_box.rs:116:14
    |
116 | pub async fn list_vector_boxes(
    |              ^^^^^^^^^^^^^^^^^

warning: function `get_vector_box` is never used
   --> src/services/memory_vector_box.rs:158:14
    |
158 | pub async fn get_vector_box(
    |              ^^^^^^^^^^^^^^

warning: function `get_data_context` is never used
   --> src/services/memory_vector_box.rs:195:14
    |
195 | pub async fn get_data_context(
    |              ^^^^^^^^^^^^^^^^

warning: type alias `HmacSha256` is never used
  --> src/services/mesh_channel.rs:22:6
   |
22 | type HmacSha256 = Hmac<Sha256>;
   |      ^^^^^^^^^^

warning: static `INBOX` is never used
  --> src/services/mesh_channel.rs:24:8
   |
24 | static INBOX: Mutex<Vec<Value>> = Mutex::new(Vec::new());
   |        ^^^^^

warning: function `now_ms` is never used
  --> src/services/mesh_channel.rs:26:4
   |
26 | fn now_ms() -> u64 {
   |    ^^^^^^

warning: function `channel_secret` is never used
  --> src/services/mesh_channel.rs:33:4
   |
33 | fn channel_secret() -> Option<Vec<u8>> {
   |    ^^^^^^^^^^^^^^

warning: function `sign_body` is never used
  --> src/services/mesh_channel.rs:40:4
   |
40 | fn sign_body(secret: &[u8], body: &[u8]) -> String {
   |    ^^^^^^^^^

warning: function `verify_sig` is never used
  --> src/services/mesh_channel.rs:46:4
   |
46 | fn verify_sig(secret: &[u8], body: &[u8], sig_hex: &str) -> bool {
   |    ^^^^^^^^^^

warning: function `require_admin_or_dev` is never used
  --> src/services/mesh_channel.rs:58:4
   |
58 | fn require_admin_or_dev(headers: &HeaderMap) -> Result<(), (StatusCode, Json<Value>)> {
   |    ^^^^^^^^^^^^^^^^^^^^

warning: struct `ChannelSendRequest` is never constructed
  --> src/services/mesh_channel.rs:79:12
   |
79 | pub struct ChannelSendRequest {
   |            ^^^^^^^^^^^^^^^^^^

warning: function `channel_send` is never used
  --> src/services/mesh_channel.rs:90:14
   |
90 | pub async fn channel_send(
   |              ^^^^^^^^^^^^

warning: function `channel_inbox` is never used
   --> src/services/mesh_channel.rs:174:14
    |
174 | pub async fn channel_inbox(
    |              ^^^^^^^^^^^^^

warning: function `channel_inbox_list` is never used
   --> src/services/mesh_channel.rs:240:14
    |
240 | pub async fn channel_inbox_list(
    |              ^^^^^^^^^^^^^^^^^^

warning: function `require_admin_or_dev` is never used
  --> src/services/mesh_join_token.rs:48:4
   |
48 | fn require_admin_or_dev(headers: &HeaderMap) -> Result<(), (axum::http::StatusCode, Json<Value>)> {
   |    ^^^^^^^^^^^^^^^^^^^^

warning: function `get_join_token` is never used
  --> src/services/mesh_join_token.rs:77:14
   |
77 | pub async fn get_join_token(
   |              ^^^^^^^^^^^^^^

warning: function `post_join_token` is never used
   --> src/services/mesh_join_token.rs:109:14
    |
109 | pub async fn post_join_token(
    |              ^^^^^^^^^^^^^^^

warning: function `get_runtime_mesh` is never used
   --> src/services/mesh_status.rs:209:14
    |
209 | pub async fn get_runtime_mesh(State(state): State<crate::state::SharedState>) -> Json<Value> {
    |              ^^^^^^^^^^^^^^^^

warning: struct `CostChainQuery` is never constructed
   --> src/services/monitor.rs:499:12
    |
499 | pub struct CostChainQuery {
    |            ^^^^^^^^^^^^^^

warning: function `cost_chain` is never used
   --> src/services/monitor.rs:504:14
    |
504 | pub async fn cost_chain(
    |              ^^^^^^^^^^

warning: function `update_alert_rule` is never used
   --> src/services/monitor.rs:970:14
    |
970 | pub async fn update_alert_rule(
    |              ^^^^^^^^^^^^^^^^^

warning: function `delete_alert_rule` is never used
    --> src/services/monitor.rs:1012:14
     |
1012 | pub async fn delete_alert_rule(
     |              ^^^^^^^^^^^^^^^^^

warning: function `llm_behaviour` is never used
    --> src/services/monitor.rs:2449:14
     |
2449 | pub async fn llm_behaviour(State(state): State<SharedState>) -> Json<serde_json::Value> {
     |              ^^^^^^^^^^^^^

warning: struct `ListQuery` is never constructed
  --> src/services/multiagent.rs:78:12
   |
78 | pub struct ListQuery {
   |            ^^^^^^^^^

warning: function `default_limit` is never used
  --> src/services/multiagent.rs:82:4
   |
82 | fn default_limit() -> usize {
   |    ^^^^^^^^^^^^^

warning: function `intelligence_standard` is never used
   --> src/services/multiagent.rs:592:14
    |
592 | pub async fn intelligence_standard() -> Json<serde_json::Value> {
    |              ^^^^^^^^^^^^^^^^^^^^^

warning: methods `register_agent`, `verify_all_chains`, and `get_status_summary` are never used
   --> src/services/namespace_isolation.rs:564:12
    |
287 | impl NamespaceIsolation {
    | ----------------------- methods in this implementation
...
564 |     pub fn register_agent(
    |            ^^^^^^^^^^^^^^
...
592 |     pub fn verify_all_chains(&mut self) -> Vec<(String, bool)> {
    |            ^^^^^^^^^^^^^^^^^
...
604 |     pub fn get_status_summary(&self) -> IsolationSummary {
    |            ^^^^^^^^^^^^^^^^^^

warning: variants `NamespaceNotFound`, `NamespaceCompromised`, `AccessDenied`, and `ChainBroken` are never constructed
   --> src/services/namespace_isolation.rs:637:5
    |
635 | pub enum IsolationError {
    |          -------------- variants in this enum
636 |     ParentNotFound,
637 |     NamespaceNotFound,
    |     ^^^^^^^^^^^^^^^^^
638 |     NamespaceCompromised,
    |     ^^^^^^^^^^^^^^^^^^^^
639 |     AccessDenied,
    |     ^^^^^^^^^^^^
640 |     ChainBroken,
    |     ^^^^^^^^^^^
    |
    = note: `IsolationError` has derived impls for the traits `Clone` and `Debug`, but these are intentionally ignored during dead code analysis

warning: struct `IsolationSummary` is never constructed
   --> src/services/namespace_isolation.rs:644:12
    |
644 | pub struct IsolationSummary {
    |            ^^^^^^^^^^^^^^^^

warning: struct `SharedNamespaceIsolation` is never constructed
   --> src/services/namespace_isolation.rs:659:12
    |
659 | pub struct SharedNamespaceIsolation {
    |            ^^^^^^^^^^^^^^^^^^^^^^^^

warning: associated items `new`, `create_namespace`, `check_access`, `register_agent`, `verify_chains`, and `get_summary` are never used
   --> src/services/namespace_isolation.rs:664:12
    |
663 | impl SharedNamespaceIsolation {
    | ----------------------------- associated items in this implementation
664 |     pub fn new() -> Self {
    |            ^^^
...
670 |     pub fn create_namespace(
    |            ^^^^^^^^^^^^^^^^
...
684 |     pub fn check_access(&self, source: &str, target: &str, agent: &str, read: bool) -> bool {
    |            ^^^^^^^^^^^^
...
691 |     pub fn register_agent(&self, ns: &str, agent: &str) -> Result<(), IsolationError> {
    |            ^^^^^^^^^^^^^^
...
695 |     pub fn verify_chains(&self) -> Vec<(String, bool)> {
    |            ^^^^^^^^^^^^^
...
699 |     pub fn get_summary(&self) -> IsolationSummary {
    |            ^^^^^^^^^^^

warning: struct `ExecuteResponse` is never constructed
  --> src/services/notebook.rs:35:12
   |
35 | pub struct ExecuteResponse {
   |            ^^^^^^^^^^^^^^^

warning: struct `SnippetListRequest` is never constructed
  --> src/services/notebook.rs:44:12
   |
44 | pub struct SnippetListRequest {
   |            ^^^^^^^^^^^^^^^^^^

warning: method `escalate` is never used
   --> src/services/notifications.rs:141:8
    |
132 | impl Severity {
    | ------------- method in this implementation
...
141 |     fn escalate(&self) -> Self {
    |        ^^^^^^^^

warning: struct `NativeObsQuery` is never constructed
  --> src/services/observability.rs:72:12
   |
72 | pub struct NativeObsQuery {
   |            ^^^^^^^^^^^^^^

warning: struct `NativeChartPinRequest` is never constructed
  --> src/services/observability.rs:77:12
   |
77 | pub struct NativeChartPinRequest {
   |            ^^^^^^^^^^^^^^^^^^^^^

warning: function `p95` is never used
  --> src/services/observability.rs:82:4
   |
82 | fn p95(mut values: Vec<u64>) -> u64 {
   |    ^^^

warning: function `path_is_plugin_call` is never used
  --> src/services/observability.rs:91:4
   |
91 | fn path_is_plugin_call(path: &str) -> Option<String> {
   |    ^^^^^^^^^^^^^^^^^^^

warning: function `plugin_id_from_path` is never used
   --> src/services/observability.rs:104:8
    |
104 | pub fn plugin_id_from_path(path: &str) -> Option<String> {
    |        ^^^^^^^^^^^^^^^^^^^

warning: function `native_dashboard` is never used
   --> src/services/observability.rs:109:14
    |
109 | pub async fn native_dashboard(
    |              ^^^^^^^^^^^^^^^^

warning: function `native_charts` is never used
   --> src/services/observability.rs:180:14
    |
180 | pub async fn native_charts(State(state): State<SharedState>) -> Json<serde_json::Value> {
    |              ^^^^^^^^^^^^^

warning: function `set_native_chart_pin` is never used
   --> src/services/observability.rs:209:14
    |
209 | pub async fn set_native_chart_pin(
    |              ^^^^^^^^^^^^^^^^^^^^

warning: field `customer_id` is never read
   --> src/services/payment.rs:134:9
    |
133 | pub struct PortalRequest {
    |            ------------- field in this struct
134 |     pub customer_id: Option<String>,
    |         ^^^^^^^^^^^
    |
    = note: `PortalRequest` has a derived impl for the trait `Debug`, but this is intentionally ignored during dead code analysis

warning: struct `RunStepRequest` is never constructed
  --> src/services/pipeline.rs:10:12
   |
10 | pub struct RunStepRequest {
   |            ^^^^^^^^^^^^^^

warning: multiple methods are never used
   --> src/services/proof_chain.rs:289:12
    |
156 | impl ProofChainTree {
    | ------------------- methods in this implementation
...
289 |     pub fn compress_delta(&mut self, node_id: &str, base_id: &str) -> Result<(), String> {
    |            ^^^^^^^^^^^^^^
...
312 |     pub fn compress_merkle_prune(&mut self, chain_root: &str) -> Result<String, String> {
    |            ^^^^^^^^^^^^^^^^^^^^^
...
344 |     fn find_leaves(&self, root_id: &str) -> Result<Vec<String>, String> {
    |        ^^^^^^^^^^^
...
377 |     fn prune_intermediate(&mut self, root_id: &str, leaves: &[String]) -> Result<(), String> {
    |        ^^^^^^^^^^^^^^^^^^
...
396 |     fn collect_subtree(&self, root_id: &str) -> Result<Vec<String>, String> {
    |        ^^^^^^^^^^^^^^^
...
418 |     pub fn create_sparse_index(
    |            ^^^^^^^^^^^^^^^^^^^
...
512 |     pub fn query_by_actor(&self, actor: &str) -> Vec<&ProofNode> {
    |            ^^^^^^^^^^^^^^
...
520 |     pub fn query_by_type(&self, node_type: ProofNodeType) -> Vec<&ProofNode> {
    |            ^^^^^^^^^^^^^
...
528 |     pub fn query_by_tag(&self, tag: &str) -> Vec<&ProofNode> {
    |            ^^^^^^^^^^^^
...
583 |     pub fn promote_to_hot(&mut self, node_id: &str) -> Result<(), String> {
    |            ^^^^^^^^^^^^^^
...
589 |     pub fn archive_to_cold(&mut self, node_id: &str) -> Result<(), String> {
    |            ^^^^^^^^^^^^^^^
...
623 |     pub fn get_retrieval_stats(&self) -> RetrievalStats {
    |            ^^^^^^^^^^^^^^^^^^^

warning: struct `RetrievalStats` is never constructed
   --> src/services/proof_chain.rs:671:12
    |
671 | pub struct RetrievalStats {
    |            ^^^^^^^^^^^^^^

warning: struct `SharedProofChainTree` is never constructed
   --> src/services/proof_chain.rs:685:12
    |
685 | pub struct SharedProofChainTree {
    |            ^^^^^^^^^^^^^^^^^^^^

warning: multiple associated items are never used
   --> src/services/proof_chain.rs:690:12
    |
689 | impl SharedProofChainTree {
    | ------------------------- associated items in this implementation
690 |     pub fn new() -> Self {
    |            ^^^
...
696 |     pub fn add_proof(
    |            ^^^^^^^^^
...
709 |     pub fn create_rollup(&self, parent: &str, children: Vec<String>) -> Result<String, String> {
    |            ^^^^^^^^^^^^^
...
713 |     pub fn get_chain(&self, node_id: &str) -> Option<Vec<ProofNode>> {
    |            ^^^^^^^^^
...
721 |     pub fn verify_chain(&self, node_id: &str) -> Result<bool, String> {
    |            ^^^^^^^^^^^^
...
725 |     pub fn query_time_range(&self, start: i64, end: i64) -> Vec<ProofNode> {
    |            ^^^^^^^^^^^^^^^^
...
735 |     pub fn get_compression_stats(&self) -> CompressionStats {
    |            ^^^^^^^^^^^^^^^^^^^^^

warning: struct `SetIsolationRuntimeRequest` is never constructed
   --> src/services/runtime_control.rs:239:12
    |
239 | pub struct SetIsolationRuntimeRequest {
    |            ^^^^^^^^^^^^^^^^^^^^^^^^^^

warning: function `get_agent_isolation_tier` is never used
    --> src/services/runtime_control.rs:1178:14
     |
1178 | pub async fn get_agent_isolation_tier(
     |              ^^^^^^^^^^^^^^^^^^^^^^^^

warning: function `get_isolation_runtime` is never used
    --> src/services/runtime_control.rs:1188:14
     |
1188 | pub async fn get_isolation_runtime(State(state): State<SharedState>) -> Json<serde_json::Value> {
     |              ^^^^^^^^^^^^^^^^^^^^^

warning: function `set_isolation_runtime` is never used
    --> src/services/runtime_control.rs:1270:14
     |
1270 | pub async fn set_isolation_runtime(
     |              ^^^^^^^^^^^^^^^^^^^^^

warning: function `get_egress_status` is never used
  --> src/services/runtime_egress.rs:10:14
   |
10 | pub async fn get_egress_status(State(state): State<SharedState>) -> Json<Value> {
   |              ^^^^^^^^^^^^^^^^^

warning: constant `SCHEMA_USER` is never used
  --> src/services/scim.rs:15:7
   |
15 | const SCHEMA_USER: &str = "urn:ietf:params:scim:schemas:core:2.0:User";
   |       ^^^^^^^^^^^

warning: constant `SCHEMA_LIST` is never used
  --> src/services/scim.rs:16:7
   |
16 | const SCHEMA_LIST: &str = "urn:ietf:params:scim:api:messages:2.0:ListResponse";
   |       ^^^^^^^^^^^

warning: constant `SCHEMA_ERR` is never used
  --> src/services/scim.rs:17:7
   |
17 | const SCHEMA_ERR: &str = "urn:ietf:params:scim:api:messages:2.0:Error";
   |       ^^^^^^^^^^

warning: function `admin` is never used
  --> src/services/scim.rs:19:4
   |
19 | fn admin(headers: &HeaderMap) -> Result<(), Value> {
   |    ^^^^^

warning: function `to_scim` is never used
  --> src/services/scim.rs:37:4
   |
37 | fn to_scim(u: &User) -> Value {
   |    ^^^^^^^

warning: function `service_provider_config` is never used
  --> src/services/scim.rs:55:14
   |
55 | pub async fn service_provider_config() -> Json<Value> {
   |              ^^^^^^^^^^^^^^^^^^^^^^^

warning: struct `ListQuery` is never constructed
  --> src/services/scim.rs:75:12
   |
75 | pub struct ListQuery {
   |            ^^^^^^^^^

warning: function `list_users` is never used
  --> src/services/scim.rs:83:14
   |
83 | pub async fn list_users(
   |              ^^^^^^^^^^

warning: function `get_user` is never used
   --> src/services/scim.rs:121:14
    |
121 | pub async fn get_user(
    |              ^^^^^^^^

warning: function `create_user` is never used
   --> src/services/scim.rs:141:14
    |
141 | pub async fn create_user(
    |              ^^^^^^^^^^^

warning: function `patch_user` is never used
   --> src/services/scim.rs:227:14
    |
227 | pub async fn patch_user(
    |              ^^^^^^^^^^

warning: function `delete_user` is never used
   --> src/services/scim.rs:267:14
    |
267 | pub async fn delete_user(
    |              ^^^^^^^^^^^

warning: function `caller_admin` is never used
  --> src/services/security_signals.rs:12:4
   |
12 | fn caller_admin(headers: &HeaderMap) -> bool {
   |    ^^^^^^^^^^^^

warning: function `get_security_signals` is never used
  --> src/services/security_signals.rs:25:14
   |
25 | pub async fn get_security_signals(
   |              ^^^^^^^^^^^^^^^^^^^^

warning: function `caller_role` is never used
  --> src/services/support_bundle.rs:12:4
   |
12 | fn caller_role(headers: &HeaderMap) -> Option<PlatformRole> {
   |    ^^^^^^^^^^^

warning: function `get_support_bundle` is never used
  --> src/services/support_bundle.rs:39:14
   |
39 | pub async fn get_support_bundle(
   |              ^^^^^^^^^^^^^^^^^^

warning: function `mcp_unregister` is never used
    --> src/services/tools.rs:1057:14
     |
1057 | pub async fn mcp_unregister(
     |              ^^^^^^^^^^^^^^

warning: function `rand_byte` is never used
    --> src/services/webhooks.rs:1367:4
     |
1367 | fn rand_byte() -> u8 {
     |    ^^^^^^^^^

warning: constant `TOKENS_FOLDER` is never used
  --> src/services/author_portal.rs:15:7
   |
15 | const TOKENS_FOLDER: &str = "author_tokens";
   |       ^^^^^^^^^^^^^

warning: constant `NAMESPACES_FOLDER` is never used
  --> src/services/author_portal.rs:16:7
   |
16 | const NAMESPACES_FOLDER: &str = "author_namespaces";
   |       ^^^^^^^^^^^^^^^^^

warning: constant `PUBLISH_EVENTS_FOLDER` is never used
  --> src/services/author_portal.rs:17:7
   |
17 | const PUBLISH_EVENTS_FOLDER: &str = "author_publish_events";
   |       ^^^^^^^^^^^^^^^^^^^^^

warning: constant `STATS_FOLDER` is never used
  --> src/services/author_portal.rs:18:7
   |
18 | const STATS_FOLDER: &str = "author_stats";
   |       ^^^^^^^^^^^^

warning: struct `AuthorTokenRecord` is never constructed
  --> src/services/author_portal.rs:21:12
   |
21 | pub struct AuthorTokenRecord {
   |            ^^^^^^^^^^^^^^^^^

warning: struct `NamespaceClaim` is never constructed
  --> src/services/author_portal.rs:33:12
   |
33 | pub struct NamespaceClaim {
   |            ^^^^^^^^^^^^^^

warning: struct `MintTokenBody` is never constructed
  --> src/services/author_portal.rs:42:12
   |
42 | pub struct MintTokenBody {
   |            ^^^^^^^^^^^^^

warning: struct `ClaimNamespaceBody` is never constructed
  --> src/services/author_portal.rs:48:12
   |
48 | pub struct ClaimNamespaceBody {
   |            ^^^^^^^^^^^^^^^^^^

warning: function `require_admin_or_dev` is never used
  --> src/services/author_portal.rs:54:4
   |
54 | fn require_admin_or_dev(headers: &HeaderMap) -> Result<(), serde_json::Value> {
   |    ^^^^^^^^^^^^^^^^^^^^

warning: function `random_token` is never used
  --> src/services/author_portal.rs:68:4
   |
68 | fn random_token() -> String {
   |    ^^^^^^^^^^^^

warning: function `list_author_tokens` is never used
  --> src/services/author_portal.rs:74:14
   |
74 | pub async fn list_author_tokens(
   |              ^^^^^^^^^^^^^^^^^^

warning: function `mint_author_token` is never used
   --> src/services/author_portal.rs:101:14
    |
101 | pub async fn mint_author_token(
    |              ^^^^^^^^^^^^^^^^^

warning: function `revoke_author_token` is never used
   --> src/services/author_portal.rs:136:14
    |
136 | pub async fn revoke_author_token(
    |              ^^^^^^^^^^^^^^^^^^^

warning: function `claim_namespace` is never used
   --> src/services/author_portal.rs:166:14
    |
166 | pub async fn claim_namespace(
    |              ^^^^^^^^^^^^^^^

warning: function `list_namespace_claims` is never used
   --> src/services/author_portal.rs:201:14
    |
201 | pub async fn list_namespace_claims(
    |              ^^^^^^^^^^^^^^^^^^^^^

warning: function `record_publish_event` is never used
   --> src/services/author_portal.rs:220:8
    |
220 | pub fn record_publish_event(state: &SharedState, vendor: &str, plugin_id: &str, version: &str) {
    |        ^^^^^^^^^^^^^^^^^^^^

warning: function `author_stats` is never used
   --> src/services/author_portal.rs:247:14
    |
247 | pub async fn author_stats(
    |              ^^^^^^^^^^^^

warning: function `push_check` is never used
  --> src/services/cage_proof.rs:13:4
   |
13 | fn push_check(checks: &mut Vec<Value>, id: &str, ok: bool, detail: impl Into<String>) {
   |    ^^^^^^^^^^

warning: function `get_cage_proof` is never used
  --> src/services/cage_proof.rs:40:14
   |
40 | pub async fn get_cage_proof(State(state): State<SharedState>) -> Json<Value> {
   |              ^^^^^^^^^^^^^^

warning: constant `CATALOG_JSON` is never used
  --> src/services/catalog.rs:17:7
   |
17 | const CATALOG_JSON: &str = include_str!("../../../products/catalog.json");
   |       ^^^^^^^^^^^^

warning: function `parsed` is never used
  --> src/services/catalog.rs:19:4
   |
19 | fn parsed() -> &'static Result<Value, serde_json::Error> {
   |    ^^^^^^

warning: function `list_products` is never used
  --> src/services/catalog.rs:29:14
   |
29 | pub async fn list_products() -> impl IntoResponse {
   |              ^^^^^^^^^^^^^

warning: function `validate_at_boot` is never used
  --> src/services/catalog.rs:47:8
   |
47 | pub fn validate_at_boot() -> Result<(), String> {
   |        ^^^^^^^^^^^^^^^^

warning: function `yaml_path` is never used
  --> src/services/connector_yaml.rs:28:4
   |
28 | fn yaml_path() -> PathBuf {
   |    ^^^^^^^^^

warning: function `require_admin` is never used
  --> src/services/connector_yaml.rs:37:4
   |
37 | fn require_admin(headers: &HeaderMap) -> Result<(), Value> {
   |    ^^^^^^^^^^^^^

warning: function `refuse_in_playground` is never used
  --> src/services/connector_yaml.rs:51:4
   |
51 | fn refuse_in_playground() -> Option<Value> {
   |    ^^^^^^^^^^^^^^^^^^^^

warning: function `read_source` is never used
  --> src/services/connector_yaml.rs:63:4
   |
63 | fn read_source(path: &Path) -> (String, String) {
   |    ^^^^^^^^^^^

warning: function `get_yaml` is never used
  --> src/services/connector_yaml.rs:98:14
   |
98 | pub async fn get_yaml(State(_state): State<SharedState>, headers: HeaderMap) -> Json<Value> {
   |              ^^^^^^^^

warning: struct `YamlBody` is never constructed
   --> src/services/connector_yaml.rs:117:12
    |
117 | pub struct YamlBody {
    |            ^^^^^^^^

warning: function `validate` is never used
   --> src/services/connector_yaml.rs:122:14
    |
122 | pub async fn validate(
    |              ^^^^^^^^

warning: function `put_yaml` is never used
   --> src/services/connector_yaml.rs:138:14
    |
138 | pub async fn put_yaml(
    |              ^^^^^^^^

warning: function `now_ms` is never used
  --> src/services/context.rs:29:4
   |
29 | fn now_ms() -> i64 {
   |    ^^^^^^

warning: function `agent_model` is never used
   --> src/services/context.rs:302:4
    |
302 | fn agent_model(state: &SharedState, pid: &str) -> Option<String> {
    |    ^^^^^^^^^^^

warning: function `context_budget` is never used
   --> src/services/context.rs:311:14
    |
311 | pub async fn context_budget(
    |              ^^^^^^^^^^^^^^

warning: function `context_flush` is never used
   --> src/services/context.rs:348:14
    |
348 | pub async fn context_flush(
    |              ^^^^^^^^^^^^^

warning: function `payload_text` is never used
   --> src/services/context.rs:401:4
    |
401 | fn payload_text(payload: &serde_json::Value) -> String {
    |    ^^^^^^^^^^^^

warning: function `lexical_score` is never used
   --> src/services/context.rs:419:4
    |
419 | fn lexical_score(text: &str, query_terms: &[String]) -> f64 {
    |    ^^^^^^^^^^^^^

warning: function `context_assemble` is never used
   --> src/services/context.rs:432:14
    |
432 | pub async fn context_assemble(
    |              ^^^^^^^^^^^^^^^^

warning: function `load_custom_domains_config` is never used
  --> src/services/custom_domain_routing.rs:39:8
   |
39 | pub fn load_custom_domains_config(state: &SharedState, tenant_id: Option<&str>) -> Value {
   |        ^^^^^^^^^^^^^^^^^^^^^^^^^^

warning: function `resolve_plugin_slug_for_host` is never used
   --> src/services/custom_domain_routing.rs:169:8
    |
169 | pub fn resolve_plugin_slug_for_host(state: &SharedState, host: &str) -> Option<String> {
    |        ^^^^^^^^^^^^^^^^^^^^^^^^^^^^

warning: function `save_custom_domains_config` is never used
   --> src/services/custom_domain_routing.rs:224:4
    |
224 | fn save_custom_domains_config(state: &SharedState, cfg: &Value) -> Result<(), String> {
    |    ^^^^^^^^^^^^^^^^^^^^^^^^^^

warning: function `upsert_custom_domain_alias` is never used
   --> src/services/custom_domain_routing.rs:232:8
    |
232 | pub fn upsert_custom_domain_alias(
    |        ^^^^^^^^^^^^^^^^^^^^^^^^^^

warning: function `remove_custom_domain_by_record_id` is never used
   --> src/services/custom_domain_routing.rs:279:8
    |
279 | pub fn remove_custom_domain_by_record_id(
    |        ^^^^^^^^^^^^^^^^^^^^^^^^^^^^^^^^^

warning: function `custom_domain_cage_middleware` is never used
   --> src/services/custom_domain_routing.rs:316:14
    |
316 | pub async fn custom_domain_cage_middleware(
    |              ^^^^^^^^^^^^^^^^^^^^^^^^^^^^^

warning: function `deployment_info` is never used
   --> src/services/deployment.rs:138:14
    |
138 | pub async fn deployment_info(State(state): State<SharedState>, headers: HeaderMap) -> Json<Value> {
    |              ^^^^^^^^^^^^^^^

warning: function `revoke_token` is never used
   --> src/services/devguard.rs:242:14
    |
242 | pub async fn revoke_token(
    |              ^^^^^^^^^^^^

warning: fields `tenant_id`, `scopes`, and `tool` are never read
   --> src/services/devguard.rs:403:9
    |
398 | pub struct AdmittedIdentity {
    |            ---------------- fields in this struct
...
403 |     pub tenant_id: String,
    |         ^^^^^^^^^
404 |     pub scopes: Vec<String>,
    |         ^^^^^^
405 |     pub tool: String,
    |         ^^^^
    |
    = note: `AdmittedIdentity` has derived impls for the traits `Clone` and `Debug`, but these are intentionally ignored during dead code analysis

warning: function `admit` is never used
   --> src/services/devguard.rs:821:14
    |
821 | pub async fn admit(
    |              ^^^^^

warning: function `node_gateway_base` is never used
    --> src/services/devguard.rs:1288:4
     |
1288 | fn node_gateway_base() -> String {
     |    ^^^^^^^^^^^^^^^^^

warning: function `tool_connect_instructions` is never used
    --> src/services/devguard.rs:1307:4
     |
1307 | fn tool_connect_instructions(base: &str, token: &str, tool: &str) -> serde_json::Value {
     |    ^^^^^^^^^^^^^^^^^^^^^^^^^

warning: function `workspace_bind_capabilities` is never used
    --> src/services/devguard.rs:1377:4
     |
1377 | fn workspace_bind_capabilities() -> serde_json::Value {
     |    ^^^^^^^^^^^^^^^^^^^^^^^^^^^

warning: function `cage_firewall_checklist` is never used
    --> src/services/devguard.rs:1397:4
     |
1397 | fn cage_firewall_checklist(workspace: &str, _tool: &str) -> Vec<serde_json::Value> {
     |    ^^^^^^^^^^^^^^^^^^^^^^^

warning: function `tenant_id_from_headers` is never used
    --> src/services/devguard.rs:1492:15
     |
1492 | pub(crate) fn tenant_id_from_headers(headers: &HeaderMap) -> String {
     |               ^^^^^^^^^^^^^^^^^^^^^^

warning: function `repo_id_for` is never used
    --> src/services/devguard.rs:1513:4
     |
1513 | fn repo_id_for(workspace: &str, github_url: &str) -> String {
     |    ^^^^^^^^^^^

warning: function `connect` is never used
    --> src/services/devguard.rs:1639:14
     |
1639 | pub async fn connect(
     |              ^^^^^^^

warning: function `connect_info` is never used
    --> src/services/devguard.rs:1872:14
     |
1872 | pub async fn connect_info() -> Json<serde_json::Value> {
     |              ^^^^^^^^^^^^

warning: function `list_repos` is never used
    --> src/services/devguard.rs:1926:14
     |
1926 | pub async fn list_repos(
     |              ^^^^^^^^^^

warning: function `get_repo` is never used
    --> src/services/devguard.rs:1943:14
     |
1943 | pub async fn get_repo(
     |              ^^^^^^^^

warning: function `attach_agent` is never used
    --> src/services/devguard.rs:1961:14
     |
1961 | pub async fn attach_agent(
     |              ^^^^^^^^^^^^

warning: function `enforcement_contract` is never used
    --> src/services/devguard.rs:2142:4
     |
2142 | fn enforcement_contract() -> serde_json::Value {
     |    ^^^^^^^^^^^^^^^^^^^^

warning: function `normalize_role` is never used
    --> src/services/devguard.rs:2160:4
     |
2160 | fn normalize_role(role: &str) -> String {
     |    ^^^^^^^^^^^^^^

warning: function `put_owner_roles` is never used
    --> src/services/devguard.rs:2280:14
     |
2280 | pub async fn put_owner_roles(
     |              ^^^^^^^^^^^^^^^

warning: function `generate_scaffold` is never used
    --> src/services/devguard.rs:2357:4
     |
2357 | fn generate_scaffold(repo_id: &str) -> serde_json::Value {
     |    ^^^^^^^^^^^^^^^^^

warning: function `known_tools` is never used
  --> src/services/devguard_local_profile.rs:53:4
   |
53 | fn known_tools() -> [&'static str; 4] {
   |    ^^^^^^^^^^^

warning: function `normalize_tool` is never used
  --> src/services/devguard_local_profile.rs:57:4
   |
57 | fn normalize_tool(t: &str) -> String {
   |    ^^^^^^^^^^^^^^

warning: function `validate_profile` is never used
  --> src/services/devguard_local_profile.rs:61:4
   |
61 | fn validate_profile(p: &LocalProfile) -> Vec<String> {
   |    ^^^^^^^^^^^^^^^^

warning: function `default_profile` is never used
   --> src/services/devguard_local_profile.rs:123:4
    |
123 | fn default_profile() -> LocalProfile {
    |    ^^^^^^^^^^^^^^^

warning: function `get_local_profile` is never used
   --> src/services/devguard_local_profile.rs:183:14
    |
183 | pub async fn get_local_profile(State(state): State<SharedState>) -> Json<Value> {
    |              ^^^^^^^^^^^^^^^^^

warning: function `post_local_profile` is never used
   --> src/services/devguard_local_profile.rs:205:14
    |
205 | pub async fn post_local_profile(
    |              ^^^^^^^^^^^^^^^^^^

warning: function `dg_base` is never used
  --> src/services/devguard_proxy.rs:20:4
   |
20 | fn dg_base() -> Option<String> {
   |    ^^^^^^^

warning: function `http_client` is never used
  --> src/services/devguard_proxy.rs:24:4
   |
24 | fn http_client() -> reqwest::Client {
   |    ^^^^^^^^^^^

warning: function `query_suffix` is never used
  --> src/services/devguard_proxy.rs:32:4
   |
32 | fn query_suffix(query: Option<&str>) -> String {
   |    ^^^^^^^^^^^^

warning: function `forward_get` is never used
  --> src/services/devguard_proxy.rs:40:10
   |
40 | async fn forward_get(path: &str, query: Option<&str>) -> Result<Value, (StatusCode, Value)> {
   |          ^^^^^^^^^^^

warning: function `json_err` is never used
  --> src/services/devguard_proxy.rs:85:4
   |
85 | fn json_err(status: StatusCode, body: Value) -> axum::response::Response {
   |    ^^^^^^^^

warning: function `dg_extension_status` is never used
  --> src/services/devguard_proxy.rs:89:14
   |
89 | pub async fn dg_extension_status(
   |              ^^^^^^^^^^^^^^^^^^^

warning: function `dg_extension_audit` is never used
  --> src/services/devguard_proxy.rs:99:14
   |
99 | pub async fn dg_extension_audit(
   |              ^^^^^^^^^^^^^^^^^^

warning: function `dg_proxy_status` is never used
   --> src/services/devguard_proxy.rs:116:14
    |
116 | pub async fn dg_proxy_status(State(state): State<SharedState>) -> impl IntoResponse {
    |              ^^^^^^^^^^^^^^^

warning: constant `TEAM_FOLDER` is never used
  --> src/services/devguard_team.rs:19:7
   |
19 | const TEAM_FOLDER: &str = "devguard_teams";
   |       ^^^^^^^^^^^

warning: constant `MEMBER_FOLDER` is never used
  --> src/services/devguard_team.rs:20:7
   |
20 | const MEMBER_FOLDER: &str = "devguard_members";
   |       ^^^^^^^^^^^^^

warning: constant `ACTION_FOLDER` is never used
  --> src/services/devguard_team.rs:21:7
   |
21 | const ACTION_FOLDER: &str = "devguard_actions";
   |       ^^^^^^^^^^^^^

warning: enum `TeamRole` is never used
  --> src/services/devguard_team.rs:29:10
   |
29 | pub enum TeamRole {
   |          ^^^^^^^^

warning: method `clearance` is never used
  --> src/services/devguard_team.rs:37:12
   |
36 | impl TeamRole {
   | ------------- method in this implementation
37 |     pub fn clearance(&self) -> u32 {
   |            ^^^^^^^^^

warning: struct `TeamMember` is never constructed
  --> src/services/devguard_team.rs:48:12
   |
48 | pub struct TeamMember {
   |            ^^^^^^^^^^

warning: struct `Team` is never constructed
  --> src/services/devguard_team.rs:61:12
   |
61 | pub struct Team {
   |            ^^^^

warning: struct `TeamSettings` is never constructed
  --> src/services/devguard_team.rs:73:12
   |
73 | pub struct TeamSettings {
   |            ^^^^^^^^^^^^

warning: struct `AgenticAction` is never constructed
   --> src/services/devguard_team.rs:100:12
    |
100 | pub struct AgenticAction {
    |            ^^^^^^^^^^^^^

warning: struct `CreateTeamRequest` is never constructed
   --> src/services/devguard_team.rs:123:12
    |
123 | pub struct CreateTeamRequest {
    |            ^^^^^^^^^^^^^^^^^

warning: struct `AddMemberRequest` is never constructed
   --> src/services/devguard_team.rs:131:12
    |
131 | pub struct AddMemberRequest {
    |            ^^^^^^^^^^^^^^^^

warning: struct `UpdateRoleRequest` is never constructed
   --> src/services/devguard_team.rs:139:12
    |
139 | pub struct UpdateRoleRequest {
    |            ^^^^^^^^^^^^^^^^^

warning: struct `LogActionRequest` is never constructed
   --> src/services/devguard_team.rs:144:12
    |
144 | pub struct LogActionRequest {
    |            ^^^^^^^^^^^^^^^^

warning: struct `TeamQuery` is never constructed
   --> src/services/devguard_team.rs:155:12
    |
155 | pub struct TeamQuery {
    |            ^^^^^^^^^

warning: function `tenant_from_headers` is never used
   --> src/services/devguard_team.rs:164:4
    |
164 | fn tenant_from_headers(headers: &axum::http::HeaderMap) -> Option<String> {
    |    ^^^^^^^^^^^^^^^^^^^

warning: function `json_err` is never used
   --> src/services/devguard_team.rs:172:4
    |
172 | fn json_err(status: StatusCode, body: Value) -> axum::response::Response {
    |    ^^^^^^^^

warning: function `create_team` is never used
   --> src/services/devguard_team.rs:181:14
    |
181 | pub async fn create_team(
    |              ^^^^^^^^^^^

warning: function `list_teams` is never used
   --> src/services/devguard_team.rs:252:14
    |
252 | pub async fn list_teams(
    |              ^^^^^^^^^^

warning: function `get_team` is never used
   --> src/services/devguard_team.rs:290:14
    |
290 | pub async fn get_team(
    |              ^^^^^^^^

warning: function `add_member` is never used
   --> src/services/devguard_team.rs:349:14
    |
349 | pub async fn add_member(
    |              ^^^^^^^^^^

warning: function `list_members` is never used
   --> src/services/devguard_team.rs:407:14
    |
407 | pub async fn list_members(
    |              ^^^^^^^^^^^^

warning: function `update_member_role` is never used
   --> src/services/devguard_team.rs:437:14
    |
437 | pub async fn update_member_role(
    |              ^^^^^^^^^^^^^^^^^^

warning: function `log_action` is never used
   --> src/services/devguard_team.rs:495:14
    |
495 | pub async fn log_action(
    |              ^^^^^^^^^^

warning: function `list_actions` is never used
   --> src/services/devguard_team.rs:557:14
    |
557 | pub async fn list_actions(
    |              ^^^^^^^^^^^^

warning: function `command_center` is never used
   --> src/services/devguard_team.rs:594:14
    |
594 | pub async fn command_center(
    |              ^^^^^^^^^^^^^^

warning: function `get_roles` is never used
   --> src/services/devguard_team.rs:706:14
    |
706 | pub async fn get_roles() -> impl IntoResponse {
    |              ^^^^^^^^^

warning: struct `FileQuery` is never constructed
  --> src/services/devguard_workspace.rs:23:12
   |
23 | pub struct FileQuery {
   |            ^^^^^^^^^

warning: struct `FileBody` is never constructed
  --> src/services/devguard_workspace.rs:28:12
   |
28 | pub struct FileBody {
   |            ^^^^^^^^

warning: function `workspace_api_block` is never used
  --> src/services/devguard_workspace.rs:80:8
   |
80 | pub fn workspace_api_block(base: &str, repo_id: &str) -> serde_json::Value {
   |        ^^^^^^^^^^^^^^^^^^^

warning: function `seed_workspace_tree` is never used
  --> src/services/devguard_workspace.rs:92:8
   |
92 | pub fn seed_workspace_tree(state: &SharedState, tenant: &str, repo_id: &str, origin_kind: &str) {
   |        ^^^^^^^^^^^^^^^^^^^

warning: function `default_seed_files` is never used
   --> src/services/devguard_workspace.rs:125:4
    |
125 | fn default_seed_files(repo_id: &str, origin_kind: &str) -> Vec<(String, String)> {
    |    ^^^^^^^^^^^^^^^^^^

warning: function `extract_api_key` is never used
   --> src/services/devguard_workspace.rs:154:4
    |
154 | fn extract_api_key(headers: &HeaderMap) -> String {
    |    ^^^^^^^^^^^^^^^

warning: function `deny` is never used
   --> src/services/devguard_workspace.rs:168:4
    |
168 | fn deny(code: &str, extra: serde_json::Value) -> Json<serde_json::Value> {
    |    ^^^^

warning: function `admit_for_repo` is never used
   --> src/services/devguard_workspace.rs:202:4
    |
202 | fn admit_for_repo(
    |    ^^^^^^^^^^^^^^

warning: function `resolve_tenant` is never used
   --> src/services/devguard_workspace.rs:213:4
    |
213 | fn resolve_tenant(headers: &HeaderMap, id: &AdmittedIdentity) -> String {
    |    ^^^^^^^^^^^^^^

warning: function `check_role_file` is never used
   --> src/services/devguard_workspace.rs:422:4
    |
422 | fn check_role_file(
    |    ^^^^^^^^^^^^^^^

warning: function `check_role_git` is never used
   --> src/services/devguard_workspace.rs:442:4
    |
442 | fn check_role_git(
    |    ^^^^^^^^^^^^^^

warning: function `list_tree` is never used
   --> src/services/devguard_workspace.rs:463:14
    |
463 | pub async fn list_tree(
    |              ^^^^^^^^^

warning: function `get_file` is never used
   --> src/services/devguard_workspace.rs:492:14
    |
492 | pub async fn get_file(
    |              ^^^^^^^^

warning: function `put_file` is never used
   --> src/services/devguard_workspace.rs:532:14
    |
532 | pub async fn put_file(
    |              ^^^^^^^^

warning: function `delete_file` is never used
   --> src/services/devguard_workspace.rs:583:14
    |
583 | pub async fn delete_file(
    |              ^^^^^^^^^^^

warning: function `git_op` is never used
   --> src/services/devguard_workspace.rs:617:14
    |
617 | pub async fn git_op(
    |              ^^^^^^

warning: function `extract_command_from_tool_use` is never used
   --> src/services/exec_guard.rs:134:8
    |
134 | pub fn extract_command_from_tool_use(tool_input: &serde_json::Value) -> Option<String> {
    |        ^^^^^^^^^^^^^^^^^^^^^^^^^^^^^

warning: function `is_git_command` is never used
   --> src/services/exec_guard.rs:143:8
    |
143 | pub fn is_git_command(command: &str) -> bool {
    |        ^^^^^^^^^^^^^^

warning: function `firewall_standard` is never used
  --> src/services/firewall_config.rs:29:14
   |
29 | pub async fn firewall_standard() -> Json<serde_json::Value> {
   |              ^^^^^^^^^^^^^^^^^

warning: function `firewall_status` is never used
  --> src/services/firewall_config.rs:34:14
   |
34 | pub async fn firewall_status(State(state): State<SharedState>) -> Json<serde_json::Value> {
   |              ^^^^^^^^^^^^^^^

warning: function `firewall_agent_status` is never used
  --> src/services/firewall_config.rs:39:14
   |
39 | pub async fn firewall_agent_status(
   |              ^^^^^^^^^^^^^^^^^^^^^

warning: struct `GraphRuleRequest` is never constructed
  --> src/services/firewall_config.rs:47:12
   |
47 | pub struct GraphRuleRequest {
   |            ^^^^^^^^^^^^^^^^

warning: function `default_deny_action` is never used
  --> src/services/firewall_config.rs:59:4
   |
59 | fn default_deny_action() -> String {
   |    ^^^^^^^^^^^^^^^^^^^

warning: function `put_graph_rule` is never used
  --> src/services/firewall_config.rs:64:14
   |
64 | pub async fn put_graph_rule(
   |              ^^^^^^^^^^^^^^

warning: struct `WitnessctlJoinQuery` is never constructed
   --> src/services/forensics.rs:502:12
    |
502 | pub struct WitnessctlJoinQuery {
    |            ^^^^^^^^^^^^^^^^^^^

warning: function `get_witnessctl_join` is never used
   --> src/services/forensics.rs:507:14
    |
507 | pub async fn get_witnessctl_join(
    |              ^^^^^^^^^^^^^^^^^^^

warning: function `check_write` is never used
   --> src/services/fs_guard.rs:130:8
    |
130 | pub fn check_write(
    |        ^^^^^^^^^^^

warning: field `description` is never read
  --> src/services/grounding.rs:34:9
   |
30 | pub struct UploadTableRequest {
   |            ------------------ field in this struct
...
34 |     pub description: String,
   |         ^^^^^^^^^^^

warning: constant `STORE_FOLDER` is never used
  --> src/services/hub_mirrors.rs:10:7
   |
10 | const STORE_FOLDER: &str = "hub_mirrors";
   |       ^^^^^^^^^^^^

warning: constant `STORE_KEY` is never used
  --> src/services/hub_mirrors.rs:11:7
   |
11 | const STORE_KEY: &str = "config";
   |       ^^^^^^^^^

warning: struct `HubMirrorsConfig` is never constructed
  --> src/services/hub_mirrors.rs:14:12
   |
14 | pub struct HubMirrorsConfig {
   |            ^^^^^^^^^^^^^^^^

warning: function `normalize_base` is never used
  --> src/services/hub_mirrors.rs:20:4
   |
20 | fn normalize_base(s: &str) -> String {
   |    ^^^^^^^^^^^^^^

warning: function `hub_mirror_bases` is never used
  --> src/services/hub_mirrors.rs:25:8
   |
25 | pub fn hub_mirror_bases(state: &SharedState) -> Vec<String> {
   |        ^^^^^^^^^^^^^^^^

warning: function `require_admin_or_dev` is never used
  --> src/services/hub_mirrors.rs:61:4
   |
61 | fn require_admin_or_dev(headers: &axum::http::HeaderMap) -> Result<(), serde_json::Value> {
   |    ^^^^^^^^^^^^^^^^^^^^

warning: function `require_auth_or_dev` is never used
  --> src/services/hub_mirrors.rs:75:4
   |
75 | fn require_auth_or_dev(headers: &axum::http::HeaderMap) -> Result<(), serde_json::Value> {
   |    ^^^^^^^^^^^^^^^^^^^

warning: function `get_hub_mirrors` is never used
  --> src/services/hub_mirrors.rs:85:14
   |
85 | pub async fn get_hub_mirrors(
   |              ^^^^^^^^^^^^^^^

warning: function `set_hub_mirrors` is never used
   --> src/services/hub_mirrors.rs:109:14
    |
109 | pub async fn set_hub_mirrors(
    |              ^^^^^^^^^^^^^^^

warning: struct `HubWorkflowPublishRequest` is never constructed
  --> src/services/hub_workflow_publish.rs:10:12
   |
10 | pub struct HubWorkflowPublishRequest {
   |            ^^^^^^^^^^^^^^^^^^^^^^^^^

warning: function `post_hub_workflow_publish` is never used
  --> src/services/hub_workflow_publish.rs:19:14
   |
19 | pub async fn post_hub_workflow_publish(
   |              ^^^^^^^^^^^^^^^^^^^^^^^^^

warning: struct `CreateKernelProfileRequest` is never constructed
   --> src/services/kernel_host.rs:864:12
    |
864 | pub struct CreateKernelProfileRequest {
    |            ^^^^^^^^^^^^^^^^^^^^^^^^^^

warning: function `default_egress_mode` is never used
   --> src/services/kernel_host.rs:874:4
    |
874 | fn default_egress_mode() -> String {
    |    ^^^^^^^^^^^^^^^^^^^

warning: function `default_source` is never used
   --> src/services/kernel_host.rs:877:4
    |
877 | fn default_source() -> String {
    |    ^^^^^^^^^^^^^^

warning: struct `AttachKernelRequest` is never constructed
   --> src/services/kernel_host.rs:882:12
    |
882 | pub struct AttachKernelRequest {
    |            ^^^^^^^^^^^^^^^^^^^

warning: function `post_kernel_profile` is never used
   --> src/services/kernel_host.rs:929:14
    |
929 | pub async fn post_kernel_profile(
    |              ^^^^^^^^^^^^^^^^^^^

warning: function `post_kernel_attach` is never used
   --> src/services/kernel_host.rs:954:14
    |
954 | pub async fn post_kernel_attach(
    |              ^^^^^^^^^^^^^^^^^^

warning: function `get_kernel_status` is never used
   --> src/services/kernel_host.rs:981:14
    |
981 | pub async fn get_kernel_status(
    |              ^^^^^^^^^^^^^^^^^

warning: function `post_kernel_release` is never used
    --> src/services/kernel_host.rs:1002:14
     |
1002 | pub async fn post_kernel_release(
     |              ^^^^^^^^^^^^^^^^^^^

warning: struct `ConfirmHostApplyRequest` is never constructed
    --> src/services/kernel_host.rs:1020:12
     |
1020 | pub struct ConfirmHostApplyRequest {
     |            ^^^^^^^^^^^^^^^^^^^^^^^

warning: function `probe_ebpf_pins` is never used
    --> src/services/kernel_host.rs:1034:8
     |
1034 | pub fn probe_ebpf_pins(agent_pid: Option<&str>) -> bool {
     |        ^^^^^^^^^^^^^^^

warning: function `post_kernel_confirm_host_apply` is never used
    --> src/services/kernel_host.rs:1039:14
     |
1039 | pub async fn post_kernel_confirm_host_apply(
     |              ^^^^^^^^^^^^^^^^^^^^^^^^^^^^^^

warning: function `get_kernel_global_status` is never used
    --> src/services/kernel_host.rs:1116:14
     |
1116 | pub async fn get_kernel_global_status(State(state): State<SharedState>) -> impl IntoResponse {
     |              ^^^^^^^^^^^^^^^^^^^^^^^^

warning: function `get_kernel_cage_manifest` is never used
    --> src/services/kernel_host.rs:1135:14
     |
1135 | pub async fn get_kernel_cage_manifest(State(state): State<SharedState>) -> impl IntoResponse {
     |              ^^^^^^^^^^^^^^^^^^^^^^^^

warning: function `post_microvm_cell` is never used
    --> src/services/kernel_host.rs:1157:14
     |
1157 | pub async fn post_microvm_cell(
     |              ^^^^^^^^^^^^^^^^^

warning: function `post_microvm_shard` is never used
    --> src/services/kernel_host.rs:1175:14
     |
1175 | pub async fn post_microvm_shard(
     |              ^^^^^^^^^^^^^^^^^^

warning: function `post_microvm_schedule_agent` is never used
    --> src/services/kernel_host.rs:1193:14
     |
1193 | pub async fn post_microvm_schedule_agent(
     |              ^^^^^^^^^^^^^^^^^^^^^^^^^^^

warning: function `post_microvm_usage` is never used
    --> src/services/kernel_host.rs:1212:14
     |
1212 | pub async fn post_microvm_usage(
     |              ^^^^^^^^^^^^^^^^^^

warning: function `get_microvm_topology` is never used
    --> src/services/kernel_host.rs:1231:14
     |
1231 | pub async fn get_microvm_topology(State(state): State<SharedState>) -> impl IntoResponse {
     |              ^^^^^^^^^^^^^^^^^^^^

warning: function `get_microvm_rollup` is never used
    --> src/services/kernel_host.rs:1243:14
     |
1243 | pub async fn get_microvm_rollup(State(state): State<SharedState>) -> impl IntoResponse {
     |              ^^^^^^^^^^^^^^^^^^

warning: function `get_microvm_carpenter_plan` is never used
    --> src/services/kernel_host.rs:1255:14
     |
1255 | pub async fn get_microvm_carpenter_plan(State(state): State<SharedState>) -> impl IntoResponse {
     |              ^^^^^^^^^^^^^^^^^^^^^^^^^^

warning: function `load_moment` is never used
  --> src/services/moment.rs:38:8
   |
38 | pub fn load_moment(state: &PlatformState, moment_id: &str) -> Option<MomentManifestV2> {
   |        ^^^^^^^^^^^

warning: function `commit_thin_object_parts_moment` is never used
  --> src/services/moment.rs:71:8
   |
71 | pub fn commit_thin_object_parts_moment(
   |        ^^^^^^^^^^^^^^^^^^^^^^^^^^^^^^^

warning: struct `MomentListQuery` is never constructed
  --> src/services/moment.rs:96:12
   |
96 | pub struct MomentListQuery {
   |            ^^^^^^^^^^^^^^^

warning: function `get_moment` is never used
   --> src/services/moment.rs:103:14
    |
103 | pub async fn get_moment(
    |              ^^^^^^^^^^

warning: function `list_moments` is never used
   --> src/services/moment.rs:121:14
    |
121 | pub async fn list_moments(
    |              ^^^^^^^^^^^^

warning: struct `MomentRecallRequest` is never constructed
   --> src/services/moment.rs:153:12
    |
153 | pub struct MomentRecallRequest {
    |            ^^^^^^^^^^^^^^^^^^^

warning: function `recall_moment` is never used
   --> src/services/moment.rs:159:14
    |
159 | pub async fn recall_moment(
    |              ^^^^^^^^^^^^^

warning: constant `OBJECT_FABRIC_MULTIPART_FOLDER` is never used
  --> src/services/object_fabric.rs:31:11
   |
31 | pub const OBJECT_FABRIC_MULTIPART_FOLDER: &str = "object_fabric_multipart_v1";
   |           ^^^^^^^^^^^^^^^^^^^^^^^^^^^^^^

warning: function `read_cas_blob` is never used
   --> src/services/object_fabric.rs:150:4
    |
150 | fn read_cas_blob(data_dir: &str, hash: &str) -> Option<Vec<u8>> {
    |    ^^^^^^^^^^^^^

warning: function `read_cas_blob_range` is never used
   --> src/services/object_fabric.rs:221:8
    |
221 | pub fn read_cas_blob_range(data_dir: &str, hash: &str, range: ByteRange) -> Option<(Vec<u8>, u64)> {
    |        ^^^^^^^^^^^^^^^^^^^

warning: struct `ObjectGetQuery` is never constructed
   --> src/services/object_fabric.rs:236:12
    |
236 | pub struct ObjectGetQuery {
    |            ^^^^^^^^^^^^^^

warning: method `byte_range` is never used
   --> src/services/object_fabric.rs:246:8
    |
245 | impl ObjectGetQuery {
    | ------------------- method in this implementation
246 |     fn byte_range(&self) -> Option<ByteRange> {
    |        ^^^^^^^^^^

warning: function `require_auth` is never used
   --> src/services/object_fabric.rs:254:4
    |
254 | fn require_auth(headers: &HeaderMap) -> Result<(), Response> {
    |    ^^^^^^^^^^^^

warning: function `get_object` is never used
   --> src/services/object_fabric.rs:315:8
    |
315 | pub fn get_object(state: &SharedState, hash_key: &str) -> Option<(Vec<u8>, Value)> {
    |        ^^^^^^^^^^

warning: struct `ObjectPutJson` is never constructed
   --> src/services/object_fabric.rs:355:12
    |
355 | pub struct ObjectPutJson {
    |            ^^^^^^^^^^^^^

warning: function `put_object_json` is never used
   --> src/services/object_fabric.rs:364:14
    |
364 | pub async fn put_object_json(
    |              ^^^^^^^^^^^^^^^

warning: function `get_object_by_hash` is never used
   --> src/services/object_fabric.rs:420:14
    |
420 | pub async fn get_object_by_hash(
    |              ^^^^^^^^^^^^^^^^^^

warning: function `put_object_bytes` is never used
   --> src/services/object_fabric.rs:509:14
    |
509 | pub async fn put_object_bytes(
    |              ^^^^^^^^^^^^^^^^

warning: struct `MultipartCompleteRequest` is never constructed
   --> src/services/object_fabric.rs:557:12
    |
557 | pub struct MultipartCompleteRequest {
    |            ^^^^^^^^^^^^^^^^^^^^^^^^

warning: function `multipart_complete` is never used
   --> src/services/object_fabric.rs:566:14
    |
566 | pub async fn multipart_complete(
    |              ^^^^^^^^^^^^^^^^^^

warning: function `docker_lab_egress_mode_label` is never used
  --> src/services/phase5_operator_env.rs:23:8
   |
23 | pub fn docker_lab_egress_mode_label() -> &'static str {
   |        ^^^^^^^^^^^^^^^^^^^^^^^^^^^^

warning: function `docker_lab_egress_enforce_label` is never used
  --> src/services/phase5_operator_env.rs:44:8
   |
44 | pub fn docker_lab_egress_enforce_label() -> &'static str {
   |        ^^^^^^^^^^^^^^^^^^^^^^^^^^^^^^^

warning: function `connect_env_production_like` is never used
  --> src/services/phase5_operator_env.rs:79:8
   |
79 | pub fn connect_env_production_like() -> bool {
   |        ^^^^^^^^^^^^^^^^^^^^^^^^^^^

warning: function `connect_dev_mode_truthy` is never used
  --> src/services/phase5_operator_env.rs:88:8
   |
88 | pub fn connect_dev_mode_truthy() -> bool {
   |        ^^^^^^^^^^^^^^^^^^^^^^^

warning: function `connect_production_reject_dev_mode_truthy` is never used
   --> src/services/phase5_operator_env.rs:100:8
    |
100 | pub fn connect_production_reject_dev_mode_truthy() -> bool {
    |        ^^^^^^^^^^^^^^^^^^^^^^^^^^^^^^^^^^^^^^^^^

warning: function `production_dev_mode_hygiene_level` is never used
   --> src/services/phase5_operator_env.rs:112:8
    |
112 | pub fn production_dev_mode_hygiene_level() -> &'static str {
    |        ^^^^^^^^^^^^^^^^^^^^^^^^^^^^^^^^^

warning: function `microvm_vendor_assets_configured` is never used
   --> src/services/phase5_operator_env.rs:123:8
    |
123 | pub fn microvm_vendor_assets_configured() -> bool {
    |        ^^^^^^^^^^^^^^^^^^^^^^^^^^^^^^^^

warning: function `microvm_vm_agent_guest_path_label` is never used
   --> src/services/phase5_operator_env.rs:131:8
    |
131 | pub fn microvm_vm_agent_guest_path_label() -> String {
    |        ^^^^^^^^^^^^^^^^^^^^^^^^^^^^^^^^^

warning: function `microvm_wsl_distro_label` is never used
   --> src/services/phase5_operator_env.rs:138:8
    |
138 | pub fn microvm_wsl_distro_label() -> String {
    |        ^^^^^^^^^^^^^^^^^^^^^^^^

warning: function `microvm_wsl_state_dir_label` is never used
   --> src/services/phase5_operator_env.rs:145:8
    |
145 | pub fn microvm_wsl_state_dir_label() -> String {
    |        ^^^^^^^^^^^^^^^^^^^^^^^^^^^

warning: function `microvm_egress_mode_label` is never used
   --> src/services/phase5_operator_env.rs:152:8
    |
152 | pub fn microvm_egress_mode_label() -> String {
    |        ^^^^^^^^^^^^^^^^^^^^^^^^^

warning: function `microvm_egress_enforce_label` is never used
   --> src/services/phase5_operator_env.rs:187:8
    |
187 | pub fn microvm_egress_enforce_label() -> String {
    |        ^^^^^^^^^^^^^^^^^^^^^^^^^^^^

warning: function `microvm_egress_enforce_required_label` is never used
   --> src/services/phase5_operator_env.rs:194:8
    |
194 | pub fn microvm_egress_enforce_required_label() -> String {
    |        ^^^^^^^^^^^^^^^^^^^^^^^^^^^^^^^^^^^^^

warning: function `microvm_guest_iface_label` is never used
   --> src/services/phase5_operator_env.rs:212:8
    |
212 | pub fn microvm_guest_iface_label() -> String {
    |        ^^^^^^^^^^^^^^^^^^^^^^^^^

warning: function `plugin_subprocess_cgroup_parent_label` is never used
   --> src/services/phase5_operator_env.rs:227:8
    |
227 | pub fn plugin_subprocess_cgroup_parent_label() -> String {
    |        ^^^^^^^^^^^^^^^^^^^^^^^^^^^^^^^^^^^^^

warning: function `plugin_subprocess_cgroup_pids_max_label` is never used
   --> src/services/phase5_operator_env.rs:243:8
    |
243 | pub fn plugin_subprocess_cgroup_pids_max_label() -> String {
    |        ^^^^^^^^^^^^^^^^^^^^^^^^^^^^^^^^^^^^^^^

warning: function `plugin_subprocess_cpu_weight_label` is never used
   --> src/services/phase5_operator_env.rs:254:8
    |
254 | pub fn plugin_subprocess_cpu_weight_label() -> String {
    |        ^^^^^^^^^^^^^^^^^^^^^^^^^^^^^^^^^^

warning: function `plugin_subprocess_memory_high_bytes_label` is never used
   --> src/services/phase5_operator_env.rs:265:8
    |
265 | pub fn plugin_subprocess_memory_high_bytes_label() -> String {
    |        ^^^^^^^^^^^^^^^^^^^^^^^^^^^^^^^^^^^^^^^^^

warning: function `plugin_subprocess_memory_swap_max_bytes_label` is never used
   --> src/services/phase5_operator_env.rs:276:8
    |
276 | pub fn plugin_subprocess_memory_swap_max_bytes_label() -> String {
    |        ^^^^^^^^^^^^^^^^^^^^^^^^^^^^^^^^^^^^^^^^^^^^^

warning: function `supervisor_node_crash_plugin_id_label` is never used
   --> src/services/phase5_operator_env.rs:288:8
    |
288 | pub fn supervisor_node_crash_plugin_id_label() -> String {
    |        ^^^^^^^^^^^^^^^^^^^^^^^^^^^^^^^^^^^^^

warning: function `microvm_tier_state_file_operator_label` is never used
   --> src/services/phase5_operator_env.rs:299:8
    |
299 | pub fn microvm_tier_state_file_operator_label() -> &'static str {
    |        ^^^^^^^^^^^^^^^^^^^^^^^^^^^^^^^^^^^^^^

warning: function `microvm_tier_state_sync_operator_label` is never used
   --> src/services/phase5_operator_env.rs:309:8
    |
309 | pub fn microvm_tier_state_sync_operator_label() -> String {
    |        ^^^^^^^^^^^^^^^^^^^^^^^^^^^^^^^^^^^^^^

warning: function `plugin_tier_cgroup_scan_label` is never used
   --> src/services/phase5_operator_env.rs:317:8
    |
317 | pub fn plugin_tier_cgroup_scan_label() -> String {
    |        ^^^^^^^^^^^^^^^^^^^^^^^^^^^^^

warning: function `plugin_tier_cgroup_idle_demote_label` is never used
   --> src/services/phase5_operator_env.rs:335:8
    |
335 | pub fn plugin_tier_cgroup_idle_demote_label() -> String {
    |        ^^^^^^^^^^^^^^^^^^^^^^^^^^^^^^^^^^^^

warning: function `plugin_subprocess_seccomp_label` is never used
   --> src/services/phase5_operator_env.rs:351:8
    |
351 | pub fn plugin_subprocess_seccomp_label() -> String {
    |        ^^^^^^^^^^^^^^^^^^^^^^^^^^^^^^^

warning: function `persist_sessions` is never used
   --> src/services/playground.rs:131:8
    |
131 | pub fn persist_sessions(store: &PlaygroundStore) {
    |        ^^^^^^^^^^^^^^^^

warning: function `lookup_session_expires_at` is never used
   --> src/services/playground.rs:956:8
    |
956 | pub fn lookup_session_expires_at(store: &PlaygroundStore, session_id: &str) -> Option<u64> {
    |        ^^^^^^^^^^^^^^^^^^^^^^^^^

warning: function `record_workflow_created` is never used
   --> src/services/playground.rs:995:8
    |
995 | pub fn record_workflow_created(store: &PlaygroundStore, session_id: &str, workflow_id: &str) {
    |        ^^^^^^^^^^^^^^^^^^^^^^^

warning: function `http_client` is never used
  --> src/services/plugin_cage_proxy.rs:18:4
   |
18 | fn http_client() -> reqwest::Client {
   |    ^^^^^^^^^^^

warning: function `bearer_for_plugin` is never used
  --> src/services/plugin_cage_proxy.rs:31:4
   |
31 | fn bearer_for_plugin(slug: &str) -> Option<String> {
   |    ^^^^^^^^^^^^^^^^^

warning: function `slug_ok` is never used
  --> src/services/plugin_cage_proxy.rs:48:4
   |
48 | fn slug_ok(slug: &str) -> bool {
   |    ^^^^^^^

warning: function `plugin_cage_forward` is never used
  --> src/services/plugin_cage_proxy.rs:57:14
   |
57 | pub async fn plugin_cage_forward(
   |              ^^^^^^^^^^^^^^^^^^^

warning: function `forward_content_headers` is never used
   --> src/services/plugin_cage_proxy.rs:225:4
    |
225 | fn forward_content_headers(
    |    ^^^^^^^^^^^^^^^^^^^^^^^

warning: function `is_hop_header` is never used
   --> src/services/plugin_cage_proxy.rs:239:4
    |
239 | fn is_hop_header(name: &str) -> bool {
    |    ^^^^^^^^^^^^^

warning: function `json_err` is never used
   --> src/services/plugin_cage_proxy.rs:253:4
    |
253 | fn json_err(status: StatusCode, code: &'static str, message: &str) -> Response {
    |    ^^^^^^^^

warning: constant `STORE_FOLDER` is never used
  --> src/services/plugin_condo.rs:15:7
   |
15 | const STORE_FOLDER: &str = "plugin_condos";
   |       ^^^^^^^^^^^^

warning: constant `MAX_PLUGINS_PER_CONDO` is never used
  --> src/services/plugin_condo.rs:17:11
   |
17 | pub const MAX_PLUGINS_PER_CONDO: usize = 50;
   |           ^^^^^^^^^^^^^^^^^^^^^

warning: struct `CondoGuestStatus` is never constructed
  --> src/services/plugin_condo.rs:38:12
   |
38 | pub struct CondoGuestStatus {
   |            ^^^^^^^^^^^^^^^^

warning: struct `CondoPlacement` is never constructed
  --> src/services/plugin_condo.rs:53:12
   |
53 | pub struct CondoPlacement {
   |            ^^^^^^^^^^^^^^

warning: struct `CondoRecord` is never constructed
  --> src/services/plugin_condo.rs:83:12
   |
83 | pub struct CondoRecord {
   |            ^^^^^^^^^^^

warning: function `require_admin_or_dev` is never used
  --> src/services/plugin_condo.rs:91:4
   |
91 | fn require_admin_or_dev(headers: &HeaderMap) -> Result<(), Value> {
   |    ^^^^^^^^^^^^^^^^^^^^

warning: function `require_auth_or_dev` is never used
   --> src/services/plugin_condo.rs:105:4
    |
105 | fn require_auth_or_dev(headers: &HeaderMap) -> Result<(), Value> {
    |    ^^^^^^^^^^^^^^^^^^^

warning: function `require_condo_guest_heartbeat_auth` is never used
   --> src/services/plugin_condo.rs:115:4
    |
115 | fn require_condo_guest_heartbeat_auth(headers: &HeaderMap) -> Result<(), Value> {
    |    ^^^^^^^^^^^^^^^^^^^^^^^^^^^^^^^^^^

warning: function `valid_plugin_id` is never used
   --> src/services/plugin_condo.rs:165:4
    |
165 | fn valid_plugin_id(plugin_id: &str) -> bool {
    |    ^^^^^^^^^^^^^^^

warning: function `load_condo` is never used
   --> src/services/plugin_condo.rs:170:4
    |
170 | fn load_condo(state: &SharedState, condo_key: &str) -> Option<CondoRecord> {
    |    ^^^^^^^^^^

warning: function `save_condo` is never used
   --> src/services/plugin_condo.rs:178:4
    |
178 | fn save_condo(state: &SharedState, rec: &CondoRecord) {
    |    ^^^^^^^^^^

warning: function `list_condo_keys` is never used
   --> src/services/plugin_condo.rs:188:4
    |
188 | fn list_condo_keys(state: &SharedState) -> Vec<String> {
    |    ^^^^^^^^^^^^^^^

warning: function `remove_plugin_from_all` is never used
   --> src/services/plugin_condo.rs:194:4
    |
194 | fn remove_plugin_from_all(state: &SharedState, plugin_id: &str) {
    |    ^^^^^^^^^^^^^^^^^^^^^^

warning: struct `CondoCreateBody` is never constructed
   --> src/services/plugin_condo.rs:209:12
    |
209 | pub struct CondoCreateBody {
    |            ^^^^^^^^^^^^^^^

warning: struct `CondoAssignBody` is never constructed
   --> src/services/plugin_condo.rs:214:12
    |
214 | pub struct CondoAssignBody {
    |            ^^^^^^^^^^^^^^^

warning: function `get_plugin_condos` is never used
   --> src/services/plugin_condo.rs:219:14
    |
219 | pub async fn get_plugin_condos(
    |              ^^^^^^^^^^^^^^^^^

warning: function `post_plugin_condo_create` is never used
   --> src/services/plugin_condo.rs:247:14
    |
247 | pub async fn post_plugin_condo_create(
    |              ^^^^^^^^^^^^^^^^^^^^^^^^

warning: function `post_plugin_condo_assign` is never used
   --> src/services/plugin_condo.rs:281:14
    |
281 | pub async fn post_plugin_condo_assign(
    |              ^^^^^^^^^^^^^^^^^^^^^^^^

warning: function `execute_runtime_action_for_condo` is never used
   --> src/services/plugin_condo.rs:445:4
    |
445 | fn execute_runtime_action_for_condo(
    |    ^^^^^^^^^^^^^^^^^^^^^^^^^^^^^^^^

warning: function `runtime_preflight_for_condo` is never used
   --> src/services/plugin_condo.rs:538:4
    |
538 | fn runtime_preflight_for_condo(
    |    ^^^^^^^^^^^^^^^^^^^^^^^^^^^

warning: struct `CondoPlacementBody` is never constructed
   --> src/services/plugin_condo.rs:613:12
    |
613 | pub struct CondoPlacementBody {
    |            ^^^^^^^^^^^^^^^^^^

warning: struct `CondoPlacementPlanBody` is never constructed
   --> src/services/plugin_condo.rs:623:12
    |
623 | pub struct CondoPlacementPlanBody {
    |            ^^^^^^^^^^^^^^^^^^^^^^

warning: struct `CondoGuestHeartbeatBody` is never constructed
   --> src/services/plugin_condo.rs:634:12
    |
634 | pub struct CondoGuestHeartbeatBody {
    |            ^^^^^^^^^^^^^^^^^^^^^^^

warning: function `condo_guest_heartbeat_ttl_ms` is never used
   --> src/services/plugin_condo.rs:646:4
    |
646 | fn condo_guest_heartbeat_ttl_ms() -> i64 {
    |    ^^^^^^^^^^^^^^^^^^^^^^^^^^^^

warning: function `post_plugin_condo_placement` is never used
   --> src/services/plugin_condo.rs:655:14
    |
655 | pub async fn post_plugin_condo_placement(
    |              ^^^^^^^^^^^^^^^^^^^^^^^^^^^

warning: function `post_plugin_condo_placement_plan` is never used
   --> src/services/plugin_condo.rs:779:14
    |
779 | pub async fn post_plugin_condo_placement_plan(
    |              ^^^^^^^^^^^^^^^^^^^^^^^^^^^^^^^^

warning: function `post_plugin_condo_guest_heartbeat` is never used
   --> src/services/plugin_condo.rs:890:14
    |
890 | pub async fn post_plugin_condo_guest_heartbeat(
    |              ^^^^^^^^^^^^^^^^^^^^^^^^^^^^^^^^^

warning: constant `SETTINGS_SCHEMA_FOLDER` is never used
  --> src/services/plugin_configure.rs:13:7
   |
13 | const SETTINGS_SCHEMA_FOLDER: &str = "plugin_settings_schema";
   |       ^^^^^^^^^^^^^^^^^^^^^^

warning: constant `SETTINGS_VALUES_FOLDER` is never used
  --> src/services/plugin_configure.rs:14:7
   |
14 | const SETTINGS_VALUES_FOLDER: &str = "plugin_settings_values";
   |       ^^^^^^^^^^^^^^^^^^^^^^

warning: function `overlay_put` is never used
  --> src/services/plugin_configure.rs:23:4
   |
23 | fn overlay_put(plugin_id: &str, values: &Map<String, Value>) {
   |    ^^^^^^^^^^^

warning: function `hydrate_overlay_from_store` is never used
  --> src/services/plugin_configure.rs:42:8
   |
42 | pub fn hydrate_overlay_from_store(state: &SharedState, plugin_id: &str) {
   |        ^^^^^^^^^^^^^^^^^^^^^^^^^^

warning: struct `PluginFieldDef` is never constructed
  --> src/services/plugin_configure.rs:51:12
   |
51 | pub struct PluginFieldDef {
   |            ^^^^^^^^^^^^^^

warning: struct `PluginSettingsSchema` is never constructed
  --> src/services/plugin_configure.rs:65:12
   |
65 | pub struct PluginSettingsSchema {
   |            ^^^^^^^^^^^^^^^^^^^^

warning: struct `UpdateSettingsRequest` is never constructed
  --> src/services/plugin_configure.rs:73:12
   |
73 | pub struct UpdateSettingsRequest {
   |            ^^^^^^^^^^^^^^^^^^^^^

warning: function `require_admin_or_dev` is never used
  --> src/services/plugin_configure.rs:77:4
   |
77 | fn require_admin_or_dev(headers: &HeaderMap) -> Result<(), serde_json::Value> {
   |    ^^^^^^^^^^^^^^^^^^^^

warning: function `default_schema_for` is never used
  --> src/services/plugin_configure.rs:91:4
   |
91 | fn default_schema_for(plugin_id: &str) -> PluginSettingsSchema {
   |    ^^^^^^^^^^^^^^^^^^

warning: function `load_schema` is never used
   --> src/services/plugin_configure.rs:165:4
    |
165 | fn load_schema(state: &SharedState, plugin_id: &str) -> PluginSettingsSchema {
    |    ^^^^^^^^^^^

warning: function `load_values` is never used
   --> src/services/plugin_configure.rs:174:4
    |
174 | fn load_values(
    |    ^^^^^^^^^^^

warning: function `field_type_matches` is never used
   --> src/services/plugin_configure.rs:196:4
    |
196 | fn field_type_matches(field_type: &str, value: &Value) -> bool {
    |    ^^^^^^^^^^^^^^^^^^

warning: function `validate_values` is never used
   --> src/services/plugin_configure.rs:206:4
    |
206 | fn validate_values(
    |    ^^^^^^^^^^^^^^^

warning: function `get_plugin_settings_schema` is never used
   --> src/services/plugin_configure.rs:227:14
    |
227 | pub async fn get_plugin_settings_schema(
    |              ^^^^^^^^^^^^^^^^^^^^^^^^^^

warning: function `get_plugin_settings_values` is never used
   --> src/services/plugin_configure.rs:242:14
    |
242 | pub async fn get_plugin_settings_values(
    |              ^^^^^^^^^^^^^^^^^^^^^^^^^^

warning: function `set_plugin_settings_values` is never used
   --> src/services/plugin_configure.rs:259:14
    |
259 | pub async fn set_plugin_settings_values(
    |              ^^^^^^^^^^^^^^^^^^^^^^^^^^

warning: struct `HubFetchSpec` is never constructed
  --> src/services/plugin_cpkg.rs:37:12
   |
37 | pub struct HubFetchSpec {
   |            ^^^^^^^^^^^^

warning: struct `CpkgInstallBody` is never constructed
  --> src/services/plugin_cpkg.rs:43:12
   |
43 | pub struct CpkgInstallBody {
   |            ^^^^^^^^^^^^^^^

warning: struct `CpkgBundleExportBody` is never constructed
  --> src/services/plugin_cpkg.rs:59:12
   |
59 | pub struct CpkgBundleExportBody {
   |            ^^^^^^^^^^^^^^^^^^^^

warning: struct `CpkgBundleImportBody` is never constructed
  --> src/services/plugin_cpkg.rs:64:12
   |
64 | pub struct CpkgBundleImportBody {
   |            ^^^^^^^^^^^^^^^^^^^^

warning: struct `CpkgRollout` is never constructed
  --> src/services/plugin_cpkg.rs:71:8
   |
71 | struct CpkgRollout {
   |        ^^^^^^^^^^^

warning: function `require_admin_or_dev` is never used
  --> src/services/plugin_cpkg.rs:77:4
   |
77 | fn require_admin_or_dev(headers: &HeaderMap) -> Result<(), serde_json::Value> {
   |    ^^^^^^^^^^^^^^^^^^^^

warning: function `parse_trust_key_rows_json` is never used
   --> src/services/plugin_cpkg.rs:104:4
    |
104 | fn parse_trust_key_rows_json(raw: &str) -> Result<Vec<CpkgTrustKeyJson>, serde_json::Value> {
    |    ^^^^^^^^^^^^^^^^^^^^^^^^^

warning: function `load_platform_trust_key_rows` is never used
   --> src/services/plugin_cpkg.rs:111:4
    |
111 | fn load_platform_trust_key_rows() -> Result<Vec<CpkgTrustKeyJson>, serde_json::Value> {
    |    ^^^^^^^^^^^^^^^^^^^^^^^^^^^^

warning: function `trust_map` is never used
   --> src/services/plugin_cpkg.rs:158:4
    |
158 | fn trust_map(
    |    ^^^^^^^^^

warning: function `plugin_install_lock` is never used
   --> src/services/plugin_cpkg.rs:165:4
    |
165 | fn plugin_install_lock(plugin_id: &str) -> Arc<Mutex<()>> {
    |    ^^^^^^^^^^^^^^^^^^^

warning: function `store_root` is never used
   --> src/services/plugin_cpkg.rs:174:4
    |
174 | fn store_root(state: &SharedState) -> PathBuf {
    |    ^^^^^^^^^^

warning: function `safe_plugin_id` is never used
   --> src/services/plugin_cpkg.rs:180:15
    |
180 | pub(crate) fn safe_plugin_id(plugin_id: &str) -> String {
    |               ^^^^^^^^^^^^^^

warning: function `cpkg_store_plugin_dir` is never used
   --> src/services/plugin_cpkg.rs:184:15
    |
184 | pub(crate) fn cpkg_store_plugin_dir(state: &SharedState, plugin_id: &str) -> PathBuf {
    |               ^^^^^^^^^^^^^^^^^^^^^

warning: function `cpkg_store_exists` is never used
   --> src/services/plugin_cpkg.rs:188:15
    |
188 | pub(crate) fn cpkg_store_exists(state: &SharedState, plugin_id: &str) -> bool {
    |               ^^^^^^^^^^^^^^^^^

warning: function `list_cpkg_store_plugin_ids` is never used
   --> src/services/plugin_cpkg.rs:192:15
    |
192 | pub(crate) fn list_cpkg_store_plugin_ids(state: &SharedState) -> Vec<String> {
    |               ^^^^^^^^^^^^^^^^^^^^^^^^^^

warning: function `purge_cpkg_store` is never used
   --> src/services/plugin_cpkg.rs:212:8
    |
212 | pub fn purge_cpkg_store(state: &SharedState, plugin_id: &str) -> Result<bool, String> {
    |        ^^^^^^^^^^^^^^^^

warning: function `bump_plugin_marketplace_install` is never used
   --> src/services/plugin_cpkg.rs:221:4
    |
221 | fn bump_plugin_marketplace_install(state: &SharedState, plugin_id: &str) {
    |    ^^^^^^^^^^^^^^^^^^^^^^^^^^^^^^^

warning: function `env_require_sig` is never used
   --> src/services/plugin_cpkg.rs:238:4
    |
238 | fn env_require_sig() -> bool {
    |    ^^^^^^^^^^^^^^^

warning: function `read_rollout` is never used
   --> src/services/plugin_cpkg.rs:354:4
    |
354 | fn read_rollout(path: &Path) -> Option<CpkgRollout> {
    |    ^^^^^^^^^^^^

warning: function `write_rollout` is never used
   --> src/services/plugin_cpkg.rs:359:4
    |
359 | fn write_rollout(path: &Path, r: &CpkgRollout) -> Result<(), String> {
    |    ^^^^^^^^^^^^^

warning: function `atomic_commit_version_dir` is never used
   --> src/services/plugin_cpkg.rs:375:4
    |
375 | fn atomic_commit_version_dir(staging: &Path, ver_dir: &Path) -> Result<(), String> {
    |    ^^^^^^^^^^^^^^^^^^^^^^^^^

warning: function `parse_pkg_spec` is never used
   --> src/services/plugin_cpkg.rs:404:4
    |
404 | fn parse_pkg_spec(spec: &str) -> Result<(&str, Option<&str>), String> {
    |    ^^^^^^^^^^^^^^

warning: function `parse_and_verify_cpkg` is never used
   --> src/services/plugin_cpkg.rs:415:4
    |
415 | fn parse_and_verify_cpkg(
    |    ^^^^^^^^^^^^^^^^^^^^^

warning: function `fetch_hub_cpkg_bytes` is never used
   --> src/services/plugin_cpkg.rs:465:10
    |
465 | async fn fetch_hub_cpkg_bytes(
    |          ^^^^^^^^^^^^^^^^^^^^

warning: function `install_source_count` is never used
   --> src/services/plugin_cpkg.rs:505:4
    |
505 | fn install_source_count(body: &CpkgInstallBody) -> usize {
    |    ^^^^^^^^^^^^^^^^^^^^

warning: function `resolve_install_bytes` is never used
   --> src/services/plugin_cpkg.rs:511:10
    |
511 | async fn resolve_install_bytes(
    |          ^^^^^^^^^^^^^^^^^^^^^

warning: function `install_cpkg_bytes` is never used
   --> src/services/plugin_cpkg.rs:588:10
    |
588 | async fn install_cpkg_bytes(
    |          ^^^^^^^^^^^^^^^^^^

warning: function `post_cpkg_preflight` is never used
   --> src/services/plugin_cpkg.rs:774:14
    |
774 | pub async fn post_cpkg_preflight(
    |              ^^^^^^^^^^^^^^^^^^^

warning: function `post_cpkg_install` is never used
   --> src/services/plugin_cpkg.rs:805:14
    |
805 | pub async fn post_cpkg_install(
    |              ^^^^^^^^^^^^^^^^^

warning: function `post_cpkg_bundle_export` is never used
   --> src/services/plugin_cpkg.rs:822:14
    |
822 | pub async fn post_cpkg_bundle_export(
    |              ^^^^^^^^^^^^^^^^^^^^^^^

warning: function `post_cpkg_bundle_import` is never used
   --> src/services/plugin_cpkg.rs:896:14
    |
896 | pub async fn post_cpkg_bundle_import(
    |              ^^^^^^^^^^^^^^^^^^^^^^^

warning: function `require_admin_or_dev` is never used
   --> src/services/plugin_crash_recovery.rs:202:4
    |
202 | fn require_admin_or_dev(headers: &HeaderMap) -> Result<(), Value> {
    |    ^^^^^^^^^^^^^^^^^^^^

warning: struct `CrashRecoveryStatusQuery` is never constructed
   --> src/services/plugin_crash_recovery.rs:217:12
    |
217 | pub struct CrashRecoveryStatusQuery {
    |            ^^^^^^^^^^^^^^^^^^^^^^^^

warning: function `get_plugin_crash_recovery_status` is never used
   --> src/services/plugin_crash_recovery.rs:221:14
    |
221 | pub async fn get_plugin_crash_recovery_status(
    |              ^^^^^^^^^^^^^^^^^^^^^^^^^^^^^^^^

warning: function `get_plugin_crash_recovery` is never used
   --> src/services/plugin_crash_recovery.rs:248:14
    |
248 | pub async fn get_plugin_crash_recovery(
    |              ^^^^^^^^^^^^^^^^^^^^^^^^^

warning: function `require_auth_or_dev` is never used
   --> src/services/plugin_crash_recovery.rs:264:4
    |
264 | fn require_auth_or_dev(headers: &HeaderMap) -> Result<(), Value> {
    |    ^^^^^^^^^^^^^^^^^^^

warning: struct `PluginIdBody` is never constructed
   --> src/services/plugin_crash_recovery.rs:275:12
    |
275 | pub struct PluginIdBody {
    |            ^^^^^^^^^^^^

warning: function `post_plugin_crash_recovery_record` is never used
   --> src/services/plugin_crash_recovery.rs:279:14
    |
279 | pub async fn post_plugin_crash_recovery_record(
    |              ^^^^^^^^^^^^^^^^^^^^^^^^^^^^^^^^^

warning: function `post_plugin_crash_recovery_clear` is never used
   --> src/services/plugin_crash_recovery.rs:305:14
    |
305 | pub async fn post_plugin_crash_recovery_clear(
    |              ^^^^^^^^^^^^^^^^^^^^^^^^^^^^^^^^

warning: function `post_plugin_crash_recovery_unquarantine` is never used
   --> src/services/plugin_crash_recovery.rs:319:14
    |
319 | pub async fn post_plugin_crash_recovery_unquarantine(
    |              ^^^^^^^^^^^^^^^^^^^^^^^^^^^^^^^^^^^^^^^

warning: function `evaluate_depends_for_install` is never used
  --> src/services/plugin_depends.rs:11:8
   |
11 | pub fn evaluate_depends_for_install(
   |        ^^^^^^^^^^^^^^^^^^^^^^^^^^^^

warning: struct `EgressQuery` is never constructed
  --> src/services/plugin_egress_allowlist.rs:18:12
   |
18 | pub struct EgressQuery {
   |            ^^^^^^^^^^^

warning: function `require_auth_or_dev` is never used
  --> src/services/plugin_egress_allowlist.rs:22:4
   |
22 | fn require_auth_or_dev(headers: &HeaderMap) -> Result<(), Value> {
   |    ^^^^^^^^^^^^^^^^^^^

warning: function `store_root` is never used
  --> src/services/plugin_egress_allowlist.rs:32:4
   |
32 | fn store_root(state: &SharedState) -> std::path::PathBuf {
   |    ^^^^^^^^^^

warning: function `read_manifest_from_dir` is never used
  --> src/services/plugin_egress_allowlist.rs:38:4
   |
38 | fn read_manifest_from_dir(files_dir: &Path) -> Option<PluginManifest> {
   |    ^^^^^^^^^^^^^^^^^^^^^^

warning: function `read_manifest_from_cpkg` is never used
  --> src/services/plugin_egress_allowlist.rs:44:4
   |
44 | fn read_manifest_from_cpkg(pkg_path: &Path) -> Option<PluginManifest> {
   |    ^^^^^^^^^^^^^^^^^^^^^^^

warning: function `outbound_caps` is never used
  --> src/services/plugin_egress_allowlist.rs:49:4
   |
49 | fn outbound_caps(manifest: &PluginManifest) -> Vec<String> {
   |    ^^^^^^^^^^^^^

warning: function `manifest_outbound_allowlist` is never used
  --> src/services/plugin_egress_allowlist.rs:63:8
   |
63 | pub fn manifest_outbound_allowlist(manifest: &PluginManifest) -> Vec<String> {
   |        ^^^^^^^^^^^^^^^^^^^^^^^^^^^

warning: function `get_plugin_egress_allowlist` is never used
  --> src/services/plugin_egress_allowlist.rs:67:14
   |
67 | pub async fn get_plugin_egress_allowlist(
   |              ^^^^^^^^^^^^^^^^^^^^^^^^^^^

warning: constant `CAP_GRANTS_FOLDER` is never used
  --> src/services/plugin_hub.rs:11:7
   |
11 | const CAP_GRANTS_FOLDER: &str = "plugin_capability_grants";
   |       ^^^^^^^^^^^^^^^^^

warning: struct `PluginCapabilityGrant` is never constructed
  --> src/services/plugin_hub.rs:14:12
   |
14 | pub struct PluginCapabilityGrant {
   |            ^^^^^^^^^^^^^^^^^^^^^

warning: struct `UpdateCapabilityGrantRequest` is never constructed
  --> src/services/plugin_hub.rs:22:12
   |
22 | pub struct UpdateCapabilityGrantRequest {
   |            ^^^^^^^^^^^^^^^^^^^^^^^^^^^^

warning: function `require_admin_or_dev` is never used
  --> src/services/plugin_hub.rs:26:4
   |
26 | fn require_admin_or_dev(headers: &HeaderMap) -> Result<(), serde_json::Value> {
   |    ^^^^^^^^^^^^^^^^^^^^

warning: function `requested_caps_for` is never used
  --> src/services/plugin_hub.rs:40:4
   |
40 | fn requested_caps_for(plugin_id: &str) -> Vec<String> {
   |    ^^^^^^^^^^^^^^^^^^

warning: function `load_grant` is never used
  --> src/services/plugin_hub.rs:64:8
   |
64 | pub fn load_grant(state: &SharedState, plugin_id: &str) -> PluginCapabilityGrant {
   |        ^^^^^^^^^^

warning: function `persist_grant` is never used
  --> src/services/plugin_hub.rs:79:4
   |
79 | fn persist_grant(state: &SharedState, row: &PluginCapabilityGrant) {
   |    ^^^^^^^^^^^^^

warning: function `plugin_install_preflight` is never used
  --> src/services/plugin_hub.rs:88:14
   |
88 | pub async fn plugin_install_preflight(
   |              ^^^^^^^^^^^^^^^^^^^^^^^^

warning: function `update_plugin_capability_grants` is never used
   --> src/services/plugin_hub.rs:107:14
    |
107 | pub async fn update_plugin_capability_grants(
    |              ^^^^^^^^^^^^^^^^^^^^^^^^^^^^^^^

warning: function `plugin_service_map` is never used
   --> src/services/plugin_hub.rs:140:14
    |
140 | pub async fn plugin_service_map(State(state): State<SharedState>) -> Json<serde_json::Value> {
    |              ^^^^^^^^^^^^^^^^^^

warning: function `plugin_header_health` is never used
   --> src/services/plugin_hub.rs:162:14
    |
162 | pub async fn plugin_header_health(State(state): State<SharedState>) -> Json<serde_json::Value> {
    |              ^^^^^^^^^^^^^^^^^^^^

warning: function `plugin_installer_plan` is never used
   --> src/services/plugin_hub.rs:189:14
    |
189 | pub async fn plugin_installer_plan(
    |              ^^^^^^^^^^^^^^^^^^^^^

warning: constant `LIFECYCLE_EVENTS_FOLDER` is never used
  --> src/services/plugin_lifecycle.rs:14:7
   |
14 | const LIFECYCLE_EVENTS_FOLDER: &str = "plugin_lifecycle_events";
   |       ^^^^^^^^^^^^^^^^^^^^^^^

warning: struct `PluginLifecycleEvent` is never constructed
  --> src/services/plugin_lifecycle.rs:28:12
   |
28 | pub struct PluginLifecycleEvent {
   |            ^^^^^^^^^^^^^^^^^^^^

warning: struct `LifecycleActionRequest` is never constructed
  --> src/services/plugin_lifecycle.rs:61:12
   |
61 | pub struct LifecycleActionRequest {
   |            ^^^^^^^^^^^^^^^^^^^^^^

warning: function `require_admin_or_dev` is never used
  --> src/services/plugin_lifecycle.rs:67:4
   |
67 | fn require_admin_or_dev(headers: &HeaderMap) -> Result<(), serde_json::Value> {
   |    ^^^^^^^^^^^^^^^^^^^^

warning: function `plugin_is_known_or_installed` is never used
  --> src/services/plugin_lifecycle.rs:92:4
   |
92 | fn plugin_is_known_or_installed(state: &SharedState, plugin_id: &str) -> bool {
   |    ^^^^^^^^^^^^^^^^^^^^^^^^^^^^

warning: function `actions_for_state` is never used
   --> src/services/plugin_lifecycle.rs:106:4
    |
106 | fn actions_for_state(row: &PluginLifecycleState) -> Vec<&'static str> {
    |    ^^^^^^^^^^^^^^^^^

warning: function `status_badge` is never used
   --> src/services/plugin_lifecycle.rs:119:4
    |
119 | fn status_badge(row: &PluginLifecycleState) -> &'static str {
    |    ^^^^^^^^^^^^

warning: function `persist_plugin_lifecycle_state` is never used
   --> src/services/plugin_lifecycle.rs:129:15
    |
129 | pub(crate) fn persist_plugin_lifecycle_state(state: &SharedState, row: &PluginLifecycleState) {
    |               ^^^^^^^^^^^^^^^^^^^^^^^^^^^^^^

warning: function `persist_lifecycle_event` is never used
   --> src/services/plugin_lifecycle.rs:138:15
    |
138 | pub(crate) fn persist_lifecycle_event(state: &SharedState, event: &PluginLifecycleEvent) {
    |               ^^^^^^^^^^^^^^^^^^^^^^^

warning: function `recent_plugin_events` is never used
   --> src/services/plugin_lifecycle.rs:148:4
    |
148 | fn recent_plugin_events(
    |    ^^^^^^^^^^^^^^^^^^^^

warning: function `apply_action` is never used
   --> src/services/plugin_lifecycle.rs:168:4
    |
168 | fn apply_action(
    |    ^^^^^^^^^^^^

warning: function `get_plugin_lifecycle` is never used
   --> src/services/plugin_lifecycle.rs:215:14
    |
215 | pub async fn get_plugin_lifecycle(
    |              ^^^^^^^^^^^^^^^^^^^^

warning: function `list_plugin_lifecycle` is never used
   --> src/services/plugin_lifecycle.rs:233:14
    |
233 | pub async fn list_plugin_lifecycle(State(state): State<SharedState>) -> Json<serde_json::Value> {
    |              ^^^^^^^^^^^^^^^^^^^^^

warning: function `get_plugin_lifecycle_history` is never used
   --> src/services/plugin_lifecycle.rs:259:14
    |
259 | pub async fn get_plugin_lifecycle_history(
    |              ^^^^^^^^^^^^^^^^^^^^^^^^^^^^

warning: function `apply_plugin_lifecycle` is never used
   --> src/services/plugin_lifecycle.rs:271:14
    |
271 | pub async fn apply_plugin_lifecycle(
    |              ^^^^^^^^^^^^^^^^^^^^^^

warning: constant `STATS_FOLDER` is never used
  --> src/services/plugin_marketplace.rs:20:7
   |
20 | const STATS_FOLDER: &str = "plugin_marketplace_stats";
   |       ^^^^^^^^^^^^

warning: struct `MarketplaceQuery` is never constructed
  --> src/services/plugin_marketplace.rs:23:12
   |
23 | pub struct MarketplaceQuery {
   |            ^^^^^^^^^^^^^^^^

warning: function `require_auth_or_dev` is never used
  --> src/services/plugin_marketplace.rs:27:4
   |
27 | fn require_auth_or_dev(headers: &HeaderMap) -> Result<(), Value> {
   |    ^^^^^^^^^^^^^^^^^^^

warning: function `local_install_count` is never used
  --> src/services/plugin_marketplace.rs:37:4
   |
37 | fn local_install_count(state: &SharedState, plugin_id: &str) -> u64 {
   |    ^^^^^^^^^^^^^^^^^^^

warning: function `store_root` is never used
  --> src/services/plugin_marketplace.rs:47:4
   |
47 | fn store_root(state: &SharedState) -> std::path::PathBuf {
   |    ^^^^^^^^^^

warning: function `read_manifest_from_dir` is never used
  --> src/services/plugin_marketplace.rs:53:4
   |
53 | fn read_manifest_from_dir(files_dir: &Path) -> Option<PluginManifest> {
   |    ^^^^^^^^^^^^^^^^^^^^^^

warning: function `read_manifest_from_cpkg` is never used
  --> src/services/plugin_marketplace.rs:59:4
   |
59 | fn read_manifest_from_cpkg(pkg_path: &Path) -> Option<PluginManifest> {
   |    ^^^^^^^^^^^^^^^^^^^^^^^

warning: function `readme_snippet` is never used
  --> src/services/plugin_marketplace.rs:64:4
   |
64 | fn readme_snippet(files_dir: &Path) -> Option<String> {
   |    ^^^^^^^^^^^^^^

warning: function `signing_fingerprint` is never used
  --> src/services/plugin_marketplace.rs:74:4
   |
74 | fn signing_fingerprint(manifest: &PluginManifest, pkg_path: Option<&Path>) -> Value {
   |    ^^^^^^^^^^^^^^^^^^^

warning: function `hub_index_rows_for_plugin` is never used
  --> src/services/plugin_marketplace.rs:96:10
   |
96 | async fn hub_index_rows_for_plugin(state: &SharedState, plugin_id: &str) -> Vec<Value> {
   |          ^^^^^^^^^^^^^^^^^^^^^^^^^

warning: function `get_plugin_marketplace` is never used
   --> src/services/plugin_marketplace.rs:143:14
    |
143 | pub async fn get_plugin_marketplace(
    |              ^^^^^^^^^^^^^^^^^^^^^^

warning: function `workflows_for_deployment` is never used
   --> src/services/plugin_matrix.rs:126:8
    |
126 | pub fn workflows_for_deployment() -> Vec<serde_json::Value> {
    |        ^^^^^^^^^^^^^^^^^^^^^^^^

warning: function `list_microvm_slots` is never used
  --> src/services/plugin_runtime_inventory.rs:20:8
   |
20 | pub fn list_microvm_slots() -> Vec<Value> {
   |        ^^^^^^^^^^^^^^^^^^

warning: function `first_party_plugin_rows` is never used
  --> src/services/plugin_runtime_inventory.rs:62:4
   |
62 | fn first_party_plugin_rows(state: &SharedState) -> Vec<Value> {
   |    ^^^^^^^^^^^^^^^^^^^^^^^

warning: function `current_isolation_attestation` is never used
  --> src/services/plugin_runtime_inventory.rs:82:8
   |
82 | pub fn current_isolation_attestation(state: &SharedState) -> Value {
   |        ^^^^^^^^^^^^^^^^^^^^^^^^^^^^^

warning: function `isolation_attestation` is never used
  --> src/services/plugin_runtime_inventory.rs:89:4
   |
89 | fn isolation_attestation(declared: IsolationRuntime, effective_backend: &str) -> Value {
   |    ^^^^^^^^^^^^^^^^^^^^^

warning: function `build_plugin_inventory` is never used
   --> src/services/plugin_runtime_inventory.rs:108:8
    |
108 | pub fn build_plugin_inventory(state: &SharedState) -> Value {
    |        ^^^^^^^^^^^^^^^^^^^^^^

warning: function `get_plugin_inventory` is never used
   --> src/services/plugin_runtime_inventory.rs:153:14
    |
153 | pub async fn get_plugin_inventory(State(state): State<SharedState>) -> Json<Value> {
    |              ^^^^^^^^^^^^^^^^^^^^

warning: function `schedule_microvm_tier_state_file_write` is never used
   --> src/services/plugin_tier_scheduler.rs:464:8
    |
464 | pub fn schedule_microvm_tier_state_file_write(scheduler: Arc<PluginTierScheduler>) {
    |        ^^^^^^^^^^^^^^^^^^^^^^^^^^^^^^^^^^^^^^

warning: function `get_plugin_tier_scheduler` is never used
   --> src/services/plugin_tier_scheduler.rs:498:14
    |
498 | pub async fn get_plugin_tier_scheduler(State(state): State<SharedState>) -> Json<Value> {
    |              ^^^^^^^^^^^^^^^^^^^^^^^^^

warning: function `require_admin_or_dev` is never used
   --> src/services/plugin_tier_scheduler.rs:537:4
    |
537 | fn require_admin_or_dev(headers: &HeaderMap) -> Result<(), Value> {
    |    ^^^^^^^^^^^^^^^^^^^^

warning: struct `PluginTierAdmitBody` is never constructed
   --> src/services/plugin_tier_scheduler.rs:552:12
    |
552 | pub struct PluginTierAdmitBody {
    |            ^^^^^^^^^^^^^^^^^^^

warning: function `post_plugin_tier_admit` is never used
   --> src/services/plugin_tier_scheduler.rs:559:14
    |
559 | pub async fn post_plugin_tier_admit(
    |              ^^^^^^^^^^^^^^^^^^^^^^

warning: struct `PluginTierTouchBody` is never constructed
   --> src/services/plugin_tier_scheduler.rs:614:12
    |
614 | pub struct PluginTierTouchBody {
    |            ^^^^^^^^^^^^^^^^^^^

warning: function `post_plugin_tier_touch` is never used
   --> src/services/plugin_tier_scheduler.rs:619:14
    |
619 | pub async fn post_plugin_tier_touch(
    |              ^^^^^^^^^^^^^^^^^^^^^^

warning: function `management_display_host` is never used
  --> src/services/plugin_upstream_probe.rs:36:8
   |
36 | pub fn management_display_host(raw: &str) -> String {
   |        ^^^^^^^^^^^^^^^^^^^^^^^

warning: function `lifecycle_actions` is never used
  --> src/services/plugins_status.rs:35:4
   |
35 | fn lifecycle_actions(installed: bool, enabled: bool) -> Vec<&'static str> {
   |    ^^^^^^^^^^^^^^^^^

warning: function `witnessctl_management_configured` is never used
  --> src/services/plugins_status.rs:48:4
   |
48 | fn witnessctl_management_configured() -> bool {
   |    ^^^^^^^^^^^^^^^^^^^^^^^^^^^^^^^^

warning: function `devguard_management_configured` is never used
  --> src/services/plugins_status.rs:52:4
   |
52 | fn devguard_management_configured() -> bool {
   |    ^^^^^^^^^^^^^^^^^^^^^^^^^^^^^^

warning: function `witnessctl_management_url_explicit` is never used
  --> src/services/plugins_status.rs:56:4
   |
56 | fn witnessctl_management_url_explicit() -> bool {
   |    ^^^^^^^^^^^^^^^^^^^^^^^^^^^^^^^^^^

warning: function `devguard_management_url_explicit` is never used
  --> src/services/plugins_status.rs:63:4
   |
63 | fn devguard_management_url_explicit() -> bool {
   |    ^^^^^^^^^^^^^^^^^^^^^^^^^^^^^^^^

warning: function `devguard_local_profile_saved` is never used
  --> src/services/plugins_status.rs:70:4
   |
70 | fn devguard_local_profile_saved(state: &SharedState) -> bool {
   |    ^^^^^^^^^^^^^^^^^^^^^^^^^^^^

warning: function `phase5_hints` is never used
  --> src/services/plugins_status.rs:78:4
   |
78 | fn phase5_hints(state: &SharedState, plugin_matrix_id: &str) -> serde_json::Value {
   |    ^^^^^^^^^^^^

warning: function `phase5_operator_summary` is never used
  --> src/services/plugins_status.rs:86:4
   |
86 | fn phase5_operator_summary(state: &SharedState) -> serde_json::Value {
   |    ^^^^^^^^^^^^^^^^^^^^^^^

warning: function `phase5_operator_with_warnings` is never used
   --> src/services/plugins_status.rs:126:4
    |
126 | fn phase5_operator_with_warnings(state: &SharedState) -> serde_json::Value {
    |    ^^^^^^^^^^^^^^^^^^^^^^^^^^^^^

warning: function `get_kernel_tier_scheduler` is never used
   --> src/services/plugins_status.rs:148:14
    |
148 | pub async fn get_kernel_tier_scheduler(
    |              ^^^^^^^^^^^^^^^^^^^^^^^^^

warning: function `get_plugins_service_map` is never used
   --> src/services/plugins_status.rs:166:14
    |
166 | pub async fn get_plugins_service_map(State(state): State<SharedState>) -> Json<serde_json::Value> {
    |              ^^^^^^^^^^^^^^^^^^^^^^^

warning: function `get_plugins_status` is never used
   --> src/services/plugins_status.rs:223:14
    |
223 | pub async fn get_plugins_status(State(state): State<SharedState>) -> Json<serde_json::Value> {
    |              ^^^^^^^^^^^^^^^^^^

warning: function `policy_history` is never used
   --> src/services/policy_config.rs:948:14
    |
948 | pub async fn policy_history(
    |              ^^^^^^^^^^^^^^

warning: function `policy_rollback` is never used
   --> src/services/policy_config.rs:996:14
    |
996 | pub async fn policy_rollback(
    |              ^^^^^^^^^^^^^^^

warning: function `node_instance_id` is never used
  --> src/services/policy_lineage.rs:14:4
   |
14 | fn node_instance_id(state: &SharedState) -> String {
   |    ^^^^^^^^^^^^^^^^

warning: function `get_policy_lineage` is never used
  --> src/services/policy_lineage.rs:29:14
   |
29 | pub async fn get_policy_lineage(State(state): State<SharedState>) -> Json<Value> {
   |              ^^^^^^^^^^^^^^^^^^

warning: function `save_guardrails` is never used
   --> src/services/settings_llms.rs:983:8
    |
983 | pub fn save_guardrails(
    |        ^^^^^^^^^^^^^^^

warning: constant `MASTER_KEY_FOLDER` is never used
 --> src/services/settings_secrets.rs:7:7
  |
7 | const MASTER_KEY_FOLDER: &str = "settings_master_key";
  |       ^^^^^^^^^^^^^^^^^

warning: struct `SelectMasterKeyRequest` is never constructed
  --> src/services/settings_secrets.rs:10:12
   |
10 | pub struct SelectMasterKeyRequest {
   |            ^^^^^^^^^^^^^^^^^^^^^^

warning: struct `SecretTestRequest` is never constructed
  --> src/services/settings_secrets.rs:15:12
   |
15 | pub struct SecretTestRequest {
   |            ^^^^^^^^^^^^^^^^^

warning: struct `IssuePluginHandleRequest` is never constructed
  --> src/services/settings_secrets.rs:21:12
   |
21 | pub struct IssuePluginHandleRequest {
   |            ^^^^^^^^^^^^^^^^^^^^^^^^

warning: function `require_admin_or_dev` is never used
  --> src/services/settings_secrets.rs:27:4
   |
27 | fn require_admin_or_dev(headers: &HeaderMap) -> Result<(), serde_json::Value> {
   |    ^^^^^^^^^^^^^^^^^^^^

warning: function `secrets_overview` is never used
  --> src/services/settings_secrets.rs:41:14
   |
41 | pub async fn secrets_overview(State(state): State<SharedState>) -> Json<serde_json::Value> {
   |              ^^^^^^^^^^^^^^^^

warning: function `master_key_options` is never used
  --> src/services/settings_secrets.rs:70:14
   |
70 | pub async fn master_key_options(State(state): State<SharedState>) -> Json<serde_json::Value> {
   |              ^^^^^^^^^^^^^^^^^^

warning: function `select_master_key` is never used
  --> src/services/settings_secrets.rs:94:14
   |
94 | pub async fn select_master_key(
   |              ^^^^^^^^^^^^^^^^^

warning: function `test_secret` is never used
   --> src/services/settings_secrets.rs:115:14
    |
115 | pub async fn test_secret(
    |              ^^^^^^^^^^^

warning: function `issue_plugin_secret_handle` is never used
   --> src/services/settings_secrets.rs:136:14
    |
136 | pub async fn issue_plugin_secret_handle(
    |              ^^^^^^^^^^^^^^^^^^^^^^^^^^

warning: constant `SYSTEM_SETTINGS_FOLDER` is never used
 --> src/services/settings_system.rs:7:7
  |
7 | const SYSTEM_SETTINGS_FOLDER: &str = "settings_system";
  |       ^^^^^^^^^^^^^^^^^^^^^^

warning: struct `SaveBlobRequest` is never constructed
  --> src/services/settings_system.rs:10:12
   |
10 | pub struct SaveBlobRequest {
   |            ^^^^^^^^^^^^^^^

warning: function `require_admin_or_dev` is never used
  --> src/services/settings_system.rs:14:4
   |
14 | fn require_admin_or_dev(headers: &HeaderMap) -> Result<(), serde_json::Value> {
   |    ^^^^^^^^^^^^^^^^^^^^

warning: function `get_value` is never used
  --> src/services/settings_system.rs:28:4
   |
28 | fn get_value(state: &SharedState, key: &str) -> Value {
   |    ^^^^^^^^^

warning: function `put_value` is never used
  --> src/services/settings_system.rs:36:4
   |
36 | fn put_value(state: &SharedState, key: &str, value: &Value) {
   |    ^^^^^^^^^

warning: function `get_networking` is never used
  --> src/services/settings_system.rs:41:14
   |
41 | pub async fn get_networking(State(state): State<SharedState>) -> Json<Value> {
   |              ^^^^^^^^^^^^^^

warning: function `set_networking` is never used
  --> src/services/settings_system.rs:56:14
   |
56 | pub async fn set_networking(
   |              ^^^^^^^^^^^^^^

warning: function `get_identity` is never used
  --> src/services/settings_system.rs:68:14
   |
68 | pub async fn get_identity(State(state): State<SharedState>) -> Json<Value> {
   |              ^^^^^^^^^^^^

warning: function `set_identity` is never used
  --> src/services/settings_system.rs:82:14
   |
82 | pub async fn set_identity(
   |              ^^^^^^^^^^^^

warning: function `get_backup` is never used
  --> src/services/settings_system.rs:94:14
   |
94 | pub async fn get_backup(State(state): State<SharedState>) -> Json<Value> {
   |              ^^^^^^^^^^

warning: function `set_backup` is never used
   --> src/services/settings_system.rs:121:14
    |
121 | pub async fn set_backup(
    |              ^^^^^^^^^^

warning: function `get_telemetry` is never used
   --> src/services/settings_system.rs:133:14
    |
133 | pub async fn get_telemetry(State(state): State<SharedState>) -> Json<Value> {
    |              ^^^^^^^^^^^^^

warning: function `set_telemetry` is never used
   --> src/services/settings_system.rs:148:14
    |
148 | pub async fn set_telemetry(
    |              ^^^^^^^^^^^^^

warning: function `get_license` is never used
   --> src/services/settings_system.rs:160:14
    |
160 | pub async fn get_license(State(state): State<SharedState>) -> Json<Value> {
    |              ^^^^^^^^^^^

warning: function `set_license` is never used
   --> src/services/settings_system.rs:176:14
    |
176 | pub async fn set_license(
    |              ^^^^^^^^^^^

warning: function `get_retention` is never used
   --> src/services/settings_system.rs:189:14
    |
189 | pub async fn get_retention(State(state): State<SharedState>) -> Json<Value> {
    |              ^^^^^^^^^^^^^

warning: function `set_retention` is never used
   --> src/services/settings_system.rs:200:14
    |
200 | pub async fn set_retention(
    |              ^^^^^^^^^^^^^

warning: function `run_retention_stub` is never used
   --> src/services/settings_system.rs:224:14
    |
224 | pub async fn run_retention_stub(
    |              ^^^^^^^^^^^^^^^^^^

warning: function `tenant_id_for_store` is never used
   --> src/services/settings_system.rs:235:4
    |
235 | fn tenant_id_for_store(tenant: &crate::middleware::TenantContext) -> Option<String> {
    |    ^^^^^^^^^^^^^^^^^^^

warning: function `get_custom_domains` is never used
   --> src/services/settings_system.rs:243:14
    |
243 | pub async fn get_custom_domains(
    |              ^^^^^^^^^^^^^^^^^^

warning: function `set_custom_domains` is never used
   --> src/services/settings_system.rs:270:14
    |
270 | pub async fn set_custom_domains(
    |              ^^^^^^^^^^^^^^^^^^

warning: constant `SETUP_FOLDER` is never used
  --> src/services/setup.rs:27:7
   |
27 | const SETUP_FOLDER: &str = "setup_state";
   |       ^^^^^^^^^^^^

warning: constant `KNOWN_WIZARDS` is never used
  --> src/services/setup.rs:33:7
   |
33 | const KNOWN_WIZARDS: &[&str] = &[
   |       ^^^^^^^^^^^^^

warning: struct `DismissRequest` is never constructed
  --> src/services/setup.rs:46:12
   |
46 | pub struct DismissRequest {
   |            ^^^^^^^^^^^^^^

warning: function `read_state_entry` is never used
  --> src/services/setup.rs:52:4
   |
52 | fn read_state_entry(state: &SharedState, wizard_id: &str) -> Value {
   |    ^^^^^^^^^^^^^^^^

warning: function `write_state_entry` is never used
  --> src/services/setup.rs:60:4
   |
60 | fn write_state_entry(state: &SharedState, wizard_id: &str, value: &Value) {
   |    ^^^^^^^^^^^^^^^^^

warning: function `get_state` is never used
  --> src/services/setup.rs:66:14
   |
66 | pub async fn get_state(State(state): State<SharedState>) -> Json<Value> {
   |              ^^^^^^^^^

warning: function `dismiss` is never used
   --> src/services/setup.rs:104:14
    |
104 | pub async fn dismiss(
    |              ^^^^^^^

warning: struct `CompleteRequest` is never constructed
   --> src/services/setup.rs:129:12
    |
129 | pub struct CompleteRequest {
    |            ^^^^^^^^^^^^^^^

warning: function `complete` is never used
   --> src/services/setup.rs:135:14
    |
135 | pub async fn complete(
    |              ^^^^^^^^

warning: function `recommendations` is never used
   --> src/services/setup.rs:169:14
    |
169 | pub async fn recommendations(State(state): State<SharedState>) -> Json<Value> {
    |              ^^^^^^^^^^^^^^^

warning: function `require_auth_or_dev` is never used
  --> src/services/supervisor_inventory.rs:11:4
   |
11 | fn require_auth_or_dev(headers: &HeaderMap) -> Result<(), Value> {
   |    ^^^^^^^^^^^^^^^^^^^

warning: function `get_supervisor_inventory` is never used
  --> src/services/supervisor_inventory.rs:21:14
   |
21 | pub async fn get_supervisor_inventory(
   |              ^^^^^^^^^^^^^^^^^^^^^^^^

warning: function `tracetramp_management_url_explicit` is never used
  --> src/services/tracetramp_proxy.rs:28:8
   |
28 | pub fn tracetramp_management_url_explicit() -> bool {
   |        ^^^^^^^^^^^^^^^^^^^^^^^^^^^^^^^^^^

warning: function `http_client` is never used
  --> src/services/tracetramp_proxy.rs:61:4
   |
61 | fn http_client() -> reqwest::Client {
   |    ^^^^^^^^^^^

warning: function `forward_admin` is never used
  --> src/services/tracetramp_proxy.rs:90:10
   |
90 | async fn forward_admin(
   |          ^^^^^^^^^^^^^

warning: function `stamp_operator_approver` is never used
   --> src/services/tracetramp_proxy.rs:206:4
    |
206 | fn stamp_operator_approver(headers: &axum::http::HeaderMap, mut body: Value) -> Value {
    |    ^^^^^^^^^^^^^^^^^^^^^^^

warning: function `json_err` is never used
   --> src/services/tracetramp_proxy.rs:227:4
    |
227 | fn json_err(status: StatusCode, body: Value) -> axum::response::Response {
    |    ^^^^^^^^

warning: function `require_live_pending_hold` is never used
   --> src/services/tracetramp_proxy.rs:231:10
    |
231 | async fn require_live_pending_hold(
    |          ^^^^^^^^^^^^^^^^^^^^^^^^^

warning: function `tracetramp_enforce_posture` is never used
   --> src/services/tracetramp_proxy.rs:280:4
    |
280 | fn tracetramp_enforce_posture() -> &'static str {
    |    ^^^^^^^^^^^^^^^^^^^^^^^^^^

warning: function `tracetramp_proxy_status` is never used
   --> src/services/tracetramp_proxy.rs:315:14
    |
315 | pub async fn tracetramp_proxy_status(State(_s): State<SharedState>) -> impl IntoResponse {
    |              ^^^^^^^^^^^^^^^^^^^^^^^

warning: function `extract_tenant` is never used
   --> src/services/tracetramp_proxy.rs:350:4
    |
350 | fn extract_tenant(headers: &axum::http::HeaderMap) -> Option<&str> {
    |    ^^^^^^^^^^^^^^

warning: function `tt_get_stats` is never used
   --> src/services/tracetramp_proxy.rs:358:14
    |
358 | pub async fn tt_get_stats(
    |              ^^^^^^^^^^^^

warning: function `tt_get_traces` is never used
   --> src/services/tracetramp_proxy.rs:378:14
    |
378 | pub async fn tt_get_traces(
    |              ^^^^^^^^^^^^^

warning: function `tt_get_approvals` is never used
   --> src/services/tracetramp_proxy.rs:399:14
    |
399 | pub async fn tt_get_approvals(
    |              ^^^^^^^^^^^^^^^^

warning: function `tt_get_policies` is never used
   --> src/services/tracetramp_proxy.rs:420:14
    |
420 | pub async fn tt_get_policies(
    |              ^^^^^^^^^^^^^^^

warning: function `tt_get_operation_blocks` is never used
   --> src/services/tracetramp_proxy.rs:441:14
    |
441 | pub async fn tt_get_operation_blocks(
    |              ^^^^^^^^^^^^^^^^^^^^^^^

warning: function `tt_get_quarantines` is never used
   --> src/services/tracetramp_proxy.rs:462:14
    |
462 | pub async fn tt_get_quarantines(
    |              ^^^^^^^^^^^^^^^^^^

warning: function `tt_get_quarantine_all` is never used
   --> src/services/tracetramp_proxy.rs:483:14
    |
483 | pub async fn tt_get_quarantine_all(
    |              ^^^^^^^^^^^^^^^^^^^^^

warning: function `tt_post_approve` is never used
   --> src/services/tracetramp_proxy.rs:503:14
    |
503 | pub async fn tt_post_approve(
    |              ^^^^^^^^^^^^^^^

warning: function `tt_post_reject` is never used
   --> src/services/tracetramp_proxy.rs:530:14
    |
530 | pub async fn tt_post_reject(
    |              ^^^^^^^^^^^^^^

warning: function `tt_post_quarantine_approval` is never used
   --> src/services/tracetramp_proxy.rs:557:14
    |
557 | pub async fn tt_post_quarantine_approval(
    |              ^^^^^^^^^^^^^^^^^^^^^^^^^^^

warning: function `tt_post_execute_approval` is never used
   --> src/services/tracetramp_proxy.rs:584:14
    |
584 | pub async fn tt_post_execute_approval(
    |              ^^^^^^^^^^^^^^^^^^^^^^^^

warning: function `tt_post_quarantine_release` is never used
   --> src/services/tracetramp_proxy.rs:607:14
    |
607 | pub async fn tt_post_quarantine_release(
    |              ^^^^^^^^^^^^^^^^^^^^^^^^^^

warning: function `tt_post_create_quarantine` is never used
   --> src/services/tracetramp_proxy.rs:628:14
    |
628 | pub async fn tt_post_create_quarantine(
    |              ^^^^^^^^^^^^^^^^^^^^^^^^^

warning: function `tt_post_operation_block` is never used
   --> src/services/tracetramp_proxy.rs:649:14
    |
649 | pub async fn tt_post_operation_block(
    |              ^^^^^^^^^^^^^^^^^^^^^^^

warning: function `tt_post_operation_block_release` is never used
   --> src/services/tracetramp_proxy.rs:670:14
    |
670 | pub async fn tt_post_operation_block_release(
    |              ^^^^^^^^^^^^^^^^^^^^^^^^^^^^^^^

warning: function `tt_post_policy` is never used
   --> src/services/tracetramp_proxy.rs:691:14
    |
691 | pub async fn tt_post_policy(
    |              ^^^^^^^^^^^^^^

warning: function `devguard_configured` is never used
 --> src/services/unified_health.rs:8:4
  |
8 | fn devguard_configured() -> bool {
  |    ^^^^^^^^^^^^^^^^^^^

warning: function `witnessctl_configured` is never used
  --> src/services/unified_health.rs:12:4
   |
12 | fn witnessctl_configured() -> bool {
   |    ^^^^^^^^^^^^^^^^^^^^^

warning: function `plugin_status` is never used
  --> src/services/unified_health.rs:16:4
   |
16 | fn plugin_status(id: &str, enabled: bool, configured: bool, upstream: Option<bool>) -> Value {
   |    ^^^^^^^^^^^^^

warning: function `rank_kernel` is never used
  --> src/services/unified_health.rs:39:4
   |
39 | fn rank_kernel(s: &str) -> u8 {
   |    ^^^^^^^^^^^

warning: function `rank_plugin` is never used
  --> src/services/unified_health.rs:49:4
   |
49 | fn rank_plugin(enabled: bool, st: &str) -> u8 {
   |    ^^^^^^^^^^^

warning: function `overall_label` is never used
  --> src/services/unified_health.rs:63:4
   |
63 | fn overall_label(kernel_status: &str, plugins: &[(bool, &str)]) -> &'static str {
   |    ^^^^^^^^^^^^^

warning: function `unified_overall_status` is never used
  --> src/services/unified_health.rs:76:14
   |
76 | pub async fn unified_overall_status(state: &SharedState) -> &'static str {
   |              ^^^^^^^^^^^^^^^^^^^^^^

warning: function `get_unified_health` is never used
   --> src/services/unified_health.rs:112:14
    |
112 | pub async fn get_unified_health(State(state): State<SharedState>) -> Json<Value> {
    |              ^^^^^^^^^^^^^^^^^^

warning: function `wc_base` is never used
  --> src/services/witnessctl_proxy.rs:21:4
   |
21 | fn wc_base() -> Option<String> {
   |    ^^^^^^^

warning: function `wc_admin_token` is never used
  --> src/services/witnessctl_proxy.rs:25:4
   |
25 | fn wc_admin_token() -> Option<String> {
   |    ^^^^^^^^^^^^^^

warning: function `witnessctl_health_proxy_configured` is never used
  --> src/services/witnessctl_proxy.rs:35:8
   |
35 | pub fn witnessctl_health_proxy_configured() -> bool {
   |        ^^^^^^^^^^^^^^^^^^^^^^^^^^^^^^^^^^

warning: function `witnessctl_api_proxy_configured` is never used
  --> src/services/witnessctl_proxy.rs:40:8
   |
40 | pub fn witnessctl_api_proxy_configured() -> bool {
   |        ^^^^^^^^^^^^^^^^^^^^^^^^^^^^^^^

warning: function `http_client` is never used
  --> src/services/witnessctl_proxy.rs:44:4
   |
44 | fn http_client() -> reqwest::Client {
   |    ^^^^^^^^^^^

warning: function `query_suffix` is never used
  --> src/services/witnessctl_proxy.rs:52:4
   |
52 | fn query_suffix(query: Option<&str>) -> String {
   |    ^^^^^^^^^^^^

warning: function `read_json_response` is never used
  --> src/services/witnessctl_proxy.rs:60:10
   |
60 | async fn read_json_response(resp: reqwest::Response) -> Result<Value, (StatusCode, Value)> {
   |          ^^^^^^^^^^^^^^^^^^

warning: function `forward_path_no_auth` is never used
  --> src/services/witnessctl_proxy.rs:85:10
   |
85 | async fn forward_path_no_auth(
   |          ^^^^^^^^^^^^^^^^^^^^

warning: function `extract_tenant_wc` is never used
   --> src/services/witnessctl_proxy.rs:112:4
    |
112 | fn extract_tenant_wc(headers: &axum::http::HeaderMap) -> Option<&str> {
    |    ^^^^^^^^^^^^^^^^^

warning: function `forward_api_v1` is never used
   --> src/services/witnessctl_proxy.rs:120:10
    |
120 | async fn forward_api_v1(
    |          ^^^^^^^^^^^^^^

warning: function `json_err` is never used
   --> src/services/witnessctl_proxy.rs:202:4
    |
202 | fn json_err(status: StatusCode, body: Value) -> axum::response::Response {
    |    ^^^^^^^^

warning: function `wc_assert_session_access` is never used
   --> src/services/witnessctl_proxy.rs:207:10
    |
207 | async fn wc_assert_session_access(
    |          ^^^^^^^^^^^^^^^^^^^^^^^^

warning: function `wc_proxy_status` is never used
   --> src/services/witnessctl_proxy.rs:244:14
    |
244 | pub async fn wc_proxy_status(State(_s): State<SharedState>) -> impl IntoResponse {
    |              ^^^^^^^^^^^^^^^

warning: function `wc_get_health` is never used
   --> src/services/witnessctl_proxy.rs:262:14
    |
262 | pub async fn wc_get_health(
    |              ^^^^^^^^^^^^^

warning: function `wc_get_sessions` is never used
   --> src/services/witnessctl_proxy.rs:272:14
    |
272 | pub async fn wc_get_sessions(
    |              ^^^^^^^^^^^^^^^

warning: function `wc_get_session` is never used
   --> src/services/witnessctl_proxy.rs:293:14
    |
293 | pub async fn wc_get_session(
    |              ^^^^^^^^^^^^^^

warning: function `wc_post_session` is never used
   --> src/services/witnessctl_proxy.rs:320:14
    |
320 | pub async fn wc_post_session(
    |              ^^^^^^^^^^^^^^^

warning: function `wc_post_session_seal` is never used
   --> src/services/witnessctl_proxy.rs:341:14
    |
341 | pub async fn wc_post_session_seal(
    |              ^^^^^^^^^^^^^^^^^^^^

warning: function `wc_post_ingest` is never used
   --> src/services/witnessctl_proxy.rs:369:14
    |
369 | pub async fn wc_post_ingest(
    |              ^^^^^^^^^^^^^^

warning: function `wc_get_compliance` is never used
   --> src/services/witnessctl_proxy.rs:390:14
    |
390 | pub async fn wc_get_compliance(
    |              ^^^^^^^^^^^^^^^^^

warning: function `wc_get_hitl` is never used
   --> src/services/witnessctl_proxy.rs:417:14
    |
417 | pub async fn wc_get_hitl(
    |              ^^^^^^^^^^^

warning: function `wc_post_hitl` is never used
   --> src/services/witnessctl_proxy.rs:445:14
    |
445 | pub async fn wc_post_hitl(
    |              ^^^^^^^^^^^^

warning: function `wc_post_hitl_resolve` is never used
   --> src/services/witnessctl_proxy.rs:474:14
    |
474 | pub async fn wc_post_hitl_resolve(
    |              ^^^^^^^^^^^^^^^^^^^^

warning: function `wc_get_custody_status` is never used
   --> src/services/witnessctl_proxy.rs:508:14
    |
508 | pub async fn wc_get_custody_status(
    |              ^^^^^^^^^^^^^^^^^^^^^

warning: function `wc_get_pentest_decisions` is never used
   --> src/services/witnessctl_proxy.rs:535:14
    |
535 | pub async fn wc_get_pentest_decisions(
    |              ^^^^^^^^^^^^^^^^^^^^^^^^

warning: function `forward_api_v1_bytes` is never used
   --> src/services/witnessctl_proxy.rs:572:10
    |
572 | async fn forward_api_v1_bytes(
    |          ^^^^^^^^^^^^^^^^^^^^

warning: function `wc_get_session_iia_join` is never used
   --> src/services/witnessctl_proxy.rs:700:14
    |
700 | pub async fn wc_get_session_iia_join(
    |              ^^^^^^^^^^^^^^^^^^^^^^^

warning: function `wc_get_session_export` is never used
   --> src/services/witnessctl_proxy.rs:732:14
    |
732 | pub async fn wc_get_session_export(
    |              ^^^^^^^^^^^^^^^^^^^^^

warning: function `wc_get_session_report` is never used
   --> src/services/witnessctl_proxy.rs:764:14
    |
764 | pub async fn wc_get_session_report(
    |              ^^^^^^^^^^^^^^^^^^^^^

warning: function `wc_get_session_report_batch` is never used
   --> src/services/witnessctl_proxy.rs:796:14
    |
796 | pub async fn wc_get_session_report_batch(
    |              ^^^^^^^^^^^^^^^^^^^^^^^^^^^

warning: constant `CLS_RUN_FOLDER` is never used
  --> src/services/workflow_cls_execution.rs:10:7
   |
10 | const CLS_RUN_FOLDER: &str = "workflow_runtime_runs";
   |       ^^^^^^^^^^^^^^

warning: function `record_cls_engine_activation` is never used
  --> src/services/workflow_cls_execution.rs:13:8
   |
13 | pub fn record_cls_engine_activation(
   |        ^^^^^^^^^^^^^^^^^^^^^^^^^^^^

warning: function `workflow_dispatch_scopes` is never used
  --> src/services/workflow_cnp.rs:22:4
   |
22 | fn workflow_dispatch_scopes(workflow_id: &str) -> Vec<String> {
   |    ^^^^^^^^^^^^^^^^^^^^^^^^

warning: function `register_workflow_on_cnp_bus` is never used
  --> src/services/workflow_cnp.rs:31:8
   |
31 | pub fn register_workflow_on_cnp_bus(
   |        ^^^^^^^^^^^^^^^^^^^^^^^^^^^^

warning: constant `IDEMPOTENCY_FOLDER` is never used
  --> src/services/workflow_bootstrap.rs:19:7
   |
19 | const IDEMPOTENCY_FOLDER: &str = "workflow_bootstrap_idempotency";
   |       ^^^^^^^^^^^^^^^^^^

warning: struct `BootstrapWorkflowRequest` is never constructed
  --> src/services/workflow_bootstrap.rs:22:12
   |
22 | pub struct BootstrapWorkflowRequest {
   |            ^^^^^^^^^^^^^^^^^^^^^^^^

warning: function `idempotency_get` is never used
  --> src/services/workflow_bootstrap.rs:48:4
   |
48 | fn idempotency_get(state: &SharedState, key: &str) -> Option<Value> {
   |    ^^^^^^^^^^^^^^^

warning: function `idempotency_put` is never used
  --> src/services/workflow_bootstrap.rs:53:4
   |
53 | fn idempotency_put(state: &SharedState, key: &str, value: &Value) {
   |    ^^^^^^^^^^^^^^^

warning: function `resolve_reference` is never used
  --> src/services/workflow_bootstrap.rs:58:10
   |
58 | async fn resolve_reference(id: &str) -> Result<(String, String, String, Vec<String>), Value> {
   |          ^^^^^^^^^^^^^^^^^

warning: function `archive_if_created` is never used
   --> src/services/workflow_bootstrap.rs:103:4
    |
103 | fn archive_if_created(state: &SharedState, created: bool, workflow_id: &str) {
    |    ^^^^^^^^^^^^^^^^^^

warning: struct `BootstrapWorkflowParams` is never constructed
   --> src/services/workflow_bootstrap.rs:114:19
    |
114 | pub(crate) struct BootstrapWorkflowParams {
    |                   ^^^^^^^^^^^^^^^^^^^^^^^

warning: function `bootstrap_workflow_inner` is never used
   --> src/services/workflow_bootstrap.rs:126:21
    |
126 | pub(crate) async fn bootstrap_workflow_inner(
    |                     ^^^^^^^^^^^^^^^^^^^^^^^^

warning: function `walk_to_enabled` is never used
   --> src/services/workflow_bootstrap.rs:226:4
    |
226 | fn walk_to_enabled(
    |    ^^^^^^^^^^^^^^^

warning: function `bootstrap_workflow` is never used
   --> src/services/workflow_bootstrap.rs:259:14
    |
259 | pub async fn bootstrap_workflow(
    |              ^^^^^^^^^^^^^^^^^^

warning: function `install` is never used
  --> src/services/workflow_reference.rs:82:14
   |
82 | pub async fn install(
   |              ^^^^^^^

warning: function `sample_run` is never used
   --> src/services/workflow_reference.rs:152:14
    |
152 | pub async fn sample_run(
    |              ^^^^^^^^^^

warning: function `active_lease_summary` is never used
  --> src/services/workflow_runner.rs:75:8
   |
75 | pub fn active_lease_summary(es: &mut dyn EngineStore, workflow_id: &str) -> Option<Value> {
   |        ^^^^^^^^^^^^^^^^^^^^

warning: function `is_executing` is never used
  --> src/services/workflow_runner.rs:94:8
   |
94 | pub fn is_executing(es: &mut dyn EngineStore, workflow_id: &str) -> bool {
   |        ^^^^^^^^^^^^

warning: function `cancel_run` is never used
   --> src/services/workflow_runner.rs:107:8
    |
107 | pub fn cancel_run(state: &SharedState, workflow_id: &str, run_id: &str) -> Result<Value, Value> {
    |        ^^^^^^^^^^

warning: function `http_list_runs` is never used
   --> src/services/workflow_runner.rs:603:14
    |
603 | pub async fn http_list_runs(
    |              ^^^^^^^^^^^^^^

warning: function `http_cancel_run` is never used
   --> src/services/workflow_runner.rs:622:14
    |
622 | pub async fn http_cancel_run(
    |              ^^^^^^^^^^^^^^^

warning: constant `DRY_RUN_AUDIT_FETCH_CAP` is never used
  --> src/services/workflow_runtime.rs:20:7
   |
20 | const DRY_RUN_AUDIT_FETCH_CAP: usize = 2000;
   |       ^^^^^^^^^^^^^^^^^^^^^^^

warning: constant `DRY_RUN_AUDIT_REPORT_CAP` is never used
  --> src/services/workflow_runtime.rs:22:7
   |
22 | const DRY_RUN_AUDIT_REPORT_CAP: usize = 500;
   |       ^^^^^^^^^^^^^^^^^^^^^^^^

warning: constant `RUNTIME_CONTRACT_CLS_CNP` is never used
  --> src/services/workflow_runtime.rs:25:11
   |
25 | pub const RUNTIME_CONTRACT_CLS_CNP: &str = "CLS engine + CNP dispatch";
   |           ^^^^^^^^^^^^^^^^^^^^^^^^

warning: constant `RUNTIME_ID_CLS_CNP_ONLY` is never used
  --> src/services/workflow_runtime.rs:26:11
   |
26 | pub const RUNTIME_ID_CLS_CNP_ONLY: &str = "cls_cnp_only";
   |           ^^^^^^^^^^^^^^^^^^^^^^^

warning: function `synthetic_audit_event_id` is never used
  --> src/services/workflow_runtime.rs:29:4
   |
29 | fn synthetic_audit_event_id(e: &EngineAuditEntry) -> String {
   |    ^^^^^^^^^^^^^^^^^^^^^^^^

warning: function `compact_audit_replay_event` is never used
  --> src/services/workflow_runtime.rs:47:4
   |
47 | fn compact_audit_replay_event(e: &EngineAuditEntry, workflow_id: &str) -> Value {
   |    ^^^^^^^^^^^^^^^^^^^^^^^^^^

warning: function `normalize_client_dry_run_event` is never used
  --> src/services/workflow_runtime.rs:77:4
   |
77 | fn normalize_client_dry_run_event(ev: &Value, idx: usize, workflow_id: &str) -> Value {
   |    ^^^^^^^^^^^^^^^^^^^^^^^^^^^^^^

warning: constant `WORKFLOW_RUN_FOLDER` is never used
   --> src/services/workflow_runtime.rs:130:18
    |
130 | pub(crate) const WORKFLOW_RUN_FOLDER: &str = "workflow_runtime_runs";
    |                  ^^^^^^^^^^^^^^^^^^^

warning: constant `WORKFLOW_DRY_RUN_INDEX` is never used
   --> src/services/workflow_runtime.rs:131:7
    |
131 | const WORKFLOW_DRY_RUN_INDEX: &str = "workflow_dry_run_index";
    |       ^^^^^^^^^^^^^^^^^^^^^^

warning: constant `DRY_RUN_INDEX_BACKFILL_SCAN_CAP` is never used
   --> src/services/workflow_runtime.rs:133:7
    |
133 | const DRY_RUN_INDEX_BACKFILL_SCAN_CAP: usize = 800;
    |       ^^^^^^^^^^^^^^^^^^^^^^^^^^^^^^^

warning: constant `LIST_WORKFLOWS_HYDRATE_MAX` is never used
   --> src/services/workflow_runtime.rs:135:7
    |
135 | const LIST_WORKFLOWS_HYDRATE_MAX: usize = 15;
    |       ^^^^^^^^^^^^^^^^^^^^^^^^^^

warning: constant `PLUGIN_WORKFLOW_FOLDER` is never used
   --> src/services/workflow_runtime.rs:136:18
    |
136 | pub(crate) const PLUGIN_WORKFLOW_FOLDER: &str = "plugin_workflow_contracts";
    |                  ^^^^^^^^^^^^^^^^^^^^^^

warning: function `backfill_workflow_dry_run_index` is never used
   --> src/services/workflow_runtime.rs:140:4
    |
140 | fn backfill_workflow_dry_run_index(es: &mut dyn EngineStore, workflow_id: &str) -> usize {
    |    ^^^^^^^^^^^^^^^^^^^^^^^^^^^^^^^

warning: function `append_workflow_dry_run_index` is never used
   --> src/services/workflow_runtime.rs:182:15
    |
182 | pub(crate) fn append_workflow_dry_run_index(
    |               ^^^^^^^^^^^^^^^^^^^^^^^^^^^^^

warning: struct `RegisterWorkflowRequest` is never constructed
   --> src/services/workflow_runtime.rs:227:12
    |
227 | pub struct RegisterWorkflowRequest {
    |            ^^^^^^^^^^^^^^^^^^^^^^^

warning: struct `TransitionWorkflowRequest` is never constructed
   --> src/services/workflow_runtime.rs:239:12
    |
239 | pub struct TransitionWorkflowRequest {
    |            ^^^^^^^^^^^^^^^^^^^^^^^^^

warning: struct `DryRunWorkflowRequest` is never constructed
   --> src/services/workflow_runtime.rs:251:12
    |
251 | pub struct DryRunWorkflowRequest {
    |            ^^^^^^^^^^^^^^^^^^^^^

warning: struct `RegisterPluginWorkflowContractRequest` is never constructed
   --> src/services/workflow_runtime.rs:257:12
    |
257 | pub struct RegisterPluginWorkflowContractRequest {
    |            ^^^^^^^^^^^^^^^^^^^^^^^^^^^^^^^^^^^^^

warning: function `hydrate_index_denied_response` is never used
   --> src/services/workflow_runtime.rs:274:4
    |
274 | fn hydrate_index_denied_response(status: StatusCode, error: &str) -> Response {
    |    ^^^^^^^^^^^^^^^^^^^^^^^^^^^^^

warning: function `parse_state` is never used
   --> src/services/workflow_runtime.rs:292:15
    |
292 | pub(crate) fn parse_state(state: &str) -> Option<WorkflowState> {
    |               ^^^^^^^^^^^

warning: function `valid_transition` is never used
   --> src/services/workflow_runtime.rs:304:15
    |
304 | pub(crate) fn valid_transition(from: WorkflowState, to: WorkflowState) -> bool {
    |               ^^^^^^^^^^^^^^^^

warning: function `workflow_list_row_json` is never used
   --> src/services/workflow_runtime.rs:410:15
    |
410 | pub(crate) fn workflow_list_row_json(es: &mut dyn EngineStore, rec: &WorkflowRecord) -> Value {
    |               ^^^^^^^^^^^^^^^^^^^^^^

warning: function `list_workflow_versions` is never used
   --> src/services/workflow_runtime.rs:596:14
    |
596 | pub async fn list_workflow_versions(
    |              ^^^^^^^^^^^^^^^^^^^^^^

warning: struct `RollbackWorkflowRequest` is never constructed
   --> src/services/workflow_runtime.rs:617:12
    |
617 | pub struct RollbackWorkflowRequest {
    |            ^^^^^^^^^^^^^^^^^^^^^^^

warning: function `rollback_workflow` is never used
   --> src/services/workflow_runtime.rs:622:14
    |
622 | pub async fn rollback_workflow(
    |              ^^^^^^^^^^^^^^^^^

warning: function `register_workflow_inner` is never used
   --> src/services/workflow_runtime.rs:660:8
    |
660 | pub fn register_workflow_inner(
    |        ^^^^^^^^^^^^^^^^^^^^^^^

warning: function `register_workflow` is never used
   --> src/services/workflow_runtime.rs:765:14
    |
765 | pub async fn register_workflow(
    |              ^^^^^^^^^^^^^^^^^

warning: function `get_workflow_detail` is never used
   --> src/services/workflow_runtime.rs:793:14
    |
793 | pub async fn get_workflow_detail(
    |              ^^^^^^^^^^^^^^^^^^^

warning: function `list_workflows` is never used
   --> src/services/workflow_runtime.rs:836:14
    |
836 | pub async fn list_workflows(
    |              ^^^^^^^^^^^^^^

warning: function `apply_workflow_transition` is never used
   --> src/services/workflow_runtime.rs:912:8
    |
912 | pub fn apply_workflow_transition(
    |        ^^^^^^^^^^^^^^^^^^^^^^^^^

warning: function `transition_workflow` is never used
    --> src/services/workflow_runtime.rs:1013:14
     |
1013 | pub async fn transition_workflow(
     |              ^^^^^^^^^^^^^^^^^^^

warning: function `dry_run_workflow` is never used
    --> src/services/workflow_runtime.rs:1031:14
     |
1031 | pub async fn dry_run_workflow(
     |              ^^^^^^^^^^^^^^^^

warning: function `get_builder_round_trip_status` is never used
    --> src/services/workflow_runtime.rs:1342:14
     |
1342 | pub async fn get_builder_round_trip_status(
     |              ^^^^^^^^^^^^^^^^^^^^^^^^^^^^^

warning: function `list_workflow_dry_runs` is never used
    --> src/services/workflow_runtime.rs:1377:14
     |
1377 | pub async fn list_workflow_dry_runs(
     |              ^^^^^^^^^^^^^^^^^^^^^^

warning: function `get_workflow_dry_run_report` is never used
    --> src/services/workflow_runtime.rs:1416:14
     |
1416 | pub async fn get_workflow_dry_run_report(
     |              ^^^^^^^^^^^^^^^^^^^^^^^^^^^

warning: function `register_plugin_workflow_contract` is never used
    --> src/services/workflow_runtime.rs:1435:14
     |
1435 | pub async fn register_plugin_workflow_contract(
     |              ^^^^^^^^^^^^^^^^^^^^^^^^^^^^^^^^^

warning: function `list_plugin_workflow_contracts` is never used
    --> src/services/workflow_runtime.rs:1459:14
     |
1459 | pub async fn list_plugin_workflow_contracts(State(state): State<SharedState>) -> Json<Value> {
     |              ^^^^^^^^^^^^^^^^^^^^^^^^^^^^^^

warning: function `plugin_workload_state` is never used
  --> src/services/workload_lifecycle.rs:15:8
   |
15 | pub fn plugin_workload_state(row: &PluginLifecycleState) -> WorkloadLifecycleState {
   |        ^^^^^^^^^^^^^^^^^^^^^

warning: function `agent_workload_state` is never used
  --> src/services/workload_lifecycle.rs:29:4
   |
29 | fn agent_workload_state(status: AgentStatus) -> WorkloadLifecycleState {
   |    ^^^^^^^^^^^^^^^^^^^^

warning: function `get_lifecycle_summary` is never used
  --> src/services/workload_lifecycle.rs:41:14
   |
41 | pub async fn get_lifecycle_summary(State(state): State<SharedState>) -> Json<Value> {
   |              ^^^^^^^^^^^^^^^^^^^^^

warning: field `judgment_profile` is never read
   --> src/services/cognitive.rs:365:9
    |
353 | pub struct CognitiveCycleRequest {
    |            --------------------- field in this struct
...
365 |     pub judgment_profile: String,
    |         ^^^^^^^^^^^^^^^^

warning: constant `CPKG_GLOO_REGISTRY_FOLDER` is never used
  --> src/services/cpkg_gloo_burnin.rs:16:18
   |
16 | pub(crate) const CPKG_GLOO_REGISTRY_FOLDER: &str = "cpkg_gloo_registry";
   |                  ^^^^^^^^^^^^^^^^^^^^^^^^^

warning: constant `WORKFLOW_SYSTEM_META_FOLDER` is never used
  --> src/services/cpkg_gloo_burnin.rs:17:18
   |
17 | pub(crate) const WORKFLOW_SYSTEM_META_FOLDER: &str = "workflow_system_meta";
   |                  ^^^^^^^^^^^^^^^^^^^^^^^^^^^

warning: struct `CpkgGlooRegistryEntry` is never constructed
  --> src/services/cpkg_gloo_burnin.rs:20:12
   |
20 | pub struct CpkgGlooRegistryEntry {
   |            ^^^^^^^^^^^^^^^^^^^^^

warning: struct `WorkflowSystemMeta` is never constructed
  --> src/services/cpkg_gloo_burnin.rs:32:12
   |
32 | pub struct WorkflowSystemMeta {
   |            ^^^^^^^^^^^^^^^^^^

warning: struct `GlooManifest` is never constructed
  --> src/services/cpkg_gloo_burnin.rs:43:8
   |
43 | struct GlooManifest {
   |        ^^^^^^^^^^^^

warning: struct `GlooWorkflowSpec` is never constructed
  --> src/services/cpkg_gloo_burnin.rs:53:8
   |
53 | struct GlooWorkflowSpec {
   |        ^^^^^^^^^^^^^^^^

warning: function `is_system_tier_plugin` is never used
  --> src/services/cpkg_gloo_burnin.rs:64:8
   |
64 | pub fn is_system_tier_plugin(state: &SharedState, plugin_id: &str) -> bool {
   |        ^^^^^^^^^^^^^^^^^^^^^

warning: function `get_cpkg_registry_entry` is never used
  --> src/services/cpkg_gloo_burnin.rs:69:8
   |
69 | pub fn get_cpkg_registry_entry(state: &SharedState, plugin_id: &str) -> Option<CpkgGlooRegistryEntry> {
   |        ^^^^^^^^^^^^^^^^^^^^^^^

warning: function `get_workflow_system_meta` is never used
  --> src/services/cpkg_gloo_burnin.rs:77:8
   |
77 | pub fn get_workflow_system_meta(state: &SharedState, workflow_id: &str) -> Option<WorkflowSystemMeta> {
   |        ^^^^^^^^^^^^^^^^^^^^^^^^

warning: function `persist_cpkg_registry_entry` is never used
  --> src/services/cpkg_gloo_burnin.rs:85:4
   |
85 | fn persist_cpkg_registry_entry(state: &SharedState, entry: &CpkgGlooRegistryEntry) {
   |    ^^^^^^^^^^^^^^^^^^^^^^^^^^^

warning: function `persist_workflow_system_meta` is never used
  --> src/services/cpkg_gloo_burnin.rs:94:4
   |
94 | fn persist_workflow_system_meta(state: &SharedState, meta: &WorkflowSystemMeta) {
   |    ^^^^^^^^^^^^^^^^^^^^^^^^^^^^

warning: function `verify_staged_gloo_package` is never used
   --> src/services/cpkg_gloo_burnin.rs:103:8
    |
103 | pub fn verify_staged_gloo_package(files_dir: &Path) -> Result<(), String> {
    |        ^^^^^^^^^^^^^^^^^^^^^^^^^^

warning: function `verify_gloo_receipts` is never used
   --> src/services/cpkg_gloo_burnin.rs:126:8
    |
126 | pub fn verify_gloo_receipts(files_dir: &Path, manifest: &GlooManifest) -> Result<String, String> {
    |        ^^^^^^^^^^^^^^^^^^^^

warning: function `burn_in_installed_cpkg` is never used
   --> src/services/cpkg_gloo_burnin.rs:145:14
    |
145 | pub async fn burn_in_installed_cpkg(
    |              ^^^^^^^^^^^^^^^^^^^^^^

warning: function `tag_workflow_operator_surface` is never used
   --> src/services/cpkg_gloo_burnin.rs:285:4
    |
285 | fn tag_workflow_operator_surface(
    |    ^^^^^^^^^^^^^^^^^^^^^^^^^^^^^

warning: struct `SealRequest` is never constructed
   --> src/services/memory2.rs:239:12
    |
239 | pub struct SealRequest {
    |            ^^^^^^^^^^^

warning: function `packet_pin` is never used
    --> src/services/memory2.rs:1618:14
     |
1618 | pub async fn packet_pin(
     |              ^^^^^^^^^^

warning: function `packet_unpin` is never used
    --> src/services/memory2.rs:1651:14
     |
1651 | pub async fn packet_unpin(
     |              ^^^^^^^^^^^^

warning: function `get_task` is never used
  --> src/services/fabric.rs:17:14
   |
17 | pub async fn get_task(
   |              ^^^^^^^^

warning: struct `ContextQuery` is never constructed
  --> src/services/fabric.rs:32:12
   |
32 | pub struct ContextQuery {
   |            ^^^^^^^^^^^^

warning: function `list_by_context` is never used
  --> src/services/fabric.rs:37:14
   |
37 | pub async fn list_by_context(
   |              ^^^^^^^^^^^^^^^

warning: struct `TransitionBody` is never constructed
  --> src/services/fabric.rs:55:12
   |
55 | pub struct TransitionBody {
   |            ^^^^^^^^^^^^^^

warning: function `transition_task` is never used
  --> src/services/fabric.rs:61:14
   |
61 | pub async fn transition_task(
   |              ^^^^^^^^^^^^^^^

warning: function `resume_task` is never used
  --> src/services/fabric.rs:91:14
   |
91 | pub async fn resume_task(
   |              ^^^^^^^^^^^

warning: function `cancel_task` is never used
   --> src/services/fabric.rs:114:14
    |
114 | pub async fn cancel_task(
    |              ^^^^^^^^^^^

warning: field `payload` is never read
   --> src/services/infra.rs:950:9
    |
942 | pub struct OrchestratorTask2 {
    |            ----------------- field in this struct
...
950 |     pub payload: serde_json::Value,
    |         ^^^^^^^

warning: field `description` is never read
    --> src/services/protocols.rs:2340:9
     |
2336 | pub struct AnpRegisterDidRequest {
     |            --------------------- field in this struct
...
2340 |     pub description: Option<String>,
     |         ^^^^^^^^^^^

warning: function `injection_score` is never used
   --> src/services/gateway.rs:921:4
    |
921 | fn injection_score(messages: &[ChatMessage]) -> f64 {
    |    ^^^^^^^^^^^^^^^

warning: function `sanitize_messages` is never used
    --> src/services/gateway.rs:1078:4
     |
1078 | fn sanitize_messages(messages: &[ChatMessage]) -> (Vec<ChatMessage>, bool) {
     |    ^^^^^^^^^^^^^^^^^

warning: fields `allowed`, `verdict`, `reason`, `dangerous`, `network_egress`, and `requires_approval` are never read
  --> src/services/gateway_hooks.rs:50:9
   |
49 | pub struct CommandGuardResult {
   |            ------------------ fields in this struct
50 |     pub allowed: bool,
   |         ^^^^^^^
51 |     pub verdict: String,
   |         ^^^^^^^
52 |     pub reason: String,
   |         ^^^^^^
53 |     pub dangerous: bool,
   |         ^^^^^^^^^
54 |     pub network_egress: bool,
   |         ^^^^^^^^^^^^^^
55 |     pub requires_approval: bool,
   |         ^^^^^^^^^^^^^^^^^
   |
   = note: `CommandGuardResult` has derived impls for the traits `Clone` and `Debug`, but these are intentionally ignored during dead code analysis

warning: fields `verdict` and `requires_approval` are never read
  --> src/services/gateway_hooks.rs:61:9
   |
59 | pub struct FileGuardResult {
   |            --------------- fields in this struct
60 |     pub allowed: bool,
61 |     pub verdict: String,
   |         ^^^^^^^
62 |     pub reason: String,
63 |     pub requires_approval: bool,
   |         ^^^^^^^^^^^^^^^^^
   |
   = note: `FileGuardResult` has derived impls for the traits `Clone` and `Debug`, but these are intentionally ignored during dead code analysis

warning: function `guard_command` is never used
  --> src/services/gateway_hooks.rs:96:8
   |
96 | pub fn guard_command(
   |        ^^^^^^^^^^^^^

warning: function `budget_warning_body` is never used
   --> src/services/billing.rs:145:8
    |
145 | pub fn budget_warning_body(used: u64, limit: u64) -> serde_json::Value {
    |        ^^^^^^^^^^^^^^^^^^^

warning: function `limit_reached_body` is never used
   --> src/services/billing.rs:164:8
    |
164 | pub fn limit_reached_body(tier: &str, used: u64, limit: u64) -> serde_json::Value {
    |        ^^^^^^^^^^^^^^^^^^

warning: function `set_budget` is never used
   --> src/services/billing.rs:990:14
    |
990 | pub async fn set_budget(
    |              ^^^^^^^^^^

warning: function `admin_list_signups` is never used
    --> src/services/billing.rs:1513:14
     |
1513 | pub async fn admin_list_signups(State(state): State<SharedState>) -> impl IntoResponse {
     |              ^^^^^^^^^^^^^^^^^^

warning: struct `ApproveSignupRequest` is never constructed
    --> src/services/billing.rs:1553:12
     |
1553 | pub struct ApproveSignupRequest {
     |            ^^^^^^^^^^^^^^^^^^^^

warning: function `default_seats` is never used
    --> src/services/billing.rs:1561:4
     |
1561 | fn default_seats() -> u32 {
     |    ^^^^^^^^^^^^^

warning: function `default_days` is never used
    --> src/services/billing.rs:1564:4
     |
1564 | fn default_days() -> u64 {
     |    ^^^^^^^^^^^^

warning: function `admin_approve_signup` is never used
    --> src/services/billing.rs:1570:14
     |
1570 | pub async fn admin_approve_signup(
     |              ^^^^^^^^^^^^^^^^^^^^

warning: struct `RejectSignupRequest` is never constructed
    --> src/services/billing.rs:1718:12
     |
1718 | pub struct RejectSignupRequest {
     |            ^^^^^^^^^^^^^^^^^^^

warning: function `admin_reject_signup` is never used
    --> src/services/billing.rs:1725:14
     |
1725 | pub async fn admin_reject_signup(
     |              ^^^^^^^^^^^^^^^^^^^

warning: function `now_ms` is never used
  --> src/services/audit_receipts.rs:20:4
   |
20 | fn now_ms() -> i64 {
   |    ^^^^^^

warning: fields `action`, `since`, and `until` are never read
   --> src/services/books.rs:267:9
    |
265 | pub struct JournalQueryParams {
    |            ------------------ fields in this struct
266 |     pub actor: Option<String>,
267 |     pub action: Option<String>,
    |         ^^^^^^
268 |     pub outcome: Option<String>,
269 |     pub since: Option<String>,
    |         ^^^^^
270 |     pub until: Option<String>,
    |         ^^^^^

warning: field `group_by` is never read
   --> src/services/books.rs:280:9
    |
278 | pub struct CostsQueryParams {
    |            ---------------- field in this struct
279 |     pub period: Option<String>,
280 |     pub group_by: Option<String>,
    |         ^^^^^^^^

warning: function `extract_system_text` is never used
   --> src/services/anthropic_gateway.rs:151:4
    |
151 | fn extract_system_text(system: &Option<serde_json::Value>) -> String {
    |    ^^^^^^^^^^^^^^^^^^^

warning: struct `ListQuery` is never constructed
  --> src/services/assets.rs:83:12
   |
83 | pub struct ListQuery {
   |            ^^^^^^^^^

warning: function `get_effect_exclusivity_status` is never used
   --> src/services/iia_runtime.rs:346:14
    |
346 | pub async fn get_effect_exclusivity_status(
    |              ^^^^^^^^^^^^^^^^^^^^^^^^^^^^^

warning: struct `EffectExclusivityProbeRequest` is never constructed
   --> src/services/iia_runtime.rs:360:12
    |
360 | pub struct EffectExclusivityProbeRequest {
    |            ^^^^^^^^^^^^^^^^^^^^^^^^^^^^^

warning: function `post_effect_exclusivity_probe` is never used
   --> src/services/iia_runtime.rs:366:14
    |
366 | pub async fn post_effect_exclusivity_probe(
    |              ^^^^^^^^^^^^^^^^^^^^^^^^^^^^^

warning: struct `ZtHandshakeEstablishRequest` is never constructed
   --> src/services/iia_runtime.rs:385:12
    |
385 | pub struct ZtHandshakeEstablishRequest {
    |            ^^^^^^^^^^^^^^^^^^^^^^^^^^^

warning: function `post_zt_handshake_establish` is never used
   --> src/services/iia_runtime.rs:394:14
    |
394 | pub async fn post_zt_handshake_establish(
    |              ^^^^^^^^^^^^^^^^^^^^^^^^^^^

warning: function `get_microvm_tools_status` is never used
   --> src/services/iia_runtime.rs:420:14
    |
420 | pub async fn get_microvm_tools_status(
    |              ^^^^^^^^^^^^^^^^^^^^^^^^

warning: struct `MicrovmToolInvokeRequest` is never constructed
   --> src/services/iia_runtime.rs:435:12
    |
435 | pub struct MicrovmToolInvokeRequest {
    |            ^^^^^^^^^^^^^^^^^^^^^^^^

warning: function `post_microvm_tools_invoke` is never used
   --> src/services/iia_runtime.rs:444:14
    |
444 | pub async fn post_microvm_tools_invoke(
    |              ^^^^^^^^^^^^^^^^^^^^^^^^^

warning: function `get_probabilistic_llm_status` is never used
   --> src/services/iia_runtime.rs:467:14
    |
467 | pub async fn get_probabilistic_llm_status(
    |              ^^^^^^^^^^^^^^^^^^^^^^^^^^^^

warning: function `get_zt_handshake_status` is never used
   --> src/services/iia_runtime.rs:480:14
    |
480 | pub async fn get_zt_handshake_status(
    |              ^^^^^^^^^^^^^^^^^^^^^^^

warning: struct `ZtHandshakeProbeRequest` is never constructed
   --> src/services/iia_runtime.rs:494:12
    |
494 | pub struct ZtHandshakeProbeRequest {
    |            ^^^^^^^^^^^^^^^^^^^^^^^

warning: function `post_zt_handshake_probe` is never used
   --> src/services/iia_runtime.rs:500:14
    |
500 | pub async fn post_zt_handshake_probe(
    |              ^^^^^^^^^^^^^^^^^^^^^^^

warning: struct `ZtHandshakeRevokeRequest` is never constructed
   --> src/services/iia_runtime.rs:516:12
    |
516 | pub struct ZtHandshakeRevokeRequest {
    |            ^^^^^^^^^^^^^^^^^^^^^^^^

warning: function `post_zt_handshake_revoke` is never used
   --> src/services/iia_runtime.rs:523:14
    |
523 | pub async fn post_zt_handshake_revoke(
    |              ^^^^^^^^^^^^^^^^^^^^^^^^

warning: function `get_docklock_status` is never used
   --> src/services/iia_runtime.rs:543:14
    |
543 | pub async fn get_docklock_status(
    |              ^^^^^^^^^^^^^^^^^^^

warning: struct `DocklockProbeRequest` is never constructed
   --> src/services/iia_runtime.rs:557:12
    |
557 | pub struct DocklockProbeRequest {
    |            ^^^^^^^^^^^^^^^^^^^^

warning: function `default_bypass_kind` is never used
   --> src/services/iia_runtime.rs:563:4
    |
563 | fn default_bypass_kind() -> String {
    |    ^^^^^^^^^^^^^^^^^^^

warning: function `post_docklock_probe` is never used
   --> src/services/iia_runtime.rs:568:14
    |
568 | pub async fn post_docklock_probe(
    |              ^^^^^^^^^^^^^^^^^^^

warning: function `contains_secrets` is never used
   --> src/services/secret_broker.rs:300:8
    |
300 | pub fn contains_secrets(content: &str) -> bool {
    |        ^^^^^^^^^^^^^^^^

warning: fields `rpc_token`, `rpc_token_id`, and `rpc_token_exp` are never read
  --> src/binary_id.rs:40:9
   |
17 | pub struct BinaryIdentity {
   |            -------------- fields in this struct
...
40 |     pub rpc_token: Option<String>,
   |         ^^^^^^^^^
...
44 |     pub rpc_token_id: Option<String>,
   |         ^^^^^^^^^^^^
...
48 |     pub rpc_token_exp: Option<i64>,
   |         ^^^^^^^^^^^^^
   |
   = note: `BinaryIdentity` has derived impls for the traits `Clone` and `Debug`, but these are intentionally ignored during dead code analysis

warning: multiple methods are never used
   --> src/binary_id.rs:138:12
    |
 61 | impl BinaryIdentity {
    | ------------------- methods in this implementation
...
138 |     pub fn is_rpc_authenticated(&self) -> bool {
    |            ^^^^^^^^^^^^^^^^^^^^
...
148 |     pub fn token_needs_renewal(&self) -> bool {
    |            ^^^^^^^^^^^^^^^^^^^
...
157 |     pub fn rpc_auth_header(&self) -> Option<String> {
    |            ^^^^^^^^^^^^^^^
...
178 |     pub fn rpc_authenticate(&mut self, data_dir: &str) -> Result<(), String> {
    |            ^^^^^^^^^^^^^^^^
...
260 |     pub fn rpc_renew_token(&mut self, data_dir: &str) -> Result<(), String> {
    |            ^^^^^^^^^^^^^^^
...
300 |     pub fn rpc_revoke_token(&self) {
    |            ^^^^^^^^^^^^^^^^
...
322 |     pub fn startup_license_check(&mut self, data_dir: &str) -> StartupLicenseResult {
    |            ^^^^^^^^^^^^^^^^^^^^^
...
366 |     pub fn within_offline_grace(&self) -> bool {
    |            ^^^^^^^^^^^^^^^^^^^^
...
377 |     pub fn record_checkin(&mut self, data_dir: &str) {
    |            ^^^^^^^^^^^^^^
...
386 |     pub fn load_checkin_ts(&mut self, data_dir: &str) {
    |            ^^^^^^^^^^^^^^^

warning: enum `StartupLicenseResult` is never used
   --> src/binary_id.rs:430:10
    |
430 | pub enum StartupLicenseResult {
    |          ^^^^^^^^^^^^^^^^^^^^

warning: methods `allows_paid_features`, `is_operational`, and `summary` are never used
   --> src/binary_id.rs:447:12
    |
445 | impl StartupLicenseResult {
    | ------------------------- methods in this implementation
446 |     /// True if the binary should allow paid-tier feature access.
447 |     pub fn allows_paid_features(&self) -> bool {
    |            ^^^^^^^^^^^^^^^^^^^^
...
455 |     pub fn is_operational(&self) -> bool {
    |            ^^^^^^^^^^^^^^
...
459 |     pub fn summary(&self) -> String {
    |            ^^^^^^^

warning: struct `HttpResponse` is never constructed
   --> src/binary_id.rs:477:8
    |
477 | struct HttpResponse {
    |        ^^^^^^^^^^^^

warning: method `body_json` is never used
   --> src/binary_id.rs:483:8
    |
482 | impl HttpResponse {
    | ----------------- method in this implementation
483 |     fn body_json(&self) -> Option<serde_json::Value> {
    |        ^^^^^^^^^

warning: function `blocking_post` is never used
   --> src/binary_id.rs:488:4
    |
488 | fn blocking_post(url: &str, body: &str) -> Result<HttpResponse, String> {
    |    ^^^^^^^^^^^^^

warning: function `blocking_post_curl` is never used
   --> src/binary_id.rs:561:4
    |
561 | fn blocking_post_curl(url: &str, body: &str) -> Result<HttpResponse, String> {
    |    ^^^^^^^^^^^^^^^^^^

warning: field `checkin_interval_secs` is never read
  --> src/phone_home.rs:17:9
   |
15 | pub struct PhoneHomeConfig {
   |            --------------- field in this struct
16 |     pub identity: BinaryIdentity,
17 |     pub checkin_interval_secs: u64,
   |         ^^^^^^^^^^^^^^^^^^^^^
   |
   = note: `PhoneHomeConfig` has derived impls for the traits `Clone` and `Debug`, but these are intentionally ignored during dead code analysis

warning: function `is_degraded` is never used
   --> src/phone_home.rs:196:8
    |
196 | pub fn is_degraded() -> bool {
    |        ^^^^^^^^^^^

warning: function `is_shutdown_requested` is never used
   --> src/phone_home.rs:201:8
    |
201 | pub fn is_shutdown_requested() -> bool {
    |        ^^^^^^^^^^^^^^^^^^^^^

warning: function `with_kernel_mut` is never used
  --> src/concurrency/kernel_handle.rs:18:14
   |
18 | pub async fn with_kernel_mut<F, R>(state: SharedState, f: F) -> Result<R, String>
   |              ^^^^^^^^^^^^^^^

warning: function `with_kernel` is never used
  --> src/concurrency/kernel_handle.rs:35:14
   |
35 | pub async fn with_kernel<F, R>(state: SharedState, f: F) -> Result<R, String>
   |              ^^^^^^^^^^^

warning: multiple variants are never constructed
   --> src/kms/mod.rs:234:5
    |
230 | pub enum KmsError {
    |          -------- variants in this enum
...
234 |     AccessDenied(String),
    |     ^^^^^^^^^^^^
...
238 |     EncryptionFailed(String),
    |     ^^^^^^^^^^^^^^^^
239 |     /// Decryption failed
240 |     DecryptionFailed(String),
    |     ^^^^^^^^^^^^^^^^
241 |     /// Signing failed
242 |     SigningFailed(String),
    |     ^^^^^^^^^^^^^
243 |     /// Verification failed
244 |     VerificationFailed(String),
    |     ^^^^^^^^^^^^^^^^^^
245 |     /// Provider error
246 |     ProviderError(String),
    |     ^^^^^^^^^^^^^
...
250 |     NetworkError(String),
    |     ^^^^^^^^^^^^
251 |     /// Rate limited
252 |     RateLimited(String),
    |     ^^^^^^^^^^^
    |
    = note: `KmsError` has derived impls for the traits `Clone` and `Debug`, but these are intentionally ignored during dead code analysis

warning: function `create_provider` is never used
   --> src/kms/mod.rs:279:8
    |
279 | pub fn create_provider(config: &KmsConfig) -> KmsResult<Arc<dyn KmsProvider>> {
    |        ^^^^^^^^^^^^^^^

warning: struct `KmsManager` is never constructed
   --> src/kms/mod.rs:305:12
    |
305 | pub struct KmsManager {
    |            ^^^^^^^^^^

warning: multiple associated items are never used
   --> src/kms/mod.rs:313:12
    |
312 | impl KmsManager {
    | --------------- associated items in this implementation
313 |     pub fn new(config: KmsConfig) -> KmsResult<Self> {
    |            ^^^
...
323 |     pub async fn encrypt_data(&self, plaintext: &[u8]) -> KmsResult<EncryptedEnvelope> {
    |                  ^^^^^^^^^^^^
...
331 |     pub async fn decrypt_data(&self, envelope: &EncryptedEnvelope) -> KmsResult<Vec<u8>> {
    |                  ^^^^^^^^^^^^
...
336 |     pub async fn sign_audit(&self, data: &[u8]) -> KmsResult<SignatureEnvelope> {
    |                  ^^^^^^^^^^
...
344 |     pub async fn verify_signature(&self, data: &[u8], signature: &SignatureEnvelope) -> KmsResult<bool> {
    |                  ^^^^^^^^^^^^^^^^
...
349 |     pub async fn get_key_metadata(&self, key_id: &str) -> KmsResult<KeyMetadata> {
    |                  ^^^^^^^^^^^^^^^^
...
354 |     pub async fn list_keys(&self) -> KmsResult<Vec<KeyMetadata>> {
    |                  ^^^^^^^^^
...
359 |     pub async fn rotate_key(&self, key_id: &str) -> KmsResult<KeyMetadata> {
    |                  ^^^^^^^^^^
...
364 |     pub async fn check_rotation_needed(&self) -> KmsResult<Vec<String>> {
    |                  ^^^^^^^^^^^^^^^^^^^^^

warning: multiple methods are never used
  --> src/kms/provider.rs:14:8
   |
12 | pub trait KmsProvider: Send + Sync {
   |           ----------- methods in this trait
13 |     /// Get provider name
14 |     fn name(&self) -> &'static str;
   |        ^^^^
...
34 |     async fn generate_data_key(&self, key_id: &str) -> KmsResult<(Vec<u8>, Vec<u8>)>;
   |              ^^^^^^^^^^^^^^^^^
...
37 |     async fn get_key_metadata(&self, key_id: &str) -> KmsResult<KeyMetadata>;
   |              ^^^^^^^^^^^^^^^^
...
40 |     async fn list_keys(&self) -> KmsResult<Vec<KeyMetadata>>;
   |              ^^^^^^^^^
...
51 |     async fn rotate_key(&self, key_id: &str) -> KmsResult<KeyMetadata>;
   |              ^^^^^^^^^^
...
54 |     async fn disable_key(&self, key_id: &str) -> KmsResult<()>;
   |              ^^^^^^^^^^^
...
57 |     async fn enable_key(&self, key_id: &str) -> KmsResult<()>;
   |              ^^^^^^^^^^
...
60 |     async fn schedule_key_deletion(&self, key_id: &str, days: u32) -> KmsResult<()>;
   |              ^^^^^^^^^^^^^^^^^^^^^
...
63 |     async fn cancel_key_deletion(&self, key_id: &str) -> KmsResult<()>;
   |              ^^^^^^^^^^^^^^^^^^^

warning: struct `AwsKmsProvider` is never constructed
  --> src/kms/aws.rs:16:12
   |
16 | pub struct AwsKmsProvider {
   |            ^^^^^^^^^^^^^^

warning: associated functions `new`, `map_algorithm`, and `map_usage` are never used
  --> src/kms/aws.rs:23:12
   |
22 | impl AwsKmsProvider {
   | ------------------- associated functions in this implementation
23 |     pub fn new(config: &KmsConfig) -> KmsResult<Self> {
   |            ^^^
...
34 |     fn map_algorithm(algorithm: KeyAlgorithm) -> &'static str {
   |        ^^^^^^^^^^^^^
...
45 |     fn map_usage(usage: KeyUsage) -> &'static str {
   |        ^^^^^^^^^

warning: struct `VaultKmsProvider` is never constructed
  --> src/kms/vault.rs:16:12
   |
16 | pub struct VaultKmsProvider {
   |            ^^^^^^^^^^^^^^^^

warning: associated items `new`, `map_algorithm`, and `vault_request` are never used
  --> src/kms/vault.rs:24:12
   |
23 | impl VaultKmsProvider {
   | --------------------- associated items in this implementation
24 |     pub fn new(config: &KmsConfig) -> KmsResult<Self> {
   |            ^^^
...
50 |     fn map_algorithm(algorithm: KeyAlgorithm) -> &'static str {
   |        ^^^^^^^^^^^^^
...
61 |     async fn vault_request(
   |              ^^^^^^^^^^^^^

warning: struct `AzureKmsProvider` is never constructed
  --> src/kms/azure.rs:16:12
   |
16 | pub struct AzureKmsProvider {
   |            ^^^^^^^^^^^^^^^^

warning: associated items `new`, `map_algorithm`, and `get_access_token` are never used
  --> src/kms/azure.rs:24:12
   |
23 | impl AzureKmsProvider {
   | --------------------- associated items in this implementation
24 |     pub fn new(config: &KmsConfig) -> KmsResult<Self> {
   |            ^^^
...
50 |     fn map_algorithm(algorithm: KeyAlgorithm) -> &'static str {
   |        ^^^^^^^^^^^^^
...
61 |     async fn get_access_token(&self) -> KmsResult<String> {
   |              ^^^^^^^^^^^^^^^^

warning: struct `GcpKmsProvider` is never constructed
  --> src/kms/gcp.rs:16:12
   |
16 | pub struct GcpKmsProvider {
   |            ^^^^^^^^^^^^^^

warning: associated items `new`, `map_algorithm`, and `key_path` are never used
  --> src/kms/gcp.rs:23:12
   |
22 | impl GcpKmsProvider {
   | ------------------- associated items in this implementation
23 |     pub fn new(config: &KmsConfig) -> KmsResult<Self> {
   |            ^^^
...
44 |     fn map_algorithm(algorithm: KeyAlgorithm) -> &'static str {
   |        ^^^^^^^^^^^^^
...
55 |     fn key_path(&self, key_id: &str) -> String {
   |        ^^^^^^^^

warning: methods `with_tip`, `with_warning`, and `with_duration` are never used
   --> src/api_v2/mod.rs:275:12
    |
254 | impl V2Meta {
    | ----------- methods in this implementation
...
275 |     pub fn with_tip(mut self, tip: impl Into<String>) -> Self {
    |            ^^^^^^^^
...
280 |     pub fn with_warning(mut self, warning: impl Into<String>) -> Self {
    |            ^^^^^^^^^^^^
...
285 |     pub fn with_duration(mut self, ms: u64) -> Self {
    |            ^^^^^^^^^^^^^

warning: field `tag` is never read
  --> src/api_v2/memory.rs:49:9
   |
46 | pub struct ListMemoryQuery {
   |            --------------- field in this struct
...
49 |     pub tag: Option<String>,
   |         ^^^
   |
   = note: `ListMemoryQuery` has a derived impl for the trait `Debug`, but this is intentionally ignored during dead code analysis

warning: field `category` is never read
  --> src/api_v2/tools.rs:31:9
   |
30 | pub struct ListToolsQuery {
   |            -------------- field in this struct
31 |     pub category: Option<String>,
   |         ^^^^^^^^
   |
   = note: `ListToolsQuery` has a derived impl for the trait `Debug`, but this is intentionally ignored during dead code analysis

warning: field `metadata` is never read
  --> src/api_v2/sessions.rs:34:9
   |
31 | pub struct CreateSessionRequest {
   |            -------------------- field in this struct
...
34 |     pub metadata: Option<serde_json::Value>,
   |         ^^^^^^^^
   |
   = note: `CreateSessionRequest` has a derived impl for the trait `Debug`, but this is intentionally ignored during dead code analysis

warning: field `status` is never read
  --> src/api_v2/sessions.rs:40:9
   |
38 | pub struct ListSessionsQuery {
   |            ----------------- field in this struct
39 |     pub agent_id: Option<String>,
40 |     pub status: Option<String>,
   |         ^^^^^^
   |
   = note: `ListSessionsQuery` has a derived impl for the trait `Debug`, but this is intentionally ignored during dead code analysis

warning: fields `from` and `to` are never read
  --> src/api_v2/audit.rs:39:9
   |
35 | pub struct ListAuditQuery {
   |            -------------- fields in this struct
...
39 |     pub from: Option<String>,
   |         ^^^^
40 |     pub to: Option<String>,
   |         ^^
   |
   = note: `ListAuditQuery` has a derived impl for the trait `Debug`, but this is intentionally ignored during dead code analysis

warning: fields `from` and `to` are never read
  --> src/api_v2/audit.rs:48:9
   |
46 | pub struct ExportAuditQuery {
   |            ---------------- fields in this struct
47 |     pub format: Option<String>,
48 |     pub from: Option<String>,
   |         ^^^^
49 |     pub to: Option<String>,
   |         ^^
   |
   = note: `ExportAuditQuery` has a derived impl for the trait `Debug`, but this is intentionally ignored during dead code analysis

warning: field `include_details` is never read
  --> src/api_v2/health.rs:58:9
   |
57 | pub struct HealthQuery {
   |            ----------- field in this struct
58 |     pub include_details: Option<bool>,
   |         ^^^^^^^^^^^^^^^
   |
   = note: `HealthQuery` has a derived impl for the trait `Debug`, but this is intentionally ignored during dead code analysis

warning: fields `environment` and `timeout_seconds` are never read
   --> src/api_v2/exec.rs:491:9
    |
488 | pub struct RunTaskRequest {
    |            -------------- fields in this struct
...
491 |     pub environment: HashMap<String, String>,
    |         ^^^^^^^^^^^
...
495 |     pub timeout_seconds: Option<u64>,
    |         ^^^^^^^^^^^^^^^
    |
    = note: `RunTaskRequest` has derived impls for the traits `Clone` and `Debug`, but these are intentionally ignored during dead code analysis

warning: field `environment` is never read
   --> src/api_v2/exec.rs:516:9
    |
513 | pub struct ScheduleRequest {
    |            --------------- field in this struct
...
516 |     pub environment: HashMap<String, String>,
    |         ^^^^^^^^^^^
    |
    = note: `ScheduleRequest` has derived impls for the traits `Clone` and `Debug`, but these are intentionally ignored during dead code analysis

warning: fields `environment` and `resources` are never read
   --> src/api_v2/deploy.rs:306:9
    |
300 | pub struct CreateDeploymentRequest {
    |            ----------------------- fields in this struct
...
306 |     pub environment: HashMap<String, String>,
    |         ^^^^^^^^^^^
307 |     #[serde(default)]
308 |     pub resources: Option<ResourceRequirements>,
    |         ^^^^^^^^^
    |
    = note: `CreateDeploymentRequest` has derived impls for the traits `Clone` and `Debug`, but these are intentionally ignored during dead code analysis

warning: fields `cpu_millicores` and `memory_mb` are never read
   --> src/api_v2/deploy.rs:317:9
    |
316 | pub struct ResourceRequirements {
    |            -------------------- fields in this struct
317 |     pub cpu_millicores: u32,
    |         ^^^^^^^^^^^^^^
318 |     pub memory_mb: u32,
    |         ^^^^^^^^^
    |
    = note: `ResourceRequirements` has derived impls for the traits `Clone` and `Debug`, but these are intentionally ignored during dead code analysis

warning: field `spec` is never read
   --> src/api_v2/deploy.rs:344:9
    |
343 | pub struct DeploymentPlanRequest {
    |            --------------------- field in this struct
344 |     pub spec: serde_json::Value,
    |         ^^^^
    |
    = note: `DeploymentPlanRequest` has derived impls for the traits `Clone` and `Debug`, but these are intentionally ignored during dead code analysis

warning: field `plan_id` is never read
   --> src/api_v2/deploy.rs:364:9
    |
363 | pub struct ApplyPlanRequest {
    |            ---------------- field in this struct
364 |     pub plan_id: String,
    |         ^^^^^^^
    |
    = note: `ApplyPlanRequest` has derived impls for the traits `Clone` and `Debug`, but these are intentionally ignored during dead code analysis

warning: field `status` is never read
   --> src/api_v2/deploy.rs:389:5
    |
387 | pub struct ListDeploymentsQuery {
    |            -------------------- field in this struct
388 |     #[serde(default)]
389 |     status: Option<String>,
    |     ^^^^^^
    |
    = note: `ListDeploymentsQuery` has derived impls for the traits `Clone` and `Debug`, but these are intentionally ignored during dead code analysis

warning: field `replicas` is never read
   --> src/api_v2/deploy.rs:415:9
    |
414 | pub struct ScaleRequest {
    |            ------------ field in this struct
415 |     pub replicas: u32,
    |         ^^^^^^^^
    |
    = note: `ScaleRequest` has derived impls for the traits `Clone` and `Debug`, but these are intentionally ignored during dead code analysis

warning: fields `lines` and `follow` are never read
   --> src/api_v2/deploy.rs:421:5
    |
419 | pub struct DeploymentLogsQuery {
    |            ------------------- fields in this struct
420 |     #[serde(default = "default_lines")]
421 |     lines: usize,
    |     ^^^^^
422 |     #[serde(default)]
423 |     follow: bool,
    |     ^^^^^^
    |
    = note: `DeploymentLogsQuery` has derived impls for the traits `Clone` and `Debug`, but these are intentionally ignored during dead code analysis

warning: fields `lines` and `level` are never read
   --> src/api_v2/system.rs:339:5
    |
337 | pub struct SystemLogsQuery {
    |            --------------- fields in this struct
338 |     #[serde(default = "default_lines")]
339 |     lines: usize,
    |     ^^^^^
340 |     #[serde(default)]
341 |     level: Option<String>,
    |     ^^^^^
    |
    = note: `SystemLogsQuery` has derived impls for the traits `Clone` and `Debug`, but these are intentionally ignored during dead code analysis

warning: field `type_` is never read
   --> src/api_v2/registry.rs:201:5
    |
199 | pub struct ListRegistryQuery {
    |            ----------------- field in this struct
200 |     #[serde(default)]
201 |     type_: Option<String>,
    |     ^^^^^
    |
    = note: `ListRegistryQuery` has derived impls for the traits `Clone` and `Debug`, but these are intentionally ignored during dead code analysis

warning: fields `image`, `tags`, and `metadata` are never read
   --> src/api_v2/registry.rs:240:9
    |
238 | pub struct PushRegistryRequest {
    |            ------------------- fields in this struct
239 |     pub name: String,
240 |     pub image: String,
    |         ^^^^^
241 |     #[serde(default)]
242 |     pub tags: Vec<String>,
    |         ^^^^
243 |     #[serde(default)]
244 |     pub metadata: serde_json::Value,
    |         ^^^^^^^^
    |
    = note: `PushRegistryRequest` has derived impls for the traits `Clone` and `Debug`, but these are intentionally ignored during dead code analysis

warning: field `limit` is never read
   --> src/api_v2/storage.rs:167:5
    |
165 | pub struct ListStorageQuery {
    |            ---------------- field in this struct
166 |     #[serde(default = "default_limit")]
167 |     limit: usize,
    |     ^^^^^
    |
    = note: `ListStorageQuery` has derived impls for the traits `Clone` and `Debug`, but these are intentionally ignored during dead code analysis

warning: struct `BucketDetails` is never constructed
   --> src/api_v2/storage.rs:189:12
    |
189 | pub struct BucketDetails {
    |            ^^^^^^^^^^^^^

warning: struct `LifecycleRule` is never constructed
   --> src/api_v2/storage.rs:201:12
    |
201 | pub struct LifecycleRule {
    |            ^^^^^^^^^^^^^

warning: field `delete` is never read
   --> src/api_v2/storage.rs:213:9
    |
209 | pub struct SyncRequest {
    |            ----------- field in this struct
...
213 |     pub delete: bool,
    |         ^^^^^^
    |
    = note: `SyncRequest` has derived impls for the traits `Clone` and `Debug`, but these are intentionally ignored during dead code analysis

warning: struct `CleanupResponse` is never constructed
   --> src/api_v2/storage.rs:227:12
    |
227 | pub struct CleanupResponse {
    |            ^^^^^^^^^^^^^^^

warning: struct `Network` is never constructed
   --> src/api_v2/network.rs:128:12
    |
128 | pub struct Network {
    |            ^^^^^^^

warning: struct `Subnet` is never constructed
   --> src/api_v2/network.rs:138:12
    |
138 | pub struct Subnet {
    |            ^^^^^^

warning: struct `ListNetworksResponse` is never constructed
   --> src/api_v2/network.rs:146:12
    |
146 | pub struct ListNetworksResponse {
    |            ^^^^^^^^^^^^^^^^^^^^

warning: struct `NetworkDetails` is never constructed
   --> src/api_v2/network.rs:152:12
    |
152 | pub struct NetworkDetails {
    |            ^^^^^^^^^^^^^^

warning: struct `RouteTable` is never constructed
   --> src/api_v2/network.rs:165:12
    |
165 | pub struct RouteTable {
    |            ^^^^^^^^^^

warning: struct `Route` is never constructed
   --> src/api_v2/network.rs:171:12
    |
171 | pub struct Route {
    |            ^^^^^

warning: struct `SecurityGroup` is never constructed
   --> src/api_v2/network.rs:178:12
    |
178 | pub struct SecurityGroup {
    |            ^^^^^^^^^^^^^

warning: struct `SecurityRule` is never constructed
   --> src/api_v2/network.rs:186:12
    |
186 | pub struct SecurityRule {
    |            ^^^^^^^^^^^^

warning: struct `PeeringConnection` is never constructed
   --> src/api_v2/network.rs:194:12
    |
194 | pub struct PeeringConnection {
    |            ^^^^^^^^^^^^^^^^^

warning: field `timeout_seconds` is never read
   --> src/api_v2/network.rs:206:9
    |
201 | pub struct NetworkTestRequest {
    |            ------------------ field in this struct
...
206 |     pub timeout_seconds: u32,
    |         ^^^^^^^^^^^^^^^
    |
    = note: `NetworkTestRequest` has derived impls for the traits `Clone` and `Debug`, but these are intentionally ignored during dead code analysis

warning: field `status` is never read
   --> src/api_v2/tls.rs:503:5
    |
501 | pub struct ListCertsQuery {
    |            -------------- field in this struct
502 |     #[serde(default)]
503 |     status: Option<String>,
    |     ^^^^^^
    |
    = note: `ListCertsQuery` has derived impls for the traits `Clone` and `Debug`, but these are intentionally ignored during dead code analysis

warning: fields `sans` and `auto_renew` are never read
   --> src/api_v2/tls.rs:528:9
    |
525 | pub struct RequestCertRequest {
    |            ------------------ fields in this struct
...
528 |     pub sans: Vec<String>,
    |         ^^^^
529 |     #[serde(default)]
530 |     pub auto_renew: bool,
    |         ^^^^^^^^^^
    |
    = note: `RequestCertRequest` has derived impls for the traits `Clone` and `Debug`, but these are intentionally ignored during dead code analysis

warning: multiple variants are never constructed
  --> src/api_v2/errors.rs:26:5
   |
22 | pub enum V2ErrorCode {
   |          ----------- variants in this enum
...
26 |     AuthMissing,
   |     ^^^^^^^^^^^
27 |     AuthInvalid,
   |     ^^^^^^^^^^^
28 |     AuthExpired,
   |     ^^^^^^^^^^^
29 |     AuthInsufficientScope,
   |     ^^^^^^^^^^^^^^^^^^^^^
...
35 |     AgentAlreadyExists,
   |     ^^^^^^^^^^^^^^^^^^
36 |     AgentNotRunning,
   |     ^^^^^^^^^^^^^^^
37 |     AgentAlreadyRunning,
   |     ^^^^^^^^^^^^^^^^^^^
38 |     AgentSuspended,
   |     ^^^^^^^^^^^^^^
39 |     AgentTerminated,
   |     ^^^^^^^^^^^^^^^
40 |     AgentNameInvalid,
   |     ^^^^^^^^^^^^^^^^
41 |     AgentNameTooLong,
   |     ^^^^^^^^^^^^^^^^
42 |     AgentLimitReached,
   |     ^^^^^^^^^^^^^^^^^
...
47 |     MemoryNotFound,
   |     ^^^^^^^^^^^^^^
48 |     MemoryAlreadyExists,
   |     ^^^^^^^^^^^^^^^^^^^
49 |     MemoryTooLarge,
   |     ^^^^^^^^^^^^^^
50 |     MemoryInvalidContent,
   |     ^^^^^^^^^^^^^^^^^^^^
51 |     MemoryQuotaExceeded,
   |     ^^^^^^^^^^^^^^^^^^^
52 |     MemoryCidInvalid,
   |     ^^^^^^^^^^^^^^^^
...
57 |     SessionNotFound,
   |     ^^^^^^^^^^^^^^^
58 |     SessionExpired,
   |     ^^^^^^^^^^^^^^
59 |     SessionClosed,
   |     ^^^^^^^^^^^^^
60 |     SessionLimitReached,
   |     ^^^^^^^^^^^^^^^^^^^
...
65 |     ToolNotFound,
   |     ^^^^^^^^^^^^
66 |     ToolInvocationFailed,
   |     ^^^^^^^^^^^^^^^^^^^^
67 |     ToolTimeout,
   |     ^^^^^^^^^^^
68 |     ToolParameterMissing,
   |     ^^^^^^^^^^^^^^^^^^^^
69 |     ToolParameterInvalid,
   |     ^^^^^^^^^^^^^^^^^^^^
...
74 |     ValidationFailed,
   |     ^^^^^^^^^^^^^^^^
75 |     ValidationFieldMissing,
76 |     ValidationFieldInvalid,
   |     ^^^^^^^^^^^^^^^^^^^^^^
77 |     ValidationBodyMissing,
   |     ^^^^^^^^^^^^^^^^^^^^^
78 |     ValidationBodyInvalid,
   |     ^^^^^^^^^^^^^^^^^^^^^
...
83 |     RateLimitExceeded,
   |     ^^^^^^^^^^^^^^^^^
84 |     QuotaExceeded,
   |     ^^^^^^^^^^^^^
...
89 |     ServerError,
   |     ^^^^^^^^^^^
90 |     ServerOverloaded,
   |     ^^^^^^^^^^^^^^^^
91 |     ServerMaintenance,
   |     ^^^^^^^^^^^^^^^^^
   |
   = note: `V2ErrorCode` has derived impls for the traits `Clone` and `Debug`, but these are intentionally ignored during dead code analysis

warning: methods `expected`, `received`, `example`, and `see_also` are never used
   --> src/api_v2/errors.rs:301:12
    |
260 | impl V2ApiError {
    | --------------- methods in this implementation
...
301 |     pub fn expected(mut self, expected: impl Into<String>) -> Self {
    |            ^^^^^^^^
...
307 |     pub fn received(mut self, received: impl Into<String>) -> Self {
    |            ^^^^^^^^
...
313 |     pub fn example(mut self, example: V2ErrorExample) -> Self {
    |            ^^^^^^^
...
319 |     pub fn see_also(mut self, links: Vec<String>) -> Self {
    |            ^^^^^^^^

warning: multiple associated functions are never used
   --> src/api_v2/errors.rs:507:12
    |
498 | impl V2ApiError {
    | --------------- associated functions in this implementation
...
507 |     pub fn memory_not_found(cid: &str) -> Self {
    |            ^^^^^^^^^^^^^^^^
...
514 |     pub fn session_not_found(session_id: &str) -> Self {
    |            ^^^^^^^^^^^^^^^^^
...
521 |     pub fn tool_not_found(tool_id: &str) -> Self {
    |            ^^^^^^^^^^^^^^
...
536 |     pub fn field_invalid(field: &str, expected: &str, received: &str) -> Self {
    |            ^^^^^^^^^^^^^
...
546 |     pub fn agent_not_running(agent_id: &str) -> Self {
    |            ^^^^^^^^^^^^^^^^^
...
553 |     pub fn rate_limited(retry_after: u64) -> Self {
    |            ^^^^^^^^^^^^
...
560 |     pub fn server_error(context: &str) -> Self {
    |            ^^^^^^^^^^^^

warning: constant `ACTION_BINDING_SCHEMA` is never used
  --> src/kernel/action_binding.rs:14:11
   |
14 | pub const ACTION_BINDING_SCHEMA: &str = "connector.action_binding.v1";
   |           ^^^^^^^^^^^^^^^^^^^^^

warning: method `with_effect_intent` is never used
  --> src/kernel/action_binding.rs:75:12
   |
40 | impl ActionBinding {
   | ------------------ method in this implementation
...
75 |     pub fn with_effect_intent(
   |            ^^^^^^^^^^^^^^^^^^

warning: method `linux_primitives` is never used
  --> src/kernel/isolation_manifest.rs:51:12
   |
40 | impl IsolationTierName {
   | ---------------------- method in this implementation
...
51 |     pub fn linux_primitives(&self) -> &'static [&'static str] {
   |            ^^^^^^^^^^^^^^^^

warning: function `docklock_instance_binding_material` is never used
   --> src/kernel/isolation_manifest.rs:373:8
    |
373 | pub fn docklock_instance_binding_material(
    |        ^^^^^^^^^^^^^^^^^^^^^^^^^^^^^^^^^^

warning: function `break_continuity_lab` is never used
   --> src/kernel/continuity.rs:170:8
    |
170 | pub fn break_continuity_lab(state: &PlatformState, api_pid: &str, reason: &str) {
    |        ^^^^^^^^^^^^^^^^^^^^

warning: function `cage_env_for_quantum` is never used
   --> src/kernel/docklock.rs:185:8
    |
185 | pub fn cage_env_for_quantum(quantum_id: &str, principal_id: &str) -> Vec<(String, String)> {
    |        ^^^^^^^^^^^^^^^^^^^^

warning: function `load_docklock_profile` is never used
   --> src/kernel/docklock.rs:672:8
    |
672 | pub fn load_docklock_profile(state: &PlatformState, api_pid: &str) -> Option<serde_json::Value> {
    |        ^^^^^^^^^^^^^^^^^^^^^

warning: function `binding_header_value` is never used
   --> src/kernel/docklock.rs:719:8
    |
719 | pub fn binding_header_value(binding: &DockLockBindingV1) -> String {
    |        ^^^^^^^^^^^^^^^^^^^^

warning: function `probe_bypass_denied` is never used
   --> src/kernel/docklock.rs:907:8
    |
907 | pub fn probe_bypass_denied(
    |        ^^^^^^^^^^^^^^^^^^^

warning: function `agents_for_witnessctl_session` is never used
   --> src/kernel/forensic_rollups.rs:286:8
    |
286 | pub fn agents_for_witnessctl_session(state: &PlatformState, session_id: &str) -> Vec<String> {
    |        ^^^^^^^^^^^^^^^^^^^^^^^^^^^^^

warning: function `witnessctl_export_join` is never used
   --> src/kernel/forensic_rollups.rs:332:8
    |
332 | pub fn witnessctl_export_join(state: &PlatformState, session_id: &str) -> serde_json::Value {
    |        ^^^^^^^^^^^^^^^^^^^^^^

warning: function `tier_for_signed` is never used
  --> src/kernel/forensics.rs:16:8
   |
16 | pub fn tier_for_signed(signed: bool) -> SigningTierV2 {
   |        ^^^^^^^^^^^^^^^

warning: function `resume_with_input` is never used
   --> src/kernel/fabric_task.rs:249:8
    |
249 | pub fn resume_with_input(
    |        ^^^^^^^^^^^^^^^^^

warning: function `list_by_context` is never used
   --> src/kernel/fabric_task.rs:286:8
    |
286 | pub fn list_by_context(state: &PlatformState, context_id: &str) -> Vec<FabricTaskV2> {
    |        ^^^^^^^^^^^^^^^

warning: constant `FABRIC_SCHEMA` is never used
  --> src/kernel/node_fabric.rs:13:11
   |
13 | pub const FABRIC_SCHEMA: &str = "connector.node.fabric.v1";
   |           ^^^^^^^^^^^^^

warning: constant `PEER_TTL_SECS` is never used
  --> src/kernel/node_fabric.rs:15:7
   |
15 | const PEER_TTL_SECS: i64 = 90;
   |       ^^^^^^^^^^^^^

warning: function `cnp_l5_static_live` is never used
  --> src/kernel/node_fabric.rs:32:8
   |
32 | pub fn cnp_l5_static_live() -> bool {
   |        ^^^^^^^^^^^^^^^^^^

warning: function `live_peer_count` is never used
  --> src/kernel/node_fabric.rs:53:8
   |
53 | pub fn live_peer_count(state: &PlatformState) -> usize {
   |        ^^^^^^^^^^^^^^^

warning: function `snapshot` is never used
  --> src/kernel/node_fabric.rs:72:8
   |
72 | pub fn snapshot(state: &PlatformState) -> Value {
   |        ^^^^^^^^

warning: function `assert_membrane_ready_for_start` is never used
   --> src/kernel/membrane_posture.rs:145:8
    |
145 | pub fn assert_membrane_ready_for_start(
    |        ^^^^^^^^^^^^^^^^^^^^^^^^^^^^^^^

warning: function `recent_json` is never used
  --> src/kernel/operating_layer.rs:97:8
   |
97 | pub fn recent_json(limit: usize) -> Value {
   |        ^^^^^^^^^^^

warning: function `wm_retrieve_prompt` is never used
   --> src/kernel/operating_layer.rs:420:8
    |
420 | pub fn wm_retrieve_prompt(
    |        ^^^^^^^^^^^^^^^^^^

warning: function `cell_operate` is never used
   --> src/kernel/operating_layer.rs:743:8
    |
743 | pub fn cell_operate(state: &PlatformState, agent_pid: &str) -> Value {
    |        ^^^^^^^^^^^^

warning: function `assert_grant_allows` is never used
   --> src/kernel/world_gateway.rs:270:8
    |
270 | pub fn assert_grant_allows(
    |        ^^^^^^^^^^^^^^^^^^^

warning: function `world_entity_from_params` is never used
   --> src/kernel/admission_layers.rs:210:8
    |
210 | pub fn world_entity_from_params(parameters: &Value) -> Option<String> {
    |        ^^^^^^^^^^^^^^^^^^^^^^^^

warning: fields `id` and `started` are never read
  --> src/kernel/aios.rs:42:9
   |
41 | pub struct Generation {
   |            ---------- fields in this struct
42 |     pub id: String,
   |         ^^
43 |     pub agent_pid: String,
44 |     pub started: Instant,
   |         ^^^^^^^
   |
   = note: `Generation` has derived impls for the traits `Debug` and `Clone`, but these are intentionally ignored during dead code analysis

warning: function `revoke` is never used
   --> src/kernel/zt_handshake.rs:397:8
    |
397 | pub fn revoke(state: &PlatformState, agent_pid: &str, bridge_id: &str, tool_name: &str) -> Result<Value, Value> {
    |        ^^^^^^

warning: function `probe_bypass` is never used
   --> src/kernel/zt_handshake.rs:425:8
    |
425 | pub fn probe_bypass(state: &PlatformState, agent_pid: &str, kind: &str) -> Result<Value, Value> {
    |        ^^^^^^^^^^^^

warning: function `member_exists` is never used
  --> src/kernel/council.rs:98:4
   |
98 | fn member_exists(state: &PlatformState, pid: &str) -> bool {
   |    ^^^^^^^^^^^^^

warning: function `mint` is never used
   --> src/kernel/council.rs:242:8
    |
242 | pub fn mint(
    |        ^^^^

warning: function `add_member` is never used
   --> src/kernel/council.rs:320:8
    |
320 | pub fn add_member(state: &PlatformState, council_id: &str, pid: &str) -> Result<CouncilV1, String> {
    |        ^^^^^^^^^^

warning: function `close` is never used
   --> src/kernel/council.rs:355:8
    |
355 | pub fn close(state: &PlatformState, council_id: &str) -> Result<CouncilV1, String> {
    |        ^^^^^

warning: function `snapshot` is never used
   --> src/kernel/council.rs:744:8
    |
744 | pub fn snapshot(state: &PlatformState, council_id: &str) -> Result<Value, String> {
    |        ^^^^^^^^

warning: function `react_on_continuity_break_platform` is never used
   --> src/kernel/matrix_isolation.rs:112:8
    |
112 | pub fn react_on_continuity_break_platform(state: &PlatformState, api_pid: &str, reason: &str) {
    |        ^^^^^^^^^^^^^^^^^^^^^^^^^^^^^^^^^^

warning: function `cognize_untrusted_injection` is never used
   --> src/intelligence_admission/mod.rs:157:8
    |
157 | pub fn cognize_untrusted_injection(
    |        ^^^^^^^^^^^^^^^^^^^^^^^^^^^

warning: fields `send_queue` and `pending_acks` are never read
   --> src/distributed/transport.rs:211:5
    |
203 | pub struct CellTransport {
    |            ------------- fields in this struct
...
211 |     send_queue: VecDeque<CellMessage>,
    |     ^^^^^^^^^^
...
215 |     pending_acks: HashMap<String, (Instant, u32)>,
    |     ^^^^^^^^^^^^

warning: fields `protocol_period`, `probe_timeout`, and `gossip_fanout` are never read
   --> src/distributed/failure_detector.rs:148:5
    |
142 | pub struct SwimFailureDetector {
    |            ------------------- fields in this struct
...
148 |     protocol_period: Duration,
    |     ^^^^^^^^^^^^^^^
149 |     /// Probe timeout
150 |     probe_timeout: Duration,
    |     ^^^^^^^^^^^^^
...
156 |     gossip_fanout: u32,
    |     ^^^^^^^^^^^^^

warning: field `check_interval` is never read
  --> src/distributed/traffic_manager.rs:81:5
   |
71 | pub struct TrafficCache {
   |            ------------ field in this struct
...
81 |     check_interval: Duration,
   |     ^^^^^^^^^^^^^^

warning: field `load_balancer` is never read
   --> src/distributed/traffic_manager.rs:343:5
    |
333 | pub struct TrafficManager {
    |            -------------- field in this struct
...
343 |     load_balancer: LoadBalancer,
    |     ^^^^^^^^^^^^^

warning: field `provider` is never read
   --> src/distributed/cloud_manager.rs:129:5
    |
123 | pub struct DnsManager {
    |            ---------- field in this struct
...
129 |     provider: DnsProvider,
    |     ^^^^^^^^

warning: field `providers` is never read
   --> src/distributed/cloud_manager.rs:549:5
    |
539 | pub struct CloudManager {
    |            ------------ field in this struct
...
549 |     providers: HashMap<CloudProvider, ProviderConfig>,
    |     ^^^^^^^^^

warning: field `layers` is never read
  --> src/distributed/cnp_stack.rs:38:5
   |
37 | pub struct CnpStack {
   |            -------- field in this struct
38 |     layers: HashMap<u8, Layer>,
   |     ^^^^^^

warning: fields `m_max` and `level_prob` are never read
   --> src/knowledge/index.rs:107:5
    |
 98 | pub struct HnswIndex {
    |            --------- fields in this struct
...
107 |     m_max: usize,          // Max connections on level 0
    |     ^^^^^
...
111 |     level_prob: f64,
    |     ^^^^^^^^^^

warning: method `random_level` is never used
   --> src/knowledge/index.rs:221:8
    |
114 | impl HnswIndex {
    | -------------- method in this implementation
...
221 |     fn random_level(&self) -> u8 {
    |        ^^^^^^^^^^^^

warning: field `query` is never read
  --> src/knowledge/pagination.rs:83:5
   |
79 | struct CachedResultSet {
   |        --------------- field in this struct
...
83 |     query: String,
   |     ^^^^^
   |
   = note: `CachedResultSet` has derived impls for the traits `Clone` and `Debug`, but these are intentionally ignored during dead code analysis

warning: field `index` is never read
   --> src/knowledge/pagination.rs:165:5
    |
164 | pub struct StreamingIterator {
    |            ----------------- field in this struct
165 |     index: Arc<KnowledgeIndex>,
    |     ^^^^^

warning: field `cursor_encoding` is never read
   --> src/knowledge/pagination.rs:229:5
    |
226 | pub struct Paginator {
    |            --------- field in this struct
...
229 |     cursor_encoding: String,
    |     ^^^^^^^^^^^^^^^

warning: field `similarity_threshold` is never read
   --> src/knowledge/maintenance.rs:138:5
    |
134 | pub struct Compactor {
    |            --------- field in this struct
...
138 |     similarity_threshold: f32,
    |     ^^^^^^^^^^^^^^^^^^^^

warning: field `compression_level` is never read
   --> src/knowledge/maintenance.rs:267:5
    |
265 | pub struct Archiver {
    |            -------- field in this struct
266 |     archive_path: String,
267 |     compression_level: u32,
    |     ^^^^^^^^^^^^^^^^^

warning: fields `index` and `orphan_detector` are never read
   --> src/knowledge/maintenance.rs:318:5
    |
317 | pub struct MaintenanceManager {
    |            ------------------ fields in this struct
318 |     index: Arc<KnowledgeIndex>,
    |     ^^^^^
319 |     jobs: Arc<RwLock<VecDeque<MaintenanceJob>>>,
320 |     orphan_detector: OrphanDetector,
    |     ^^^^^^^^^^^^^^^

warning: field `symbol_table` is never read
   --> src/knot/capabilities.rs:101:5
    |
100 | pub struct InstructionCompiler {
    |            ------------------- field in this struct
101 |     symbol_table: HashMap<String, Symbol>,
    |     ^^^^^^^^^^^^

warning: field `region` is never read
  --> src/storage/adapter.rs:75:5
   |
72 | pub struct S3Adapter {
   |            --------- field in this struct
...
75 |     region: String,
   |     ^^^^^^

warning: field `brokers` is never read
   --> src/storage/adapter.rs:196:5
    |
194 | pub struct KafkaAdapter {
    |            ------------ field in this struct
195 |     backend: Arc<Mutex<dyn MessageQueue>>,
196 |     brokers: Vec<String>,
    |     ^^^^^^^

warning: field `master_key_id` is never read
  --> src/data/sensitive_store.rs:94:5
   |
88 | pub struct SensitiveStore {
   |            -------------- field in this struct
...
94 |     master_key_id: String,
   |     ^^^^^^^^^^^^^

warning: field `log_urls` is never read
  --> src/proof/anchoring.rs:67:5
   |
66 | pub struct CtAnchor {
   |            -------- field in this struct
67 |     log_urls: Vec<String>,
   |     ^^^^^^^^

warning: fields `bitcoin_rpc` and `ethereum_rpc` are never read
   --> src/proof/anchoring.rs:139:5
    |
138 | pub struct BlockchainAnchor {
    |            ---------------- fields in this struct
139 |     bitcoin_rpc: Option<String>,
    |     ^^^^^^^^^^^
140 |     ethereum_rpc: Option<String>,
    |     ^^^^^^^^^^^^

warning: field `blockchain` is never read
   --> src/proof/anchoring.rs:368:5
    |
366 | pub struct AnchorManager {
    |            ------------- field in this struct
367 |     ct: CtAnchor,
368 |     blockchain: BlockchainAnchor,
    |     ^^^^^^^^^^

warning: fields `warnings` and `type_stack` are never read
   --> src/cls/compiler.rs:274:5
    |
272 | pub struct SemanticAnalyzer {
    |            ---------------- fields in this struct
273 |     errors: Vec<SemanticError>,
274 |     warnings: Vec<String>,
    |     ^^^^^^^^
275 |     symbol_table: HashMap<String, SymbolInfo>,
276 |     type_stack: Vec<Type>,
    |     ^^^^^^^^^^

warning: field `local_count` is never read
   --> src/cls/compiler.rs:457:5
    |
453 | pub struct CodeGenerator {
    |            ------------- field in this struct
...
457 |     local_count: u32,
    |     ^^^^^^^^^^^

warning: field `resource_counter` is never read
   --> src/cls/engine.rs:174:5
    |
170 | pub struct ClsEngine {
    |            --------- field in this struct
...
174 |     resource_counter: Arc<Mutex<u64>>,
    |     ^^^^^^^^^^^^^^^^

warning: field `0` is never read
   --> src/agents/index_integration.rs:101:11
    |
101 |     Added(String),
    |     ----- ^^^^^^
    |     |
    |     field in this variant
    |
    = note: `IndexChange` has derived impls for the traits `Clone` and `Debug`, but these are intentionally ignored during dead code analysis
help: consider changing the field to be of unit type to suppress this warning while preserving the field numbering, or remove the field
    |
101 -     Added(String),
101 +     Added(()),
    |

warning: field `0` is never read
   --> src/agents/index_integration.rs:102:13
    |
102 |     Updated(String),
    |     ------- ^^^^^^
    |     |
    |     field in this variant
    |
    = note: `IndexChange` has derived impls for the traits `Clone` and `Debug`, but these are intentionally ignored during dead code analysis
help: consider changing the field to be of unit type to suppress this warning while preserving the field numbering, or remove the field
    |
102 -     Updated(String),
102 +     Updated(()),
    |

warning: field `0` is never read
   --> src/agents/index_integration.rs:103:13
    |
103 |     Removed(String),
    |     ------- ^^^^^^
    |     |
    |     field in this variant
    |
    = note: `IndexChange` has derived impls for the traits `Clone` and `Debug`, but these are intentionally ignored during dead code analysis
help: consider changing the field to be of unit type to suppress this warning while preserving the field numbering, or remove the field
    |
103 -     Removed(String),
103 +     Removed(()),
    |

warning: fields `round_robin_cursor` and `agent_scores` are never read
  --> src/agents/allocator.rs:63:5
   |
61 | pub struct LoadBalancer {
   |            ------------ fields in this struct
62 |     /// Recent selections for round-robin
63 |     round_robin_cursor: Arc<RwLock<usize>>,
   |     ^^^^^^^^^^^^^^^^^^
64 |     /// Agent scores (higher = better)
65 |     agent_scores: Arc<RwLock<HashMap<String, f32>>>,
   |     ^^^^^^^^^^^^

warning: field `last_scale` is never read
  --> src/agents/autoscaler.rs:26:5
   |
22 | pub struct AutoScaler {
   |            ---------- field in this struct
...
26 |     last_scale: Arc<RwLock<HashMap<String, i64>>>,
   |     ^^^^^^^^^^

warning: field `config` is never read
   --> src/cnp/stack.rs:558:5
    |
546 | pub struct CnpStack {
    |            -------- field in this struct
...
558 |     config: CnpConfig,
    |     ^^^^^^

warning: unused `Result` that must be used
   --> src/substrate/aapi_effect_field.rs:241:5
    |
241 |     crate::substrate::dim::persist::save(state, &z);
    |     ^^^^^^^^^^^^^^^^^^^^^^^^^^^^^^^^^^^^^^^^^^^^^^^
    |
    = note: this `Result` may be an `Err` variant, which should be handled
    = note: `#[warn(unused_must_use)]` (part of `#[warn(unused)]`) on by default
help: use `let _ = ...` to ignore the resulting value
    |
241 |     let _ = crate::substrate::dim::persist::save(state, &z);
    |     +++++++

warning: `connector-platform` (bin "connector-platform" test) generated 1546 warnings (run `cargo fix --bin "connector-platform" -p connector-platform --tests` to apply 320 suggestions)
    Finished `test` profile [unoptimized + debuginfo] target(s) in 1m 53s
     Running unittests src/main.rs (/tmp/cursor-sandbox-cache/cd5cf6d096f209c3c6a8c06f64a992d6/cargo-target/debug/deps/connector_platform-e4858ba0dc494943)
